{"type":"FeatureCollection","metadata":{"name":"浙江省瑞安市城区 OSM 地理底图样本","selection_bbox":[120.6,27.74,120.7,27.82],"center":[120.6511821,27.7809878],"coordinate_system":"WGS84; GeoJSON longitude,latitude","source":"OpenStreetMap via Overpass API","endpoint":"https://overpass-api.de/api/interpreter","fetched_at":"2026-09-22T12:50:33.483761+00:00","osm_timestamp":"2026-09-22T08:45:51Z","license":"ODbL 1.0","license_url":"https://opendatacommons.org/licenses/odbl/1-0/","attribution":"© OpenStreetMap contributors","attribution_url":"https://www.openstreetmap.org/copyright","feature_count":1461,"kind_counts":{"road":1198,"water":247,"park":6,"place":10},"notes":["Actual OpenStreetMap geographic features, not synthetic geometry.","Selection bbox retrieves complete geometries, including portions outside selected extent; clip rendering to selection_bbox.","Only selected feature categories and map extent; not a complete navigation dataset.","No realtime traffic, flood depth, shelter status, road safety or live closures.","Preserve attribution and ODbL license when distributing the extracted database."],"bounds":[120.6,27.74,120.7,27.82],"sourceTime":"2026-09-22T08:45:51Z"},"features":[{"type":"Feature","id":"node/244081677","properties":{"alt_name:ru":"Руиан","alt_name:vi":"Thuỵ An","capital":"6","gns:ADM1":"02","gns:DSG":"ADM3","gns:UFI":"-1923326","gns:UNI":"9345853","int_name":"Rui'an","name":"瑞安市","name:de":"Rui'an","name:en":"Rui'an","name:fr":"Rui'an","name:hak":"Sui-ôn-sṳ","name:it":"Rui'an","name:ja":"瑞安市","name:ki":"Rui'an","name:ko":"뤼안시","name:nan":"Sūi-an-chhī","name:nl":"Rui'an","name:no":"Rui'an","name:ru":"Жуйань","name:sv":"Rui'an","name:tl":"Rui'an","name:ur":"رویئان","name:vi":"Thụy An","name:war":"Ruian","name:wuu":"瑞安市","name:yue":"瑞安市","name:zh":"瑞安市","name:zh-Hans":"瑞安市","name:zh-Hant":"瑞安市","name:zh-Latn-pinyin":"Ruì'ān Shì","note":"人口为城区人口","place":"city","place:CN":"county-level_city","population":"213600","population:date":"2019-11-01","wikidata":"Q713357","wikipedia":"zh:瑞安市","osm_type":"node","osm_id":244081677,"kind":"place","source_url":"https://www.openstreetmap.org/node/244081677","osmId":"node/244081677","source":"OpenStreetMap"},"geometry":{"type":"Point","coordinates":[120.6511821,27.7809878]}},{"type":"Feature","id":"node/5144881171","properties":{"capital":"8","name":"安阳街道","name:en":"Anyang","name:zh":"安阳街道","name:zh-Hans":"安阳街道","name:zh-Hant":"安陽街道","name:zh-Latn-pinyin":"Ānyáng Jiēdào","place":"suburb","place:CN":"subdistrict","wikidata":"Q10947288","wikipedia":"zh:安阳街道","osm_type":"node","osm_id":5144881171,"kind":"place","source_url":"https://www.openstreetmap.org/node/5144881171","osmId":"node/5144881171","source":"OpenStreetMap"},"geometry":{"type":"Point","coordinates":[120.6359124,27.780392]}},{"type":"Feature","id":"node/7245129298","properties":{"capital":"8","name":"上望街道","name:en":"Shangwang","name:zh":"上望街道","name:zh-Hans":"上望街道","name:zh-Hant":"上望街道","name:zh-Latn-pinyin":"Shàngwàng Jiēdào","place":"suburb","place:CN":"subdistrict","wikidata":"Q10867473","wikipedia":"zh:上望街道","osm_type":"node","osm_id":7245129298,"kind":"place","source_url":"https://www.openstreetmap.org/node/7245129298","osmId":"node/7245129298","source":"OpenStreetMap"},"geometry":{"type":"Point","coordinates":[120.684025,27.7530168]}},{"type":"Feature","id":"node/8402085427","properties":{"capital":"8","name":"飞云街道","name:en":"Feiyun","name:zh":"飞云街道","name:zh-Hans":"飞云街道","name:zh-Hant":"飛雲街道","name:zh-Latn-pinyin":"Fēiyún Jiēdào","place":"suburb","place:CN":"subdistrict","wikidata":"Q14058598","wikipedia":"zh:飞云街道","osm_type":"node","osm_id":8402085427,"kind":"place","source_url":"https://www.openstreetmap.org/node/8402085427","osmId":"node/8402085427","source":"OpenStreetMap"},"geometry":{"type":"Point","coordinates":[120.6159782,27.7643109]}},{"type":"Feature","id":"node/8402085435","properties":{"capital":"8","name":"汀田街道","name:en":"Tingtian","name:zh":"汀田街道","name:zh-Hans":"汀田街道","name:zh-Hant":"汀田街道","name:zh-Latn-pinyin":"Tīngtián Jiēdào","place":"suburb","place:CN":"subdistrict","wikidata":"Q11132952","wikipedia":"zh:汀田街道","osm_type":"node","osm_id":8402085435,"kind":"place","source_url":"https://www.openstreetmap.org/node/8402085435","osmId":"node/8402085435","source":"OpenStreetMap"},"geometry":{"type":"Point","coordinates":[120.6902969,27.8008078]}},{"type":"Feature","id":"node/8402085452","properties":{"capital":"8","name":"莘塍街道","name:en":"Shencheng","name:zh":"莘塍街道","name:zh-Hans":"莘塍街道","name:zh-Hant":"莘塍街道","name:zh-Latn-pinyin":"Shēnchéng Jiēdào","place":"suburb","place:CN":"subdistrict","wikidata":"Q14058261","wikipedia":"zh:莘塍街道","osm_type":"node","osm_id":8402085452,"kind":"place","source_url":"https://www.openstreetmap.org/node/8402085452","osmId":"node/8402085452","source":"OpenStreetMap"},"geometry":{"type":"Point","coordinates":[120.675137,27.7824613]}},{"type":"Feature","id":"node/8402085458","properties":{"capital":"8","name":"东山街道","name:en":"Dongshan","name:zh":"东山街道","name:zh-Hans":"东山街道","name:zh-Hant":"東山街道","name:zh-Latn-pinyin":"Dōngshān Jiēdào","place":"suburb","place:CN":"subdistrict","wikidata":"Q10870112","wikipedia":"zh:东山街道 (瑞安市)","osm_type":"node","osm_id":8402085458,"kind":"place","source_url":"https://www.openstreetmap.org/node/8402085458","osmId":"node/8402085458","source":"OpenStreetMap"},"geometry":{"type":"Point","coordinates":[120.6416201,27.7636843]}},{"type":"Feature","id":"node/8402085477","properties":{"capital":"8","name":"锦湖街道","name:en":"Jinhu","name:zh":"锦湖街道","name:zh-Hans":"锦湖街道","name:zh-Hant":"錦湖街道","name:zh-Latn-pinyin":"Jǐnhú Jiēdào","place":"suburb","place:CN":"subdistrict","wikidata":"Q14057842","wikipedia":"zh:锦湖街道","osm_type":"node","osm_id":8402085477,"kind":"place","source_url":"https://www.openstreetmap.org/node/8402085477","osmId":"node/8402085477","source":"OpenStreetMap"},"geometry":{"type":"Point","coordinates":[120.6308967,27.7910133]}},{"type":"Feature","id":"node/8402085478","properties":{"capital":"8","name":"玉海街道","name:en":"Yuhai","name:zh":"玉海街道","name:zh-Hans":"玉海街道","name:zh-Hant":"玉海街道","name:zh-Latn-pinyin":"Yùhǎi Jiēdào","place":"suburb","place:CN":"subdistrict","wikidata":"Q14057742","wikipedia":"zh:玉海街道","osm_type":"node","osm_id":8402085478,"kind":"place","source_url":"https://www.openstreetmap.org/node/8402085478","osmId":"node/8402085478","source":"OpenStreetMap"},"geometry":{"type":"Point","coordinates":[120.6338471,27.7853326]}},{"type":"Feature","id":"node/9313311524","properties":{"name":"祥星嘉园","place":"neighbourhood","osm_type":"node","osm_id":9313311524,"kind":"place","source_url":"https://www.openstreetmap.org/node/9313311524","osmId":"node/9313311524","source":"OpenStreetMap"},"geometry":{"type":"Point","coordinates":[120.6617528,27.793742]}},{"type":"Feature","id":"way/38757738","properties":{"waterway":"canal","osm_type":"way","osm_id":38757738,"kind":"water","source_url":"https://www.openstreetmap.org/way/38757738","osmId":"way/38757738","source":"OpenStreetMap","name":""},"geometry":{"type":"LineString","coordinates":[[120.650465,27.7784874],[120.6523575,27.7780903],[120.6543553,27.7777863],[120.6553034,27.7776665],[120.655847,27.7776015],[120.6597123,27.7768215],[120.6608333,27.7765953],[120.6619238,27.7764259],[120.6647159,27.7759819],[120.6663819,27.7757301],[120.6703466,27.7750097],[120.6722027,27.7746158],[120.6733829,27.7745019],[120.6740945,27.7744928],[120.6743823,27.7744991],[120.6753704,27.7753254],[120.6761419,27.7763422],[120.6776664,27.7785528],[120.6791841,27.7804535],[120.6811052,27.7828784],[120.6822352,27.7844809],[120.6831097,27.7858441],[120.6837456,27.7870961],[120.6838838,27.7873681],[120.6841009,27.7878699],[120.6849116,27.7893155],[120.6852703,27.7905175],[120.6855538,27.7911668],[120.685662,27.791419],[120.686574,27.7940362],[120.6882477,27.7995456],[120.6889638,27.8019301],[120.6893152,27.8030903],[120.689621,27.80412],[120.6907008,27.8080413],[120.6911364,27.8097072],[120.6915698,27.8123307],[120.6915817,27.8131471],[120.6907019,27.8158516],[120.6893715,27.8195997],[120.6874832,27.8251083],[120.6860483,27.8288248],[120.6825684,27.8391066],[120.6823187,27.8398978],[120.6816825,27.8419138],[120.6794795,27.8488165],[120.6788278,27.850951],[120.6757995,27.8582882],[120.6748661,27.8589996],[120.6738255,27.8593126],[120.6723663,27.8604461],[120.6725916,27.8616175],[120.6734178,27.8622198],[120.6743404,27.8627131],[120.67426,27.8639793],[120.6730101,27.8675076],[120.6712901,27.8723773],[120.6710499,27.8730987],[120.6707474,27.8740075],[120.6701193,27.8758941],[120.6682085,27.8816337],[120.6649914,27.8894986],[120.6645567,27.8929623],[120.6647064,27.8954934],[120.6647535,27.8962897],[120.6644318,27.9013748],[120.6636062,27.9072409],[120.6637039,27.9083102],[120.6654657,27.9125655],[120.6655749,27.9135721],[120.6655583,27.9143538],[120.6655997,27.9149601],[120.6659293,27.9154259]]}},{"type":"Feature","id":"way/55149756","properties":{"boat":"yes","code":"AGD12000","int_name":"Feiyun Jiang","name":"飞云江","name:en":"Feiyun River","name:zh":"飞云江","name:zh-Hant":"飛雲江","name:zh-Latn-pinyin":"fēiyún jiāng","source":"OpenStreetMap","waterway":"river","osm_type":"way","osm_id":55149756,"kind":"water","source_url":"https://www.openstreetmap.org/way/55149756","osmId":"way/55149756"},"geometry":{"type":"LineString","coordinates":[[120.2286311,27.7856365],[120.2333879,27.790719],[120.236907,27.7926742],[120.2407505,27.792138],[120.2428937,27.791839],[120.2508759,27.7905292],[120.2589869,27.7888018],[120.2655744,27.7858404],[120.2701342,27.7838566],[120.2762174,27.7800503],[120.2775049,27.7742788],[120.2793717,27.7715448],[120.2819252,27.7698551],[120.2825261,27.7697559],[120.2880192,27.7688488],[120.2920103,27.7705196],[120.2957439,27.772722],[120.2977977,27.7727716],[120.3035974,27.7729118],[120.3065371,27.7728549],[120.3115797,27.7712031],[120.3165364,27.7711841],[120.3198838,27.7725701],[120.3226948,27.7737472],[120.3252482,27.774051],[120.3288853,27.7730922],[120.3313851,27.7737947],[120.3328335,27.7746205],[120.3338849,27.7753989],[120.3352797,27.7754464],[120.3364813,27.7747629],[120.3374898,27.7745161],[120.3393352,27.7738326],[120.340805,27.7729688],[120.3423285,27.7707854],[120.3439271,27.7688963],[120.3453863,27.7680798],[120.34765,27.767178],[120.3489804,27.7661717],[120.3510618,27.7619945],[120.351963,27.7606653],[120.3559971,27.7577411],[120.3599667,27.7536016],[120.3640437,27.7512279],[120.365932,27.7506772],[120.3671121,27.7506772],[120.3690004,27.7508481],[120.3705454,27.7513419],[120.3715539,27.7517216],[120.3721332,27.7524053],[120.372498,27.7544181],[120.3715968,27.7585766],[120.3715968,27.7610831],[120.3724336,27.7643679],[120.3736138,27.7728833],[120.3741932,27.7748958],[120.375942,27.7784365],[120.3793216,27.7831637],[120.3805983,27.7844356],[120.3823364,27.7845969],[120.3838706,27.7841698],[120.3880977,27.781626],[120.3927111,27.7796326],[120.4008436,27.7760065],[120.4044056,27.7750192],[120.4078388,27.7746965],[120.4108643,27.7749433],[120.4123878,27.7758926],[120.413568,27.7776202],[120.4139918,27.7789349],[120.4145765,27.7806008],[120.4144263,27.7832966],[120.4155206,27.7855936],[120.4176664,27.7866187],[120.4222154,27.7876628],[120.4293823,27.7891814],[120.4355192,27.790292],[120.4426699,27.7902059],[120.4483827,27.7903775],[120.4524453,27.7907287],[120.4551315,27.7911651],[120.4569729,27.791469],[120.4610176,27.7925699],[120.4641826,27.7938987],[120.4665,27.7944017],[120.4685064,27.7943923],[120.4701158,27.7936972],[120.4712744,27.7926174],[120.4763706,27.7840276],[120.4801042,27.7821007],[120.4834275,27.7814812],[120.4873194,27.7811275],[120.4921996,27.7799553],[120.4936909,27.7796017],[120.496581,27.7791512],[120.4983555,27.7788746],[120.501025,27.7794869],[120.5024847,27.7802727],[120.5037519,27.7814906],[120.5043189,27.7821942],[120.504938,27.7839463],[120.5052225,27.7863158],[120.5054665,27.7906405],[120.5064113,27.7948099],[120.5110462,27.8048319],[120.5114021,27.8073036],[120.5110557,27.8101803],[120.509912,27.8137825],[120.5101473,27.8155998],[120.5112121,27.8182577],[120.5129886,27.8200282],[120.5158527,27.8207741],[120.5181398,27.8205938],[120.5207253,27.8190664],[120.5222471,27.817453],[120.5234645,27.8151909],[120.5256214,27.8047638],[120.5267334,27.8016809],[120.5298539,27.7975812],[120.5338396,27.7953318],[120.537997,27.7938987],[120.5418106,27.7941397],[120.5428036,27.7942024],[120.5470951,27.7960247],[120.5485757,27.8005233],[120.5482891,27.803061],[120.5462427,27.8211768],[120.5462368,27.8212295],[120.5590724,27.8314198],[120.571986,27.8391427],[120.5779941,27.8365621],[120.5781658,27.8306419],[120.5726726,27.8131828],[120.5732345,27.8068911],[120.576578,27.8027061],[120.5841739,27.7999728],[120.6009968,27.7981506],[120.6085499,27.7938987],[120.6209095,27.7730923],[120.6239442,27.7685993],[120.6250348,27.7669846],[120.6289387,27.7611305],[120.6382473,27.7474206],[120.6443989,27.7416947],[120.6528385,27.7340506],[120.6629252,27.7261754],[120.663811,27.7254838],[120.69244,27.7029368]]}},{"type":"Feature","id":"way/60989800","properties":{"bridge":"yes","highway":"motorway","lanes":"2","layer":"1","name":"沈海高速","name:en":"Shenhai Expressway","name:zh":"沈海高速","oneway":"yes","ref":"G15","reg_name":"甬台温高速","source":"OpenStreetMap","surface":"asphalt","toll":"yes","osm_type":"way","osm_id":60989800,"kind":"road","source_url":"https://www.openstreetmap.org/way/60989800","osmId":"way/60989800"},"geometry":{"type":"LineString","coordinates":[[120.6011203,27.7826268],[120.601785,27.7831317],[120.6043933,27.785115],[120.6061371,27.7863816],[120.611945,27.7906],[120.6134117,27.7916117],[120.6175963,27.7947004],[120.6199217,27.7964167],[120.6207295,27.7969571]]}},{"type":"Feature","id":"way/61486425","properties":{"highway":"motorway_link","oneway":"yes","source":"OpenStreetMap","osm_type":"way","osm_id":61486425,"kind":"road","source_url":"https://www.openstreetmap.org/way/61486425","osmId":"way/61486425","name":""},"geometry":{"type":"LineString","coordinates":[[120.6002166,27.7820441],[120.599186,27.781309],[120.598916,27.781165],[120.598534,27.781021],[120.598166,27.78097],[120.597781,27.780981],[120.597279,27.781091],[120.5968688,27.7813044],[120.5966049,27.781472],[120.5961272,27.7818226]]}},{"type":"Feature","id":"way/117175295","properties":{"bridge":"yes","highway":"motorway","lanes":"2","layer":"1","name":"沈海高速","name:en":"Shenhai Expressway","name:zh":"沈海高速","oneway":"yes","ref":"G15","reg_name":"甬台温高速","source":"OpenStreetMap","osm_type":"way","osm_id":117175295,"kind":"road","source_url":"https://www.openstreetmap.org/way/117175295","osmId":"way/117175295"},"geometry":{"type":"LineString","coordinates":[[120.6206905,27.79704],[120.6176027,27.7948728],[120.6130372,27.7916267],[120.6092609,27.7888409],[120.6060107,27.7865178],[120.6042652,27.7852499],[120.6010431,27.7827291]]}},{"type":"Feature","id":"way/136063975","properties":{"bridge":"yes","highway":"primary","layer":"1","name":"南川路","oneway":"yes","source":"OpenStreetMap","osm_type":"way","osm_id":136063975,"kind":"road","source_url":"https://www.openstreetmap.org/way/136063975","osmId":"way/136063975"},"geometry":{"type":"LineString","coordinates":[[120.6870192,27.7963869],[120.6876232,27.7955948]]}},{"type":"Feature","id":"way/136063982","properties":{"highway":"primary","oneway":"yes","source":"OpenStreetMap","osm_type":"way","osm_id":136063982,"kind":"road","source_url":"https://www.openstreetmap.org/way/136063982","osmId":"way/136063982","name":""},"geometry":{"type":"LineString","coordinates":[[120.6787511,27.7453938],[120.6761539,27.7436291],[120.6746628,27.7425696],[120.6741378,27.7421271]]}},{"type":"Feature","id":"way/136063986","properties":{"bridge":"yes","highway":"primary","layer":"1","name":"瑞安大桥","oneway":"yes","source":"OpenStreetMap","osm_type":"way","osm_id":136063986,"kind":"road","source_url":"https://www.openstreetmap.org/way/136063986","osmId":"way/136063986"},"geometry":{"type":"LineString","coordinates":[[120.6522639,27.7226288],[120.6661018,27.7348699],[120.6735039,27.7413888]]}},{"type":"Feature","id":"way/136063992","properties":{"highway":"primary","name":"南川路","oneway":"yes","source":"OpenStreetMap","osm_type":"way","osm_id":136063992,"kind":"road","source_url":"https://www.openstreetmap.org/way/136063992","osmId":"way/136063992"},"geometry":{"type":"LineString","coordinates":[[120.6857228,27.8002068],[120.6859256,27.7998941],[120.6860665,27.7997215],[120.6861408,27.7989821],[120.6863003,27.7982023],[120.6867147,27.797095],[120.6870192,27.7963869]]}},{"type":"Feature","id":"way/185137736","properties":{"highway":"motorway","lanes":"2","layer":"-1","name":"沈海高速","name:en":"Shenhai Expressway","name:zh":"沈海高速","oneway":"yes","ref":"G15","reg_name":"甬台温高速","source":"OpenStreetMap","tunnel":"yes","osm_type":"way","osm_id":185137736,"kind":"road","source_url":"https://www.openstreetmap.org/way/185137736","osmId":"way/185137736"},"geometry":{"type":"LineString","coordinates":[[120.6499937,27.824394],[120.6392484,27.8122536]]}},{"type":"Feature","id":"way/185137738","properties":{"highway":"motorway","lanes":"2","name":"沈海高速","name:en":"Shenhai Expressway","name:zh":"沈海高速","oneway":"yes","ref":"G15","reg_name":"甬台温高速","source":"OpenStreetMap","osm_type":"way","osm_id":185137738,"kind":"road","source_url":"https://www.openstreetmap.org/way/185137738","osmId":"way/185137738"},"geometry":{"type":"LineString","coordinates":[[120.63759,27.8105063],[120.6367959,27.8096862],[120.6348037,27.8078355],[120.631542,27.8050494],[120.6308953,27.8045544]]}},{"type":"Feature","id":"way/185137746","properties":{"highway":"motorway","lanes":"2","layer":"-1","name":"沈海高速","name:en":"Shenhai Expressway","name:zh":"沈海高速","oneway":"yes","ref":"G15","reg_name":"甬台温高速","source":"OpenStreetMap","surface":"asphalt","toll":"yes","tunnel":"yes","osm_type":"way","osm_id":185137746,"kind":"road","source_url":"https://www.openstreetmap.org/way/185137746","osmId":"way/185137746"},"geometry":{"type":"LineString","coordinates":[[120.639622,27.8120807],[120.641225,27.81381],[120.6503725,27.8241421]]}},{"type":"Feature","id":"way/207218666","properties":{"bridge":"yes","highway":"trunk","layer":"1","name":"飞云江大桥","oneway":"yes","ref":"G104","source":"OpenStreetMap","osm_type":"way","osm_id":207218666,"kind":"road","source_url":"https://www.openstreetmap.org/way/207218666","osmId":"way/207218666"},"geometry":{"type":"LineString","coordinates":[[120.6320035,27.7705639],[120.6316156,27.7703865],[120.620283,27.7652052],[120.61927,27.7647008],[120.6188663,27.7644997],[120.6147681,27.7625211]]}},{"type":"Feature","id":"way/229536118","properties":{"highway":"primary","lanes":"2","name":"塘下大道","oneway":"yes","source":"OpenStreetMap","osm_type":"way","osm_id":229536118,"kind":"road","source_url":"https://www.openstreetmap.org/way/229536118","osmId":"way/229536118"},"geometry":{"type":"LineString","coordinates":[[120.6925276,27.8154112],[120.6926446,27.8165217],[120.6926537,27.8166242],[120.6928195,27.8190792],[120.6928637,27.8198559],[120.6931133,27.8228903],[120.6932857,27.8256038],[120.6933393,27.8299147],[120.6933409,27.8300408],[120.6933978,27.8308303],[120.6936366,27.8341402]]}},{"type":"Feature","id":"way/234310220","properties":{"highway":"unclassified","osm_type":"way","osm_id":234310220,"kind":"road","source_url":"https://www.openstreetmap.org/way/234310220","osmId":"way/234310220","source":"OpenStreetMap","name":""},"geometry":{"type":"LineString","coordinates":[[120.6966373,27.8112731],[120.6950749,27.8121515],[120.6930059,27.8133345],[120.6926784,27.8137113],[120.6925285,27.8139347],[120.6922214,27.8143273],[120.6921483,27.814392]]}},{"type":"Feature","id":"way/234310230","properties":{"highway":"tertiary","osm_type":"way","osm_id":234310230,"kind":"road","source_url":"https://www.openstreetmap.org/way/234310230","osmId":"way/234310230","source":"OpenStreetMap","name":""},"geometry":{"type":"LineString","coordinates":[[120.7031746,27.8063223],[120.7024984,27.8055667],[120.7001907,27.8030645],[120.6976351,27.8002935],[120.6967959,27.7994365],[120.6950531,27.7975458],[120.6940789,27.7964733]]}},{"type":"Feature","id":"way/234310231","properties":{"highway":"secondary","osm_type":"way","osm_id":234310231,"kind":"road","source_url":"https://www.openstreetmap.org/way/234310231","osmId":"way/234310231","source":"OpenStreetMap","name":""},"geometry":{"type":"LineString","coordinates":[[120.690785,27.807209],[120.6911853,27.807056],[120.6933283,27.805653],[120.6934954,27.805536],[120.6954543,27.8041648]]}},{"type":"Feature","id":"way/234310235","properties":{"highway":"tertiary","osm_type":"way","osm_id":234310235,"kind":"road","source_url":"https://www.openstreetmap.org/way/234310235","osmId":"way/234310235","source":"OpenStreetMap","name":""},"geometry":{"type":"LineString","coordinates":[[120.6954543,27.8041648],[120.6959698,27.8056146],[120.6959979,27.8056659],[120.6962138,27.8060596],[120.6971105,27.8072394],[120.6973457,27.8074676],[120.6975978,27.8075495],[120.6983467,27.8079448],[120.699557,27.8096315],[120.700597,27.8110004],[120.7011978,27.8119731]]}},{"type":"Feature","id":"way/255688237","properties":{"highway":"secondary","name":"瑞南大道","oneway":"yes","osm_type":"way","osm_id":255688237,"kind":"road","source_url":"https://www.openstreetmap.org/way/255688237","osmId":"way/255688237","source":"OpenStreetMap"},"geometry":{"type":"LineString","coordinates":[[120.608744,27.7692999],[120.6086811,27.769441],[120.6073934,27.7719853],[120.6059448,27.7739389],[120.6054956,27.7745813],[120.6052778,27.7748928],[120.604461,27.7760206],[120.6039824,27.7767835],[120.6034998,27.7776193],[120.6031574,27.7782654],[120.6028336,27.7792501],[120.602499,27.7801619],[120.6020518,27.7807509]]}},{"type":"Feature","id":"way/277621398","properties":{"waterway":"canal","osm_type":"way","osm_id":277621398,"kind":"water","source_url":"https://www.openstreetmap.org/way/277621398","osmId":"way/277621398","source":"OpenStreetMap","name":""},"geometry":{"type":"LineString","coordinates":[[120.6319075,27.7985057],[120.6317818,27.7979132],[120.6317703,27.7970207],[120.6316262,27.7944206],[120.6314653,27.7933671],[120.6316155,27.7922281],[120.6314055,27.7897599],[120.6308691,27.7879993],[120.6305802,27.786258]]}},{"type":"Feature","id":"way/277621399","properties":{"highway":"motorway_link","oneway":"yes","osm_type":"way","osm_id":277621399,"kind":"road","source_url":"https://www.openstreetmap.org/way/277621399","osmId":"way/277621399","source":"OpenStreetMap","name":""},"geometry":{"type":"LineString","coordinates":[[120.6310289,27.8024983],[120.6307398,27.802574],[120.6305498,27.8026456],[120.6303786,27.8027916],[120.6303007,27.8029266],[120.6302384,27.8031111],[120.6302447,27.8032709],[120.6302883,27.803494],[120.6304284,27.8037281],[120.6306184,27.8040146],[120.6309453,27.8044195]]}},{"type":"Feature","id":"way/277621400","properties":{"waterway":"canal","osm_type":"way","osm_id":277621400,"kind":"water","source_url":"https://www.openstreetmap.org/way/277621400","osmId":"way/277621400","source":"OpenStreetMap","name":""},"geometry":{"type":"LineString","coordinates":[[120.621299,27.7930155],[120.6204836,27.7917626],[120.6216852,27.7907755],[120.6220285,27.7905478],[120.6225757,27.7906636],[120.6229727,27.7904339],[120.6260572,27.7903123]]}},{"type":"Feature","id":"way/277621401","properties":{"bridge":"yes","highway":"primary_link","layer":"1","oneway":"yes","osm_type":"way","osm_id":277621401,"kind":"road","source_url":"https://www.openstreetmap.org/way/277621401","osmId":"way/277621401","source":"OpenStreetMap","name":""},"geometry":{"type":"LineString","coordinates":[[120.6361654,27.8028722],[120.6364182,27.8027036],[120.6364977,27.8026065]]}},{"type":"Feature","id":"way/277621402","properties":{"highway":"primary","oneway":"yes","osm_type":"way","osm_id":277621402,"kind":"road","source_url":"https://www.openstreetmap.org/way/277621402","osmId":"way/277621402","source":"OpenStreetMap","name":""},"geometry":{"type":"LineString","coordinates":[[120.5973445,27.8027484],[120.5977196,27.8027105],[120.5982484,27.8027842],[120.5984812,27.8028177],[120.5994052,27.8029866],[120.5999083,27.8030653],[120.6003049,27.803105],[120.6007127,27.8030703],[120.6016033,27.8029377],[120.6031572,27.8026428],[120.6040317,27.8025026],[120.6045974,27.8024288]]}},{"type":"Feature","id":"way/277621403","properties":{"highway":"secondary","name":"邮电北路","osm_type":"way","osm_id":277621403,"kind":"road","source_url":"https://www.openstreetmap.org/way/277621403","osmId":"way/277621403","source":"OpenStreetMap"},"geometry":{"type":"LineString","coordinates":[[120.6267911,27.7917811],[120.6267532,27.7916712],[120.6266395,27.7904798],[120.6266272,27.7903506],[120.626551,27.7895521],[120.6262879,27.7878902],[120.6259936,27.7867895],[120.6258702,27.7864479],[120.6255553,27.7854845],[120.6253587,27.7848831],[120.6250264,27.7836097]]}},{"type":"Feature","id":"way/277621404","properties":{"highway":"motorway_link","oneway":"yes","osm_type":"way","osm_id":277621404,"kind":"road","source_url":"https://www.openstreetmap.org/way/277621404","osmId":"way/277621404","source":"OpenStreetMap","name":""},"geometry":{"type":"LineString","coordinates":[[120.6290789,27.8032045],[120.6284136,27.8028435],[120.6275858,27.8023372]]}},{"type":"Feature","id":"way/277621405","properties":{"highway":"primary_link","oneway":"yes","osm_type":"way","osm_id":277621405,"kind":"road","source_url":"https://www.openstreetmap.org/way/277621405","osmId":"way/277621405","source":"OpenStreetMap","name":""},"geometry":{"type":"LineString","coordinates":[[120.6378634,27.8018812],[120.6381974,27.8019797],[120.6390627,27.8025214],[120.6393173,27.8026256],[120.6395911,27.8026509],[120.6397502,27.8026565],[120.6399475,27.8026058],[120.6400398,27.8025411],[120.6401257,27.8024341],[120.6401321,27.8023131],[120.6400653,27.8022061],[120.6399443,27.8021075],[120.6397502,27.8020034],[120.6395024,27.8019749]]}},{"type":"Feature","id":"way/277621409","properties":{"highway":"primary","name":"瑞枫大道","oneway":"yes","osm_type":"way","osm_id":277621409,"kind":"road","source_url":"https://www.openstreetmap.org/way/277621409","osmId":"way/277621409","source":"OpenStreetMap"},"geometry":{"type":"LineString","coordinates":[[120.6714416,27.7973765],[120.6710064,27.7973817],[120.6704861,27.7973533],[120.669629,27.7972489],[120.6675098,27.796729],[120.6669684,27.7966445],[120.666427,27.7966061],[120.6658596,27.7966394],[120.665295,27.7967187],[120.6647913,27.7968417],[120.6643165,27.79698],[120.6637577,27.7972438],[120.663433,27.7974098],[120.6633321,27.7974614],[120.6629529,27.7976919],[120.662675,27.7979173],[120.6623275,27.7981837],[120.6617312,27.7987343],[120.6612129,27.7991773],[120.6605615,27.7996537],[120.6600862,27.799908],[120.659858,27.8000301],[120.6594006,27.8002427],[120.6586565,27.8004988],[120.6581929,27.8006089],[120.6578363,27.8006897],[120.6570649,27.8007872],[120.6542047,27.8006736],[120.6530349,27.8006271],[120.6520817,27.8006538],[120.6496446,27.800722],[120.6416243,27.8016795],[120.6399457,27.8018798],[120.6395024,27.8019749],[120.6388367,27.8021343]]}},{"type":"Feature","id":"way/277621411","properties":{"highway":"secondary","lanes":"2","name":"瑞湖路","oneway":"yes","osm_type":"way","osm_id":277621411,"kind":"road","source_url":"https://www.openstreetmap.org/way/277621411","osmId":"way/277621411","source":"OpenStreetMap"},"geometry":{"type":"LineString","coordinates":[[120.6394703,27.7841888],[120.6384659,27.786315],[120.638144,27.7866567],[120.6369826,27.7874009],[120.6350751,27.7886232],[120.6341743,27.7892004],[120.6318556,27.7902286],[120.6317478,27.7902841],[120.6310085,27.790543],[120.6299215,27.7909562],[120.628644,27.7914669],[120.6267911,27.7917811],[120.6256635,27.7919229],[120.6235099,27.7922706],[120.6222033,27.7924951],[120.6206075,27.7928017],[120.6161301,27.7934836]]}},{"type":"Feature","id":"way/277621413","properties":{"highway":"tertiary","osm_type":"way","osm_id":277621413,"kind":"road","source_url":"https://www.openstreetmap.org/way/277621413","osmId":"way/277621413","source":"OpenStreetMap","name":""},"geometry":{"type":"LineString","coordinates":[[120.6273106,27.8005155],[120.6265461,27.7992799],[120.6252901,27.7966221],[120.6235099,27.7922706],[120.6234954,27.7921814],[120.6229844,27.7908612]]}},{"type":"Feature","id":"way/277621417","properties":{"waterway":"canal","osm_type":"way","osm_id":277621417,"kind":"water","source_url":"https://www.openstreetmap.org/way/277621417","osmId":"way/277621417","source":"OpenStreetMap","name":""},"geometry":{"type":"LineString","coordinates":[[120.6216691,27.7936893],[120.621299,27.7930155],[120.6190137,27.7936704],[120.6177155,27.7941544],[120.6157102,27.7948657],[120.6155163,27.794839],[120.6142063,27.7953536],[120.6136139,27.7958969]]}},{"type":"Feature","id":"way/277621422","properties":{"highway":"primary","oneway":"yes","osm_type":"way","osm_id":277621422,"kind":"road","source_url":"https://www.openstreetmap.org/way/277621422","osmId":"way/277621422","source":"OpenStreetMap","name":""},"geometry":{"type":"LineString","coordinates":[[120.6416243,27.8016795],[120.6413129,27.8017697],[120.6411028,27.8018739],[120.6408355,27.8020287],[120.6404631,27.8023666],[120.6402371,27.8025439],[120.6399475,27.802665],[120.6396833,27.8027044],[120.6394542,27.8026903],[120.6392091,27.8026368],[120.6389131,27.8024876],[120.6386235,27.8023046],[120.6384204,27.8021811],[120.6381557,27.8020062],[120.6378692,27.8019555],[120.6374555,27.8019752],[120.6342259,27.8022305],[120.6335609,27.8022929],[120.6334261,27.8023037],[120.6318445,27.8024713]]}},{"type":"Feature","id":"way/277621424","properties":{"highway":"primary","oneway":"yes","osm_type":"way","osm_id":277621424,"kind":"road","source_url":"https://www.openstreetmap.org/way/277621424","osmId":"way/277621424","source":"OpenStreetMap","name":""},"geometry":{"type":"LineString","coordinates":[[120.6318177,27.8023071],[120.6326668,27.8022473],[120.6334247,27.8021939],[120.6335414,27.8021857],[120.6350991,27.8020759],[120.6372708,27.8019229],[120.6378634,27.8018812],[120.6393555,27.8017782],[120.6401257,27.8016993],[120.6405111,27.8016859]]}},{"type":"Feature","id":"way/277621427","properties":{"highway":"secondary","oneway":"yes","osm_type":"way","osm_id":277621427,"kind":"road","source_url":"https://www.openstreetmap.org/way/277621427","osmId":"way/277621427","source":"OpenStreetMap","name":""},"geometry":{"type":"LineString","coordinates":[[120.6281323,27.7773809],[120.629228,27.7772789],[120.6296356,27.7772409],[120.6299682,27.7771839],[120.6303222,27.777108],[120.6307551,27.7769558],[120.6311054,27.7768327],[120.6313629,27.7767852],[120.6315989,27.7767757],[120.6321656,27.7768162],[120.6322641,27.7768232],[120.6336911,27.7769181],[120.6339593,27.7767757],[120.6343241,27.7765764],[120.6346137,27.7763771],[120.6348712,27.7761777],[120.6352575,27.7757411],[120.6354613,27.7754753],[120.6356008,27.7751905],[120.6356743,27.7749897],[120.6358224,27.7744187],[120.6359044,27.7742336],[120.6359999,27.77404],[120.6365895,27.7733337],[120.6367263,27.7731215],[120.6368517,27.7728853]]}},{"type":"Feature","id":"way/277621433","properties":{"highway":"tertiary","osm_type":"way","osm_id":277621433,"kind":"road","source_url":"https://www.openstreetmap.org/way/277621433","osmId":"way/277621433","source":"OpenStreetMap","name":""},"geometry":{"type":"LineString","coordinates":[[120.6262879,27.7878902],[120.6250651,27.7882989],[120.6243723,27.7885304],[120.6236057,27.7887843],[120.6227672,27.7888122],[120.6225221,27.7888203],[120.6223131,27.7889867],[120.6220929,27.789162],[120.6223719,27.7896176]]}},{"type":"Feature","id":"way/277621435","properties":{"highway":"tertiary","name":"沿江西路","osm_type":"way","osm_id":277621435,"kind":"road","source_url":"https://www.openstreetmap.org/way/277621435","osmId":"way/277621435","source":"OpenStreetMap"},"geometry":{"type":"LineString","coordinates":[[120.6197969,27.7854413],[120.6189923,27.7875314],[120.6188271,27.7881237],[120.6182885,27.7900547],[120.6177692,27.7919164],[120.6170542,27.7925628]]}},{"type":"Feature","id":"way/277621441","properties":{"highway":"motorway_link","oneway":"yes","osm_type":"way","osm_id":277621441,"kind":"road","source_url":"https://www.openstreetmap.org/way/277621441","osmId":"way/277621441","source":"OpenStreetMap","name":""},"geometry":{"type":"LineString","coordinates":[[120.6318445,27.8024713],[120.6310289,27.8024983],[120.6302327,27.8025413]]}},{"type":"Feature","id":"way/277621443","properties":{"waterway":"canal","osm_type":"way","osm_id":277621443,"kind":"water","source_url":"https://www.openstreetmap.org/way/277621443","osmId":"way/277621443","source":"OpenStreetMap","name":""},"geometry":{"type":"LineString","coordinates":[[120.6276217,27.8003926],[120.6277156,27.7989382],[120.6274359,27.7968688],[120.6269638,27.7926738],[120.6269002,27.791018],[120.6268082,27.7901349]]}},{"type":"Feature","id":"way/277621451","properties":{"bridge":"yes","highway":"motorway_link","layer":"1","oneway":"yes","osm_type":"way","osm_id":277621451,"kind":"road","source_url":"https://www.openstreetmap.org/way/277621451","osmId":"way/277621451","source":"OpenStreetMap","name":""},"geometry":{"type":"LineString","coordinates":[[120.6252374,27.8002553],[120.6273398,27.8015764],[120.6276815,27.8018196]]}},{"type":"Feature","id":"way/277621455","properties":{"cycleway:both":"track","cycleway:both:segregated":"no","highway":"tertiary","lanes":"2","lit":"no","name":"解放中路","sidewalk":"both","surface":"concrete","osm_type":"way","osm_id":277621455,"kind":"road","source_url":"https://www.openstreetmap.org/way/277621455","osmId":"way/277621455","source":"OpenStreetMap"},"geometry":{"type":"LineString","coordinates":[[120.6209501,27.7818167],[120.6211598,27.7820108],[120.6212797,27.7821744],[120.6214602,27.7824522],[120.6217531,27.7829861],[120.622042,27.7837012],[120.622186,27.7840307],[120.6224639,27.7840786],[120.6229501,27.7840334],[120.6230755,27.7840217],[120.6236969,27.7839035],[120.6242234,27.7838034],[120.6250264,27.7836097]]}},{"type":"Feature","id":"way/277622191","properties":{"highway":"trunk","lanes":"2","oneway":"yes","ref":"G104","osm_type":"way","osm_id":277622191,"kind":"road","source_url":"https://www.openstreetmap.org/way/277622191","osmId":"way/277622191","source":"OpenStreetMap","name":""},"geometry":{"type":"LineString","coordinates":[[120.647423,27.7837291],[120.6477746,27.7840047],[120.6480028,27.7842523]]}},{"type":"Feature","id":"way/277640625","properties":{"highway":"tertiary","osm_type":"way","osm_id":277640625,"kind":"road","source_url":"https://www.openstreetmap.org/way/277640625","osmId":"way/277640625","source":"OpenStreetMap","name":""},"geometry":{"type":"LineString","coordinates":[[120.6971105,27.8072394],[120.6954549,27.8088675],[120.6952695,27.8090499],[120.6951617,27.8091559],[120.692812,27.8107121],[120.6917982,27.8114097],[120.6911651,27.8115804],[120.6908121,27.8114811]]}},{"type":"Feature","id":"way/277640656","properties":{"highway":"secondary_link","osm_type":"way","osm_id":277640656,"kind":"road","source_url":"https://www.openstreetmap.org/way/277640656","osmId":"way/277640656","source":"OpenStreetMap","name":""},"geometry":{"type":"LineString","coordinates":[[120.6718397,27.7652163],[120.6717367,27.7652719]]}},{"type":"Feature","id":"way/277640669","properties":{"highway":"unclassified","osm_type":"way","osm_id":277640669,"kind":"road","source_url":"https://www.openstreetmap.org/way/277640669","osmId":"way/277640669","source":"OpenStreetMap","name":""},"geometry":{"type":"LineString","coordinates":[[120.6926382,27.8198681],[120.6928637,27.8198559],[120.6931373,27.8199674],[120.6932634,27.8204418],[120.6975496,27.8187955]]}},{"type":"Feature","id":"way/277640685","properties":{"highway":"unclassified","osm_type":"way","osm_id":277640685,"kind":"road","source_url":"https://www.openstreetmap.org/way/277640685","osmId":"way/277640685","source":"OpenStreetMap","name":""},"geometry":{"type":"LineString","coordinates":[[120.6983467,27.8079448],[120.6994432,27.8072659],[120.7024984,27.8055667]]}},{"type":"Feature","id":"way/277640714","properties":{"waterway":"canal","osm_type":"way","osm_id":277640714,"kind":"water","source_url":"https://www.openstreetmap.org/way/277640714","osmId":"way/277640714","source":"OpenStreetMap","name":""},"geometry":{"type":"LineString","coordinates":[[120.699831,27.8081364],[120.6946949,27.811068],[120.6925117,27.8124962],[120.6918848,27.8127225],[120.6915817,27.8131471]]}},{"type":"Feature","id":"way/303715122","properties":{"highway":"unclassified","osm_type":"way","osm_id":303715122,"kind":"road","source_url":"https://www.openstreetmap.org/way/303715122","osmId":"way/303715122","source":"OpenStreetMap","name":""},"geometry":{"type":"LineString","coordinates":[[120.6135642,27.7607057],[120.6137788,27.7604588]]}},{"type":"Feature","id":"way/303715123","properties":{"highway":"secondary","name":"孙鳌路","oneway":"yes","osm_type":"way","osm_id":303715123,"kind":"road","source_url":"https://www.openstreetmap.org/way/303715123","osmId":"way/303715123","source":"OpenStreetMap"},"geometry":{"type":"LineString","coordinates":[[120.6157808,27.7615807],[120.6157717,27.7615246],[120.6157985,27.7614463],[120.6163645,27.7606227],[120.6165038,27.7604638],[120.6167185,27.7602192],[120.6168634,27.7600008],[120.6169814,27.7597397],[120.6173016,27.7589295],[120.6174937,27.758617],[120.6175386,27.7585484]]}},{"type":"Feature","id":"way/303715124","properties":{"highway":"secondary","name":"飞云西路","osm_type":"way","osm_id":303715124,"kind":"road","source_url":"https://www.openstreetmap.org/way/303715124","osmId":"way/303715124","source":"OpenStreetMap"},"geometry":{"type":"LineString","coordinates":[[120.615205,27.7728828],[120.6150487,27.7736101],[120.6143255,27.7747542],[120.614133,27.775016],[120.6138285,27.77543],[120.6135972,27.7757446],[120.6124967,27.7771211],[120.612368,27.7772821],[120.6117135,27.7781656],[120.6112921,27.7787812],[120.6107605,27.7795567],[120.6097127,27.7808523],[120.6089665,27.7818064],[120.6081436,27.7827832],[120.6079187,27.7829166],[120.6077041,27.7829753],[120.6069911,27.7831901]]}},{"type":"Feature","id":"way/303715125","properties":{"bridge":"yes","highway":"secondary","layer":"1","name":"孙鳌路","oneway":"yes","osm_type":"way","osm_id":303715125,"kind":"road","source_url":"https://www.openstreetmap.org/way/303715125","osmId":"way/303715125","source":"OpenStreetMap"},"geometry":{"type":"LineString","coordinates":[[120.6175386,27.7585484],[120.6178462,27.7582382]]}},{"type":"Feature","id":"way/303715126","properties":{"highway":"secondary","osm_type":"way","osm_id":303715126,"kind":"road","source_url":"https://www.openstreetmap.org/way/303715126","osmId":"way/303715126","source":"OpenStreetMap","name":""},"geometry":{"type":"LineString","coordinates":[[120.6118536,27.7588201],[120.6118579,27.7588232],[120.6126757,27.7594984],[120.6135304,27.7602658],[120.6137788,27.7604588],[120.6145771,27.761079],[120.6146869,27.7611643],[120.6155759,27.7618702],[120.6159863,27.762201],[120.6161982,27.7624146],[120.6163441,27.7626155],[120.6164299,27.7627854],[120.6164932,27.7629107],[120.616579,27.7631646],[120.6166311,27.763591],[120.61658,27.7640401],[120.6164353,27.7650246],[120.6162309,27.7662842],[120.6162046,27.7664462],[120.616092,27.7671226],[120.6160276,27.7673956],[120.6159621,27.767534],[120.6158253,27.7676907],[120.6154472,27.768023],[120.6153517,27.7681527],[120.6152605,27.768314],[120.6152447,27.7684172],[120.615231,27.7685063],[120.6152272,27.768621]]}},{"type":"Feature","id":"way/303715127","properties":{"highway":"secondary","osm_type":"way","osm_id":303715127,"kind":"road","source_url":"https://www.openstreetmap.org/way/303715127","osmId":"way/303715127","source":"OpenStreetMap","name":""},"geometry":{"type":"LineString","coordinates":[[120.614075,27.761906],[120.6139181,27.7617098],[120.6138899,27.7616044],[120.6139006,27.7614383],[120.6140481,27.7613101],[120.6143126,27.7612018],[120.6146869,27.7611643]]}},{"type":"Feature","id":"way/303715128","properties":{"bridge":"yes","highway":"secondary","layer":"1","osm_type":"way","osm_id":303715128,"kind":"road","source_url":"https://www.openstreetmap.org/way/303715128","osmId":"way/303715128","source":"OpenStreetMap","name":""},"geometry":{"type":"LineString","coordinates":[[120.6152272,27.768621],[120.6152283,27.7688599]]}},{"type":"Feature","id":"way/303715129","properties":{"highway":"secondary","name":"孙鳌路","oneway":"yes","osm_type":"way","osm_id":303715129,"kind":"road","source_url":"https://www.openstreetmap.org/way/303715129","osmId":"way/303715129","source":"OpenStreetMap"},"geometry":{"type":"LineString","coordinates":[[120.6176065,27.7586347],[120.6175974,27.7586429],[120.6174078,27.7589422],[120.6170743,27.759764],[120.6169933,27.7599586],[120.6169234,27.7601115],[120.6168188,27.7602326],[120.6165824,27.7605065],[120.6164288,27.7606844],[120.6163012,27.7608758],[120.6160395,27.761269],[120.6159595,27.7613893],[120.6158827,27.7614953],[120.6157808,27.7615807]]}},{"type":"Feature","id":"way/303715131","properties":{"highway":"secondary","osm_type":"way","osm_id":303715131,"kind":"road","source_url":"https://www.openstreetmap.org/way/303715131","osmId":"way/303715131","source":"OpenStreetMap","name":""},"geometry":{"type":"LineString","coordinates":[[120.6155759,27.7618702],[120.6157808,27.7615807]]}},{"type":"Feature","id":"way/303715132","properties":{"highway":"secondary","name":"孙鳌路","oneway":"yes","osm_type":"way","osm_id":303715132,"kind":"road","source_url":"https://www.openstreetmap.org/way/303715132","osmId":"way/303715132","source":"OpenStreetMap"},"geometry":{"type":"LineString","coordinates":[[120.6178462,27.7582382],[120.6180727,27.7579897],[120.6185463,27.7569523],[120.6192643,27.7563967],[120.6194956,27.7562958]]}},{"type":"Feature","id":"way/303716116","properties":{"highway":"unclassified","osm_type":"way","osm_id":303716116,"kind":"road","source_url":"https://www.openstreetmap.org/way/303716116","osmId":"way/303716116","source":"OpenStreetMap","name":""},"geometry":{"type":"LineString","coordinates":[[120.6174438,27.7609213],[120.6174172,27.7609857],[120.6173918,27.761095],[120.6173864,27.7611994],[120.6173998,27.7612611],[120.6174615,27.7613157],[120.6175027,27.7615502],[120.6175654,27.7619078],[120.6176181,27.7620424],[120.6178713,27.7630733],[120.6178713,27.7631886],[120.6178497,27.7632595],[120.617793,27.7633814]]}},{"type":"Feature","id":"way/303716117","properties":{"highway":"unclassified","osm_type":"way","osm_id":303716117,"kind":"road","source_url":"https://www.openstreetmap.org/way/303716117","osmId":"way/303716117","source":"OpenStreetMap","name":""},"geometry":{"type":"LineString","coordinates":[[120.6195563,27.7641523],[120.6194206,27.764093],[120.618033,27.7634863],[120.617793,27.7633814],[120.6164299,27.7627854]]}},{"type":"Feature","id":"way/303716118","properties":{"highway":"unclassified","osm_type":"way","osm_id":303716118,"kind":"road","source_url":"https://www.openstreetmap.org/way/303716118","osmId":"way/303716118","source":"OpenStreetMap","name":""},"geometry":{"type":"LineString","coordinates":[[120.6172939,27.7608491],[120.6179114,27.7598292],[120.6180223,27.759646]]}},{"type":"Feature","id":"way/303716119","properties":{"highway":"unclassified","osm_type":"way","osm_id":303716119,"kind":"road","source_url":"https://www.openstreetmap.org/way/303716119","osmId":"way/303716119","source":"OpenStreetMap","name":""},"geometry":{"type":"LineString","coordinates":[[120.619441,27.7634328],[120.6195479,27.7632158],[120.6196348,27.7630304]]}},{"type":"Feature","id":"way/303716120","properties":{"highway":"unclassified","osm_type":"way","osm_id":303716120,"kind":"road","source_url":"https://www.openstreetmap.org/way/303716120","osmId":"way/303716120","source":"OpenStreetMap","name":""},"geometry":{"type":"LineString","coordinates":[[120.6177329,27.7610595],[120.6182225,27.7602372]]}},{"type":"Feature","id":"way/303716121","properties":{"highway":"unclassified","osm_type":"way","osm_id":303716121,"kind":"road","source_url":"https://www.openstreetmap.org/way/303716121","osmId":"way/303716121","source":"OpenStreetMap","name":""},"geometry":{"type":"LineString","coordinates":[[120.6194206,27.764093],[120.6198706,27.7631449],[120.6200301,27.7626968],[120.6200031,27.7625353],[120.6196119,27.7619947],[120.6192317,27.7617833],[120.6191203,27.7617182],[120.6182058,27.761284],[120.6177329,27.7610595],[120.6175876,27.7609906],[120.6174438,27.7609213],[120.6172939,27.7608491],[120.6171518,27.7607807],[120.6165824,27.7605065],[120.6165038,27.7604638],[120.6157071,27.7599296],[120.6150405,27.7594327],[120.6137573,27.7584942],[120.6135294,27.7583275]]}},{"type":"Feature","id":"way/303716122","properties":{"highway":"unclassified","osm_type":"way","osm_id":303716122,"kind":"road","source_url":"https://www.openstreetmap.org/way/303716122","osmId":"way/303716122","source":"OpenStreetMap","name":""},"geometry":{"type":"LineString","coordinates":[[120.617927,27.7617509],[120.6182058,27.761284]]}},{"type":"Feature","id":"way/303716123","properties":{"highway":"unclassified","osm_type":"way","osm_id":303716123,"kind":"road","source_url":"https://www.openstreetmap.org/way/303716123","osmId":"way/303716123","source":"OpenStreetMap","name":""},"geometry":{"type":"LineString","coordinates":[[120.618033,27.7634863],[120.6184815,27.7627569],[120.6186193,27.7625328],[120.6188358,27.7621807],[120.6191203,27.7617182],[120.6192301,27.7615396],[120.6193341,27.7613705]]}},{"type":"Feature","id":"way/303716124","properties":{"highway":"unclassified","osm_type":"way","osm_id":303716124,"kind":"road","source_url":"https://www.openstreetmap.org/way/303716124","osmId":"way/303716124","source":"OpenStreetMap","name":""},"geometry":{"type":"LineString","coordinates":[[120.6161982,27.7624146],[120.6166828,27.7615842],[120.6171518,27.7607807]]}},{"type":"Feature","id":"way/303716125","properties":{"highway":"unclassified","osm_type":"way","osm_id":303716125,"kind":"road","source_url":"https://www.openstreetmap.org/way/303716125","osmId":"way/303716125","source":"OpenStreetMap","name":""},"geometry":{"type":"LineString","coordinates":[[120.6195479,27.7632158],[120.6187983,27.7629122],[120.6184815,27.7627569]]}},{"type":"Feature","id":"way/303716126","properties":{"highway":"unclassified","osm_type":"way","osm_id":303716126,"kind":"road","source_url":"https://www.openstreetmap.org/way/303716126","osmId":"way/303716126","source":"OpenStreetMap","name":""},"geometry":{"type":"LineString","coordinates":[[120.6118579,27.7588232],[120.6120832,27.7585859],[120.6135316,27.7570573],[120.6148812,27.7574326],[120.6153999,27.7575885],[120.6156644,27.7577032],[120.6161418,27.7579857],[120.6164878,27.7582397],[120.6165495,27.7583109],[120.6165345,27.7584145],[120.6164718,27.7585387],[120.6164208,27.7586123],[120.6161805,27.7591052],[120.6157851,27.7598014],[120.6157071,27.7599296],[120.6145771,27.761079]]}},{"type":"Feature","id":"way/303716127","properties":{"highway":"unclassified","osm_type":"way","osm_id":303716127,"kind":"road","source_url":"https://www.openstreetmap.org/way/303716127","osmId":"way/303716127","source":"OpenStreetMap","name":""},"geometry":{"type":"LineString","coordinates":[[120.6175027,27.7615502],[120.617927,27.7617509],[120.6188358,27.7621807]]}},{"type":"Feature","id":"way/303716128","properties":{"highway":"unclassified","osm_type":"way","osm_id":303716128,"kind":"road","source_url":"https://www.openstreetmap.org/way/303716128","osmId":"way/303716128","source":"OpenStreetMap","name":""},"geometry":{"type":"LineString","coordinates":[[120.6160395,27.761269],[120.6166828,27.7615842],[120.6176181,27.7620424],[120.6186193,27.7625328],[120.6196348,27.7630304],[120.6198706,27.7631449],[120.6200472,27.7632305]]}},{"type":"Feature","id":"way/329395765","properties":{"source":"OpenStreetMap","waterway":"river","osm_type":"way","osm_id":329395765,"kind":"water","source_url":"https://www.openstreetmap.org/way/329395765","osmId":"way/329395765","name":""},"geometry":{"type":"LineString","coordinates":[[120.5881075,27.7909391],[120.5885446,27.7911319],[120.5888987,27.7914119],[120.5891696,27.7914641],[120.5895413,27.7915834],[120.5910034,27.7898305],[120.5918492,27.7889908],[120.5925051,27.7884157],[120.5927629,27.7881714],[120.5932206,27.7877375],[120.5937577,27.787338],[120.5948562,27.7865211],[120.5957711,27.7858836],[120.597105,27.7852144],[120.5976366,27.7849792],[120.5985834,27.7844299],[120.6001462,27.7835232],[120.6018328,27.7824967],[120.6022315,27.7823294],[120.6025586,27.7820807],[120.6027592,27.7818866],[120.6033522,27.781812],[120.6039948,27.781425],[120.6043781,27.7804799],[120.6052624,27.7798197],[120.6054106,27.7795981],[120.605615,27.7794127],[120.6066302,27.7787797],[120.6077617,27.7780742],[120.6086459,27.7770115],[120.6089168,27.7765864],[120.609663,27.7760257],[120.6100055,27.7753609],[120.6108283,27.7736786],[120.6109306,27.7726476],[120.6108777,27.7722515]]}},{"type":"Feature","id":"way/330410724","properties":{"highway":"trunk","lanes":"2","oneway":"yes","ref":"G104","osm_type":"way","osm_id":330410724,"kind":"road","source_url":"https://www.openstreetmap.org/way/330410724","osmId":"way/330410724","source":"OpenStreetMap","name":""},"geometry":{"type":"LineString","coordinates":[[120.6692291,27.8394556],[120.6692759,27.8392709],[120.6696,27.8379627],[120.6702879,27.8352196],[120.670301,27.8351673],[120.6714392,27.8306782],[120.6716301,27.8299547],[120.6731544,27.8241791],[120.6732462,27.8238312],[120.6735389,27.8233923],[120.6739588,27.8230322],[120.6754859,27.8223119],[120.6765322,27.8218374],[120.6789854,27.820725],[120.6822813,27.8190931],[120.6837899,27.8183112],[120.6853863,27.8174837],[120.6859948,27.8172049],[120.6875095,27.8162709],[120.6898888,27.8146579],[120.6902094,27.8144246],[120.6903777,27.8142136],[120.690668,27.8138059],[120.6907676,27.813624],[120.6908974,27.8132447],[120.6909374,27.8128387],[120.6909013,27.8124032],[120.6908119,27.812025],[120.6906804,27.8116739],[120.6894352,27.8086787],[120.6894023,27.8085996]]}},{"type":"Feature","id":"way/330410732","properties":{"highway":"primary","oneway":"yes","osm_type":"way","osm_id":330410732,"kind":"road","source_url":"https://www.openstreetmap.org/way/330410732","osmId":"way/330410732","source":"OpenStreetMap","name":""},"geometry":{"type":"LineString","coordinates":[[120.6296222,27.8052825],[120.6276075,27.8056569],[120.6265338,27.8057134],[120.6254081,27.8057727],[120.6223289,27.8054292],[120.6210509,27.8050879],[120.618767,27.8043473],[120.6184116,27.8041772]]}},{"type":"Feature","id":"way/330410737","properties":{"bridge":"yes","highway":"primary","layer":"1","oneway":"yes","osm_type":"way","osm_id":330410737,"kind":"road","source_url":"https://www.openstreetmap.org/way/330410737","osmId":"way/330410737","source":"OpenStreetMap","name":""},"geometry":{"type":"LineString","coordinates":[[120.6388367,27.8021343],[120.6379739,27.8023454],[120.6373214,27.8025509],[120.6361948,27.8029648],[120.634893,27.8034687],[120.6321496,27.8045188],[120.6313793,27.8048031],[120.6307364,27.8050058],[120.6302336,27.8051325],[120.6296222,27.8052825]]}},{"type":"Feature","id":"way/330410748","properties":{"highway":"motorway_link","oneway":"yes","osm_type":"way","osm_id":330410748,"kind":"road","source_url":"https://www.openstreetmap.org/way/330410748","osmId":"way/330410748","source":"OpenStreetMap","name":""},"geometry":{"type":"LineString","coordinates":[[120.627237,27.8021402],[120.626859,27.8019009],[120.6266379,27.8017866],[120.6264064,27.801695],[120.6262222,27.8016543],[120.6260182,27.8016585],[120.6257768,27.8017246],[120.6256585,27.8018072],[120.6255635,27.8019284],[120.6255012,27.8020634],[120.6254919,27.8021832],[120.6255075,27.8022893],[120.6255666,27.8024132],[120.6256445,27.8025152],[120.6257644,27.8026033],[120.625903,27.8026598],[120.6260742,27.8026846],[120.6262626,27.8026818],[120.6265226,27.8026787]]}},{"type":"Feature","id":"way/330410749","properties":{"bridge":"yes","highway":"motorway_link","layer":"1","oneway":"yes","osm_type":"way","osm_id":330410749,"kind":"road","source_url":"https://www.openstreetmap.org/way/330410749","osmId":"way/330410749","source":"OpenStreetMap","name":""},"geometry":{"type":"LineString","coordinates":[[120.6265226,27.8026787],[120.6302297,27.8024827]]}},{"type":"Feature","id":"way/330410751","properties":{"bridge":"yes","highway":"motorway_link","layer":"1","oneway":"yes","osm_type":"way","osm_id":330410751,"kind":"road","source_url":"https://www.openstreetmap.org/way/330410751","osmId":"way/330410751","source":"OpenStreetMap","name":""},"geometry":{"type":"LineString","coordinates":[[120.6275858,27.8023372],[120.627237,27.8021402]]}},{"type":"Feature","id":"way/330410758","properties":{"bridge":"yes","highway":"motorway_link","layer":"1","oneway":"yes","osm_type":"way","osm_id":330410758,"kind":"road","source_url":"https://www.openstreetmap.org/way/330410758","osmId":"way/330410758","source":"OpenStreetMap","name":""},"geometry":{"type":"LineString","coordinates":[[120.6302327,27.8025413],[120.6291739,27.8026201],[120.6265115,27.802767]]}},{"type":"Feature","id":"way/330410760","properties":{"highway":"motorway_link","oneway":"yes","osm_type":"way","osm_id":330410760,"kind":"road","source_url":"https://www.openstreetmap.org/way/330410760","osmId":"way/330410760","source":"OpenStreetMap","name":""},"geometry":{"type":"LineString","coordinates":[[120.6300993,27.8023883],[120.630489,27.8024039],[120.6309221,27.8024334]]}},{"type":"Feature","id":"way/330410761","properties":{"bridge":"yes","highway":"motorway_link","layer":"1","oneway":"yes","osm_type":"way","osm_id":330410761,"kind":"road","source_url":"https://www.openstreetmap.org/way/330410761","osmId":"way/330410761","source":"OpenStreetMap","name":""},"geometry":{"type":"LineString","coordinates":[[120.6290335,27.8023065],[120.6295818,27.8023591],[120.6300993,27.8023883]]}},{"type":"Feature","id":"way/330410765","properties":{"highway":"primary","lanes":"3","name":"瑞枫大道","oneway":"yes","osm_type":"way","osm_id":330410765,"kind":"road","source_url":"https://www.openstreetmap.org/way/330410765","osmId":"way/330410765","source":"OpenStreetMap"},"geometry":{"type":"LineString","coordinates":[[120.6388019,27.8020241],[120.6395338,27.8018682],[120.6405111,27.8016859],[120.6496271,27.8005364],[120.6521622,27.8004654],[120.6530377,27.8004409],[120.6543915,27.8005216],[120.6561078,27.800624],[120.657046,27.8006495],[120.6576626,27.8005693],[120.6581863,27.8004848],[120.6586176,27.8003705],[120.6593014,27.8001242],[120.6598868,27.7998381],[120.6599951,27.7997832],[120.6603945,27.7995809],[120.6609882,27.7991717],[120.6614263,27.7988204],[120.6619504,27.798364],[120.6623393,27.7979982],[120.6626505,27.7977483],[120.6631009,27.797426],[120.6633574,27.7972894],[120.6635021,27.7972123],[120.6639852,27.7969877],[120.6645544,27.7967994],[120.6650702,27.7966473],[120.6656885,27.796535],[120.6665196,27.796506],[120.6671583,27.7965603],[120.6678339,27.7966799],[120.6687346,27.7968972],[120.6693897,27.7970529],[120.6696763,27.7971109],[120.6700301,27.797116],[120.6703359,27.797059],[120.6704983,27.7969778],[120.6705797,27.7968981]]}},{"type":"Feature","id":"way/330410768","properties":{"highway":"motorway_link","oneway":"yes","osm_type":"way","osm_id":330410768,"kind":"road","source_url":"https://www.openstreetmap.org/way/330410768","osmId":"way/330410768","source":"OpenStreetMap","name":""},"geometry":{"type":"LineString","coordinates":[[120.6302297,27.8024827],[120.6309221,27.8024334],[120.6313316,27.8023625],[120.6318177,27.8023071]]}},{"type":"Feature","id":"way/330410773","properties":{"highway":"motorway_link","oneway":"yes","osm_type":"way","osm_id":330410773,"kind":"road","source_url":"https://www.openstreetmap.org/way/330410773","osmId":"way/330410773","source":"OpenStreetMap","name":""},"geometry":{"type":"LineString","coordinates":[[120.6276815,27.8018196],[120.6280283,27.8020263],[120.6283663,27.8021721],[120.6286173,27.8022422],[120.6290335,27.8023065]]}},{"type":"Feature","id":"way/330410777","properties":{"highway":"motorway_link","oneway":"yes","osm_type":"way","osm_id":330410777,"kind":"road","source_url":"https://www.openstreetmap.org/way/330410777","osmId":"way/330410777","source":"OpenStreetMap","name":""},"geometry":{"type":"LineString","coordinates":[[120.6265115,27.802767],[120.6258359,27.8027349],[120.6255699,27.8026082],[120.6253759,27.8023544],[120.6254255,27.8021468],[120.6254379,27.8019402],[120.6254627,27.801677]]}},{"type":"Feature","id":"way/330410778","properties":{"bridge":"yes","highway":"secondary","layer":"1","osm_type":"way","osm_id":330410778,"kind":"road","source_url":"https://www.openstreetmap.org/way/330410778","osmId":"way/330410778","source":"OpenStreetMap","name":""},"geometry":{"type":"LineString","coordinates":[[120.6020518,27.7807509],[120.6016681,27.7813385],[120.6012886,27.7818495],[120.6008389,27.7822984],[120.6002577,27.7828176],[120.5996831,27.7832227],[120.5989602,27.7836195]]}},{"type":"Feature","id":"way/330410779","properties":{"bridge":"yes","highway":"motorway_link","layer":"1","oneway":"yes","osm_type":"way","osm_id":330410779,"kind":"road","source_url":"https://www.openstreetmap.org/way/330410779","osmId":"way/330410779","source":"OpenStreetMap","name":""},"geometry":{"type":"LineString","coordinates":[[120.6254627,27.801677],[120.6254737,27.8014491],[120.6254473,27.8012115],[120.6253812,27.8009914],[120.6252734,27.8007381],[120.6250664,27.8004499],[120.624866,27.8002453],[120.624553,27.7999277]]}},{"type":"Feature","id":"way/330410782","properties":{"highway":"primary_link","oneway":"yes","osm_type":"way","osm_id":330410782,"kind":"road","source_url":"https://www.openstreetmap.org/way/330410782","osmId":"way/330410782","source":"OpenStreetMap","name":""},"geometry":{"type":"LineString","coordinates":[[120.6364977,27.8026065],[120.6365391,27.8025262],[120.6365455,27.8023798],[120.6364862,27.8022825],[120.6363832,27.8022137],[120.6362399,27.8021602],[120.635893,27.8021687],[120.6347536,27.8022447],[120.6342259,27.8022305]]}},{"type":"Feature","id":"way/330410784","properties":{"bridge":"yes","highway":"primary","layer":"1","oneway":"yes","osm_type":"way","osm_id":330410784,"kind":"road","source_url":"https://www.openstreetmap.org/way/330410784","osmId":"way/330410784","source":"OpenStreetMap","name":""},"geometry":{"type":"LineString","coordinates":[[120.6294944,27.8051847],[120.630224,27.8050312],[120.6309147,27.8048425],[120.6316276,27.8045864],[120.6348835,27.8033842],[120.6361654,27.8028722],[120.6372832,27.8024496],[120.6379198,27.8022441],[120.6388019,27.8020241]]}},{"type":"Feature","id":"way/330410812","properties":{"bridge":"yes","highway":"motorway","lanes":"2","layer":"1","name":"沈海高速","name:en":"Shenhai Expressway","name:zh":"沈海高速","oneway":"yes","ref":"G15","reg_name":"甬台温高速","source":"OpenStreetMap","surface":"asphalt","toll":"yes","osm_type":"way","osm_id":330410812,"kind":"road","source_url":"https://www.openstreetmap.org/way/330410812","osmId":"way/330410812"},"geometry":{"type":"LineString","coordinates":[[120.6252374,27.8002553],[120.6276526,27.8020287]]}},{"type":"Feature","id":"way/330410856","properties":{"bridge":"yes","highway":"motorway","lanes":"2","layer":"1","name":"沈海高速","name:en":"Shenhai Expressway","name:zh":"沈海高速","oneway":"yes","ref":"G15","reg_name":"甬台温高速","source":"OpenStreetMap","surface":"asphalt","toll":"yes","osm_type":"way","osm_id":330410856,"kind":"road","source_url":"https://www.openstreetmap.org/way/330410856","osmId":"way/330410856"},"geometry":{"type":"LineString","coordinates":[[120.6234723,27.7989835],[120.6244613,27.7996985],[120.6252374,27.8002553]]}},{"type":"Feature","id":"way/330410857","properties":{"bridge":"yes","highway":"motorway","lanes":"2","layer":"1","name":"沈海高速","name:en":"Shenhai Expressway","name:zh":"沈海高速","oneway":"yes","ref":"G15","reg_name":"甬台温高速","source":"OpenStreetMap","osm_type":"way","osm_id":330410857,"kind":"road","source_url":"https://www.openstreetmap.org/way/330410857","osmId":"way/330410857"},"geometry":{"type":"LineString","coordinates":[[120.625146,27.8003378],[120.624553,27.7999277],[120.6234003,27.7990648]]}},{"type":"Feature","id":"way/330410865","properties":{"highway":"motorway","lanes":"2","name":"沈海高速","name:en":"Shenhai Expressway","name:zh":"沈海高速","oneway":"yes","ref":"G15","reg_name":"甬台温高速","source":"OpenStreetMap","surface":"asphalt","toll":"yes","osm_type":"way","osm_id":330410865,"kind":"road","source_url":"https://www.openstreetmap.org/way/330410865","osmId":"way/330410865"},"geometry":{"type":"LineString","coordinates":[[120.6207295,27.7969571],[120.6217137,27.7976937],[120.6234723,27.7989835]]}},{"type":"Feature","id":"way/330410866","properties":{"highway":"motorway","lanes":"2","name":"沈海高速","name:en":"Shenhai Expressway","name:zh":"沈海高速","oneway":"yes","ref":"G15","reg_name":"甬台温高速","source":"OpenStreetMap","osm_type":"way","osm_id":330410866,"kind":"road","source_url":"https://www.openstreetmap.org/way/330410866","osmId":"way/330410866"},"geometry":{"type":"LineString","coordinates":[[120.6234003,27.7990648],[120.621593,27.7977558],[120.6206905,27.79704]]}},{"type":"Feature","id":"way/330410867","properties":{"bridge":"yes","highway":"motorway","lanes":"2","layer":"1","name":"沈海高速","name:en":"Shenhai Expressway","name:zh":"沈海高速","oneway":"yes","ref":"G15","reg_name":"甬台温高速","source":"OpenStreetMap","osm_type":"way","osm_id":330410867,"kind":"road","source_url":"https://www.openstreetmap.org/way/330410867","osmId":"way/330410867"},"geometry":{"type":"LineString","coordinates":[[120.6276385,27.8021449],[120.625992,27.8009296],[120.625146,27.8003378]]}},{"type":"Feature","id":"way/330410897","properties":{"highway":"motorway","lanes":"2","name":"沈海高速","name:en":"Shenhai Expressway","name:zh":"沈海高速","oneway":"yes","ref":"G15","reg_name":"甬台温高速","source":"OpenStreetMap","osm_type":"way","osm_id":330410897,"kind":"road","source_url":"https://www.openstreetmap.org/way/330410897","osmId":"way/330410897"},"geometry":{"type":"LineString","coordinates":[[120.6010431,27.7827291],[120.6002166,27.7820441],[120.5989091,27.7809825],[120.5975765,27.7798429],[120.5969193,27.7792321],[120.5960922,27.7784571],[120.5948674,27.7772866]]}},{"type":"Feature","id":"way/330410898","properties":{"highway":"motorway","lanes":"2","name":"沈海高速","name:en":"Shenhai Expressway","name:zh":"沈海高速","oneway":"yes","ref":"G15","reg_name":"甬台温高速","source":"OpenStreetMap","surface":"asphalt","toll":"yes","osm_type":"way","osm_id":330410898,"kind":"road","source_url":"https://www.openstreetmap.org/way/330410898","osmId":"way/330410898"},"geometry":{"type":"LineString","coordinates":[[120.5949516,27.777213],[120.5961849,27.7783686],[120.5970315,27.7791632],[120.5978949,27.7798981],[120.5989808,27.7808625],[120.6002781,27.7819355],[120.6011203,27.7826268]]}},{"type":"Feature","id":"way/330410899","properties":{"highway":"motorway","lanes":"2","name":"沈海高速","name:en":"Shenhai Expressway","name:zh":"沈海高速","oneway":"yes","ref":"G15","reg_name":"甬台温高速","source":"OpenStreetMap","surface":"asphalt","toll":"yes","osm_type":"way","osm_id":330410899,"kind":"road","source_url":"https://www.openstreetmap.org/way/330410899","osmId":"way/330410899"},"geometry":{"type":"LineString","coordinates":[[120.630518,27.8040938],[120.6309453,27.8044195],[120.63111,27.8045667],[120.6339667,27.8068667],[120.63603,27.8086717],[120.6376753,27.8101776],[120.6380273,27.8105029]]}},{"type":"Feature","id":"way/338688104","properties":{"highway":"tertiary","osm_type":"way","osm_id":338688104,"kind":"road","source_url":"https://www.openstreetmap.org/way/338688104","osmId":"way/338688104","source":"OpenStreetMap","name":""},"geometry":{"type":"LineString","coordinates":[[120.6209062,27.7817772],[120.6209501,27.7818167]]}},{"type":"Feature","id":"way/338688464","properties":{"highway":"secondary","osm_type":"way","osm_id":338688464,"kind":"road","source_url":"https://www.openstreetmap.org/way/338688464","osmId":"way/338688464","source":"OpenStreetMap","name":""},"geometry":{"type":"LineString","coordinates":[[120.6398816,27.7646151],[120.6384901,27.7664768],[120.6377938,27.7673809],[120.6369371,27.7685203],[120.6367917,27.7688112],[120.6367166,27.7690201],[120.636663,27.7692004],[120.6366094,27.7696371],[120.6365986,27.7700548],[120.6366201,27.770501],[120.6366952,27.7710231],[120.6368492,27.7716439],[120.6368883,27.7718016],[120.636926,27.771996],[120.6369527,27.7721338],[120.6369634,27.7724376],[120.6369205,27.7727224],[120.6368517,27.7728853]]}},{"type":"Feature","id":"way/338688465","properties":{"highway":"tertiary","osm_type":"way","osm_id":338688465,"kind":"road","source_url":"https://www.openstreetmap.org/way/338688465","osmId":"way/338688465","source":"OpenStreetMap","name":""},"geometry":{"type":"LineString","coordinates":[[120.6341015,27.7613422],[120.6341948,27.7613799],[120.6374649,27.7631848],[120.6386964,27.7639172],[120.6387354,27.7639404],[120.6398816,27.7646151]]}},{"type":"Feature","id":"way/338688467","properties":{"highway":"secondary","name":"滨江大道","oneway":"yes","osm_type":"way","osm_id":338688467,"kind":"road","source_url":"https://www.openstreetmap.org/way/338688467","osmId":"way/338688467","source":"OpenStreetMap"},"geometry":{"type":"LineString","coordinates":[[120.6327953,27.7642306],[120.6330581,27.7635519],[120.6332491,27.7630971],[120.6341015,27.7613422],[120.6346889,27.7599916],[120.6350215,27.759422],[120.6353385,27.7588652],[120.6354791,27.7586678],[120.635794,27.7582257],[120.6362934,27.757498],[120.6368668,27.7567636],[120.6375213,27.7560231],[120.6380529,27.7554662],[120.6387396,27.7548206],[120.6393989,27.7542571],[120.6409974,27.7530228],[120.644259,27.7498895],[120.6466001,27.7476975],[120.6467736,27.7475773],[120.647737,27.7467941],[120.6483254,27.7463725],[120.6483554,27.7463532]]}},{"type":"Feature","id":"way/338688468","properties":{"highway":"secondary","osm_type":"way","osm_id":338688468,"kind":"road","source_url":"https://www.openstreetmap.org/way/338688468","osmId":"way/338688468","source":"OpenStreetMap","name":""},"geometry":{"type":"LineString","coordinates":[[120.6430788,27.761036],[120.6416057,27.76267],[120.6407936,27.7635708],[120.6399062,27.764587],[120.6398816,27.7646151]]}},{"type":"Feature","id":"way/338689106","properties":{"highway":"secondary","oneway":"yes","osm_type":"way","osm_id":338689106,"kind":"road","source_url":"https://www.openstreetmap.org/way/338689106","osmId":"way/338689106","source":"OpenStreetMap","name":""},"geometry":{"type":"LineString","coordinates":[[120.6485192,27.7787022],[120.6485044,27.7785745],[120.6482716,27.7774402],[120.6470646,27.7754028],[120.6470343,27.7753357],[120.6450208,27.7727414],[120.6449349,27.7726464],[120.6440793,27.770986],[120.6433658,27.7695446],[120.6432543,27.7693784],[120.6430467,27.769172],[120.6427033,27.7688397],[120.6424458,27.7686688],[120.6421132,27.7684885],[120.6417436,27.7683494],[120.6404181,27.7680233],[120.6399889,27.7679473],[120.6396242,27.7679094],[120.6391628,27.7678904],[120.638798,27.7678524],[120.6384654,27.7677765],[120.6381436,27.7676341],[120.6377938,27.7673809]]}},{"type":"Feature","id":"way/338689107","properties":{"highway":"tertiary","osm_type":"way","osm_id":338689107,"kind":"road","source_url":"https://www.openstreetmap.org/way/338689107","osmId":"way/338689107","source":"OpenStreetMap","name":""},"geometry":{"type":"LineString","coordinates":[[120.6306039,27.7685986],[120.6306819,27.7686319],[120.6316517,27.769269],[120.6323849,27.7697273],[120.6334336,27.7702257],[120.6364592,27.7715642],[120.6368492,27.7716439]]}},{"type":"Feature","id":"way/338689109","properties":{"highway":"secondary","osm_type":"way","osm_id":338689109,"kind":"road","source_url":"https://www.openstreetmap.org/way/338689109","osmId":"way/338689109","source":"OpenStreetMap","name":""},"geometry":{"type":"LineString","coordinates":[[120.6377938,27.7673809],[120.6357331,27.7661891],[120.6341739,27.765263],[120.6328386,27.7645027],[120.6327242,27.7644394]]}},{"type":"Feature","id":"way/338689110","properties":{"highway":"secondary","oneway":"yes","osm_type":"way","osm_id":338689110,"kind":"road","source_url":"https://www.openstreetmap.org/way/338689110","osmId":"way/338689110","source":"OpenStreetMap","name":""},"geometry":{"type":"LineString","coordinates":[[120.6377938,27.7673809],[120.6381865,27.7675676],[120.6385084,27.7677005],[120.6388302,27.7677859],[120.6391794,27.7678272],[120.639673,27.7678367],[120.6399997,27.7678714],[120.6404074,27.7679378],[120.6417592,27.7682701],[120.6421132,27.768403],[120.6424888,27.7685739],[120.6427704,27.7687447],[120.6431325,27.769096],[120.6433506,27.7693222],[120.6434651,27.7694948],[120.6441774,27.7709461],[120.6450267,27.7725833],[120.6451125,27.7726877],[120.6471681,27.7752684],[120.6472161,27.7753496],[120.6483789,27.7774023],[120.6486099,27.7785603],[120.6486227,27.7786816]]}},{"type":"Feature","id":"way/338689111","properties":{"highway":"tertiary","osm_type":"way","osm_id":338689111,"kind":"road","source_url":"https://www.openstreetmap.org/way/338689111","osmId":"way/338689111","source":"OpenStreetMap","name":""},"geometry":{"type":"LineString","coordinates":[[120.6334336,27.7702257],[120.6346996,27.7681277],[120.6357331,27.7661891],[120.6361695,27.7654696],[120.6364297,27.7650258],[120.6364438,27.7650006],[120.6374649,27.7631848],[120.6391085,27.7601154],[120.6395705,27.7592891],[120.6398709,27.7587859],[120.6401343,27.758381],[120.6407391,27.7578301],[120.6434007,27.7554059],[120.6434455,27.7553487],[120.6434973,27.7552825],[120.6451575,27.7538346],[120.6466637,27.7524203],[120.6491728,27.7501649]]}},{"type":"Feature","id":"way/338689112","properties":{"highway":"unclassified","osm_type":"way","osm_id":338689112,"kind":"road","source_url":"https://www.openstreetmap.org/way/338689112","osmId":"way/338689112","source":"OpenStreetMap","name":""},"geometry":{"type":"LineString","coordinates":[[120.6319034,27.766207],[120.6319767,27.7662376],[120.6328247,27.7668129],[120.6334121,27.7672021],[120.6340209,27.7676398],[120.6346996,27.7681277],[120.6363304,27.7694568],[120.6366094,27.7696371]]}},{"type":"Feature","id":"way/338689113","properties":{"highway":"tertiary","osm_type":"way","osm_id":338689113,"kind":"road","source_url":"https://www.openstreetmap.org/way/338689113","osmId":"way/338689113","source":"OpenStreetMap","name":""},"geometry":{"type":"LineString","coordinates":[[120.651657,27.7528078],[120.6515577,27.7527022],[120.6504637,27.7515383],[120.6491728,27.7501649],[120.6485398,27.7494623],[120.6479367,27.7488029],[120.6468516,27.7476264],[120.6467736,27.7475773]]}},{"type":"Feature","id":"way/338689473","properties":{"highway":"primary","name":"万松东路","oneway":"yes","osm_type":"way","osm_id":338689473,"kind":"road","source_url":"https://www.openstreetmap.org/way/338689473","osmId":"way/338689473","source":"OpenStreetMap"},"geometry":{"type":"LineString","coordinates":[[120.6630014,27.7810823],[120.6625893,27.7810948],[120.6616242,27.7810696],[120.6602295,27.7810198],[120.6576877,27.7807501],[120.6574287,27.7807222],[120.6571819,27.7806901],[120.6549786,27.7805708]]}},{"type":"Feature","id":"way/338689474","properties":{"highway":"primary","name":"万松东路","oneway":"yes","osm_type":"way","osm_id":338689474,"kind":"road","source_url":"https://www.openstreetmap.org/way/338689474","osmId":"way/338689474","source":"OpenStreetMap"},"geometry":{"type":"LineString","coordinates":[[120.6631194,27.7808286],[120.6634806,27.7807824],[120.6636801,27.7807687],[120.6640054,27.7807673],[120.6654276,27.7805997],[120.6660659,27.7805286],[120.6668335,27.7803729],[120.6677731,27.7801784]]}},{"type":"Feature","id":"way/338690183","properties":{"highway":"primary_link","oneway":"yes","osm_type":"way","osm_id":338690183,"kind":"road","source_url":"https://www.openstreetmap.org/way/338690183","osmId":"way/338690183","source":"OpenStreetMap","name":""},"geometry":{"type":"LineString","coordinates":[[120.6439867,27.7813207],[120.6440945,27.7812027],[120.644141,27.7811517],[120.6442161,27.7809809],[120.6442161,27.7808765],[120.6441827,27.7806989]]}},{"type":"Feature","id":"way/338690184","properties":{"highway":"secondary","name":"虹桥北路","oneway":"yes","osm_type":"way","osm_id":338690184,"kind":"road","source_url":"https://www.openstreetmap.org/way/338690184","osmId":"way/338690184","source":"OpenStreetMap"},"geometry":{"type":"LineString","coordinates":[[120.6297221,27.7827209],[120.6303388,27.7842006],[120.6305399,27.7847203],[120.6307351,27.7853825],[120.6307512,27.7854395],[120.6307867,27.7855485],[120.6309128,27.7860587],[120.6310099,27.7864857],[120.6314005,27.7882029],[120.6314439,27.7883936],[120.6314707,27.7886357],[120.63171,27.7901202]]}},{"type":"Feature","id":"way/338690185","properties":{"highway":"primary_link","oneway":"yes","osm_type":"way","osm_id":338690185,"kind":"road","source_url":"https://www.openstreetmap.org/way/338690185","osmId":"way/338690185","source":"OpenStreetMap","name":""},"geometry":{"type":"LineString","coordinates":[[120.6452329,27.7817442],[120.64487,27.7815319],[120.6447204,27.781465],[120.6445165,27.7814365],[120.6442015,27.7813972]]}},{"type":"Feature","id":"way/338691070","properties":{"waterway":"canal","osm_type":"way","osm_id":338691070,"kind":"water","source_url":"https://www.openstreetmap.org/way/338691070","osmId":"way/338691070","source":"OpenStreetMap","name":""},"geometry":{"type":"LineString","coordinates":[[120.6493877,27.7647194],[120.6481325,27.7653934],[120.6473814,27.7656403],[120.6465661,27.7658966],[120.6453188,27.7664995],[120.6444954,27.7668744],[120.644048,27.7670429],[120.643533,27.7671568],[120.6430685,27.7672067],[120.6424355,27.7672067],[120.6419312,27.7672731],[120.6414945,27.7672138],[120.6409688,27.7671379],[120.6404431,27.7671379],[120.6397887,27.7671758],[120.6392699,27.7671678],[120.6390877,27.7671499],[120.6366754,27.7655023],[120.6308699,27.761928],[120.6289387,27.7611305]]}},{"type":"Feature","id":"way/338691071","properties":{"highway":"tertiary","name":"安阳路","osm_type":"way","osm_id":338691071,"kind":"road","source_url":"https://www.openstreetmap.org/way/338691071","osmId":"way/338691071","source":"OpenStreetMap"},"geometry":{"type":"LineString","coordinates":[[120.6472316,27.7658518],[120.6475957,27.7664612],[120.6500676,27.7702529],[120.6511294,27.771963],[120.6519696,27.7733317],[120.6520136,27.7734425],[120.6530114,27.7754371],[120.6533119,27.7766971],[120.6535969,27.7777147]]}},{"type":"Feature","id":"way/338691072","properties":{"waterway":"canal","osm_type":"way","osm_id":338691072,"kind":"water","source_url":"https://www.openstreetmap.org/way/338691072","osmId":"way/338691072","source":"OpenStreetMap","name":""},"geometry":{"type":"LineString","coordinates":[[120.6359549,27.7728932],[120.6356652,27.7732445],[120.6349571,27.7742887],[120.6341846,27.775238],[120.6335087,27.7759214],[120.6329723,27.7763391],[120.6324573,27.7766903],[120.6319052,27.776633],[120.6315293,27.7766192],[120.6315055,27.7772144],[120.6313522,27.7773809],[120.630502,27.7774996],[120.6302096,27.7778294]]}},{"type":"Feature","id":"way/338691073","properties":{"waterway":"canal","osm_type":"way","osm_id":338691073,"kind":"water","source_url":"https://www.openstreetmap.org/way/338691073","osmId":"way/338691073","source":"OpenStreetMap","name":""},"geometry":{"type":"LineString","coordinates":[[120.6381382,27.7626428],[120.6412743,27.759722],[120.6442435,27.7569758],[120.6443078,27.7568619],[120.6442376,27.7567446],[120.6435938,27.7562035],[120.6434973,27.7560705],[120.6435675,27.7559125],[120.6437548,27.7557098],[120.6467325,27.753349],[120.6468184,27.7533679],[120.6483097,27.7548681],[120.6499244,27.7564584],[120.6502055,27.756887]]}},{"type":"Feature","id":"way/339004638","properties":{"highway":"unclassified","lit":"no","name":"新兴街","sidewalk":"both","surface":"concrete","osm_type":"way","osm_id":339004638,"kind":"road","source_url":"https://www.openstreetmap.org/way/339004638","osmId":"way/339004638","source":"OpenStreetMap"},"geometry":{"type":"LineString","coordinates":[[120.6224747,27.7838611],[120.6228938,27.7837912],[120.6236515,27.7836649],[120.624411,27.7835384]]}},{"type":"Feature","id":"way/339004639","properties":{"highway":"unclassified","lit":"no","name":"安居街","sidewalk":"both","surface":"concrete","osm_type":"way","osm_id":339004639,"kind":"road","source_url":"https://www.openstreetmap.org/way/339004639","osmId":"way/339004639","source":"OpenStreetMap"},"geometry":{"type":"LineString","coordinates":[[120.6224103,27.7823803],[120.6226625,27.7828407],[120.6227515,27.783106],[120.6228556,27.7835621],[120.6228938,27.7837912],[120.6229501,27.7840334]]}},{"type":"Feature","id":"way/339004640","properties":{"highway":"unclassified","lit":"no","sidewalk":"both","surface":"concrete","osm_type":"way","osm_id":339004640,"kind":"road","source_url":"https://www.openstreetmap.org/way/339004640","osmId":"way/339004640","source":"OpenStreetMap","name":""},"geometry":{"type":"LineString","coordinates":[[120.6235634,27.7832156],[120.6236208,27.7834201],[120.6236515,27.7836649],[120.6236969,27.7839035]]}},{"type":"Feature","id":"way/339004641","properties":{"highway":"unclassified","lit":"yes","name":"市心街","sidewalk":"both","surface":"concrete","osm_type":"way","osm_id":339004641,"kind":"road","source_url":"https://www.openstreetmap.org/way/339004641","osmId":"way/339004641","source":"OpenStreetMap"},"geometry":{"type":"LineString","coordinates":[[120.622042,27.7837012],[120.6228556,27.7835621],[120.6235956,27.7834245],[120.6236208,27.7834201],[120.6242018,27.78332],[120.6249344,27.7831127]]}},{"type":"Feature","id":"way/339005819","properties":{"highway":"tertiary","osm_type":"way","osm_id":339005819,"kind":"road","source_url":"https://www.openstreetmap.org/way/339005819","osmId":"way/339005819","source":"OpenStreetMap","name":""},"geometry":{"type":"LineString","coordinates":[[120.6464802,27.7789964],[120.645968,27.7783482],[120.6442915,27.7764714],[120.6442682,27.7763749],[120.6436236,27.7738639],[120.6435618,27.7737095],[120.6436618,27.7736311],[120.6443098,27.7732069],[120.6450208,27.7727414],[120.6451125,27.7726877],[120.6462701,27.7721034],[120.6480391,27.7712104],[120.6500676,27.7702529],[120.6512116,27.7697129],[120.6529175,27.7688585],[120.654104,27.7682976]]}},{"type":"Feature","id":"way/339005821","properties":{"highway":"secondary","osm_type":"way","osm_id":339005821,"kind":"road","source_url":"https://www.openstreetmap.org/way/339005821","osmId":"way/339005821","source":"OpenStreetMap","name":""},"geometry":{"type":"LineString","coordinates":[[120.654104,27.7682976],[120.6542981,27.7682261],[120.6586234,27.766703]]}},{"type":"Feature","id":"way/339005822","properties":{"highway":"tertiary","osm_type":"way","osm_id":339005822,"kind":"road","source_url":"https://www.openstreetmap.org/way/339005822","osmId":"way/339005822","source":"OpenStreetMap","name":""},"geometry":{"type":"LineString","coordinates":[[120.6310419,27.7727112],[120.6317415,27.7738875],[120.6336911,27.7769181]]}},{"type":"Feature","id":"way/339006401","properties":{"highway":"secondary","name":"罗阳大道","oneway":"yes","osm_type":"way","osm_id":339006401,"kind":"road","source_url":"https://www.openstreetmap.org/way/339006401","osmId":"way/339006401","source":"OpenStreetMap"},"geometry":{"type":"LineString","coordinates":[[120.6571924,27.7771181],[120.6571661,27.7767134],[120.6571323,27.7764996],[120.6569518,27.7756079],[120.6568073,27.7749103],[120.6566726,27.7744166],[120.6563847,27.7736313],[120.6562515,27.7732681],[120.655732,27.7718367],[120.6556784,27.7717002],[120.654104,27.7682976],[120.6530943,27.7659582],[120.6519304,27.7633902],[120.6517635,27.7630169]]}},{"type":"Feature","id":"way/339006402","properties":{"waterway":"canal","osm_type":"way","osm_id":339006402,"kind":"water","source_url":"https://www.openstreetmap.org/way/339006402","osmId":"way/339006402","source":"OpenStreetMap","name":""},"geometry":{"type":"LineString","coordinates":[[120.6359549,27.7728932],[120.6366205,27.7723945],[120.6373018,27.7721097],[120.6383961,27.771953],[120.6394798,27.7719578],[120.6401718,27.7721287],[120.641368,27.7727006],[120.6413734,27.7727813],[120.6411642,27.7731207],[120.6408343,27.7735811],[120.6400886,27.7749599],[120.6401771,27.7753135],[120.6402603,27.7754203],[120.6409067,27.7756671],[120.6428271,27.7762485],[120.6433126,27.7765024],[120.6438303,27.7770815],[120.6441816,27.7775654],[120.6446269,27.7781162],[120.6451446,27.778783],[120.6455728,27.7794559]]}},{"type":"Feature","id":"way/339006403","properties":{"highway":"secondary","osm_type":"way","osm_id":339006403,"kind":"road","source_url":"https://www.openstreetmap.org/way/339006403","osmId":"way/339006403","source":"OpenStreetMap","name":""},"geometry":{"type":"LineString","coordinates":[[120.6432543,27.7693784],[120.6433506,27.7693222],[120.6445283,27.7685849],[120.6453027,27.7680753],[120.6475957,27.7664612],[120.6519304,27.7633902],[120.6520526,27.763312]]}},{"type":"Feature","id":"way/339006404","properties":{"waterway":"canal","osm_type":"way","osm_id":339006404,"kind":"water","source_url":"https://www.openstreetmap.org/way/339006404","osmId":"way/339006404","source":"OpenStreetMap","name":""},"geometry":{"type":"LineString","coordinates":[[120.6501089,27.778843],[120.6502485,27.7788056],[120.6503653,27.7787282],[120.6504451,27.7786202],[120.650465,27.7784874],[120.6504652,27.7783793],[120.6504041,27.778262],[120.6503014,27.7781704],[120.6501695,27.7781153],[120.6500242,27.7781035],[120.6499238,27.7781219],[120.6497959,27.778184],[120.6496997,27.7782811],[120.6496469,27.7784014],[120.6496404,27.7785064],[120.6496783,27.7786311],[120.649762,27.7787368],[120.6498815,27.7788108],[120.6500225,27.7788442],[120.6501089,27.778843]]}},{"type":"Feature","id":"way/339006405","properties":{"waterway":"canal","osm_type":"way","osm_id":339006405,"kind":"water","source_url":"https://www.openstreetmap.org/way/339006405","osmId":"way/339006405","source":"OpenStreetMap","name":""},"geometry":{"type":"LineString","coordinates":[[120.6453188,27.7664995],[120.6459255,27.7681536],[120.6462581,27.7687897],[120.6470167,27.7700404],[120.6475134,27.7707311],[120.6477977,27.7711297],[120.6479071,27.7719248],[120.6478321,27.772613],[120.6476819,27.7731399],[120.6476583,27.77356],[120.6477355,27.7741556],[120.6479018,27.774692],[120.6484361,27.7756673],[120.6490982,27.776856],[120.6497959,27.778184]]}},{"type":"Feature","id":"way/339006406","properties":{"waterway":"canal","osm_type":"way","osm_id":339006406,"kind":"water","source_url":"https://www.openstreetmap.org/way/339006406","osmId":"way/339006406","source":"OpenStreetMap","name":""},"geometry":{"type":"LineString","coordinates":[[120.6496783,27.7786311],[120.6491732,27.778778],[120.645858,27.7794045],[120.6455728,27.7794559],[120.6449541,27.7796231],[120.6401212,27.7804373],[120.6393348,27.7805911],[120.6384261,27.7808644],[120.636953,27.7811131],[120.6355937,27.781377],[120.6347461,27.7815574],[120.6330692,27.7818061],[120.6316397,27.7821575],[120.6314416,27.7822028],[120.6313558,27.7823832],[120.6314523,27.7831141],[120.6317689,27.7842057],[120.6315538,27.7843383],[120.6307089,27.784521],[120.6303468,27.7846254],[120.6303415,27.7846895],[120.6305855,27.7857502],[120.6305802,27.786258],[120.6300008,27.7864858],[120.6282037,27.7869841],[120.6275546,27.7872214],[120.6264603,27.7875512],[120.6265193,27.7880828],[120.6266534,27.788797],[120.6268082,27.7901349],[120.6264281,27.7902682],[120.6260572,27.7903123]]}},{"type":"Feature","id":"way/339010172","properties":{"waterway":"canal","osm_type":"way","osm_id":339010172,"kind":"water","source_url":"https://www.openstreetmap.org/way/339010172","osmId":"way/339010172","source":"OpenStreetMap","name":""},"geometry":{"type":"LineString","coordinates":[[120.6556828,27.7589435],[120.6548197,27.7594574],[120.6544121,27.7597612],[120.6540151,27.7599416],[120.6536149,27.7601434],[120.6535934,27.7602478],[120.6536181,27.7604068],[120.6540695,27.7611897],[120.6541546,27.7613372],[120.6545086,27.7617929],[120.6548519,27.7622012],[120.6552167,27.7624385],[120.6553776,27.7626759],[120.6554742,27.7630366],[120.6556137,27.7635778],[120.6557853,27.7640145],[120.6562896,27.7647645],[120.6583817,27.7680018],[120.6590255,27.7692644],[120.6594117,27.770432],[120.6597657,27.7715807],[120.6599696,27.7722642],[120.6602485,27.7730046],[120.660535,27.7739183],[120.6607603,27.7748391],[120.6608783,27.7758833],[120.6608333,27.7765953]]}},{"type":"Feature","id":"way/339010173","properties":{"waterway":"canal","osm_type":"way","osm_id":339010173,"kind":"water","source_url":"https://www.openstreetmap.org/way/339010173","osmId":"way/339010173","source":"OpenStreetMap","name":""},"geometry":{"type":"LineString","coordinates":[[120.6511719,27.767717],[120.6508823,27.7671853],[120.6500347,27.7657993],[120.6493877,27.7647194],[120.6488974,27.7635113],[120.6499886,27.7630675],[120.6502246,27.7634567],[120.6503211,27.7635802],[120.6504638,27.7636442],[120.6506462,27.7636347],[120.6508039,27.7635517],[120.6512867,27.7631529],[120.6520785,27.7626037],[120.6540695,27.7611897]]}},{"type":"Feature","id":"way/339010698","properties":{"highway":"tertiary","osm_type":"way","osm_id":339010698,"kind":"road","source_url":"https://www.openstreetmap.org/way/339010698","osmId":"way/339010698","source":"OpenStreetMap","name":""},"geometry":{"type":"LineString","coordinates":[[120.7034481,27.7668734],[120.6967756,27.7711006],[120.6957954,27.7718178],[120.6948942,27.7724277],[120.6938267,27.7731468],[120.6928691,27.773797],[120.6926716,27.773926],[120.6915173,27.7746799],[120.6901815,27.7755721],[120.689393,27.7760468],[120.6886822,27.7764621],[120.6878815,27.7769531],[120.6868663,27.7775324],[120.6861261,27.7779785],[120.6856291,27.7782605],[120.6855418,27.7783172],[120.6842436,27.779125],[120.6829891,27.779862],[120.682071,27.7803424],[120.6815131,27.7806746],[120.6808549,27.7811174],[120.6804831,27.7813675],[120.6802381,27.7815108]]}},{"type":"Feature","id":"way/339010699","properties":{"highway":"primary","name":"莘阳大道","oneway":"yes","osm_type":"way","osm_id":339010699,"kind":"road","source_url":"https://www.openstreetmap.org/way/339010699","osmId":"way/339010699","source":"OpenStreetMap"},"geometry":{"type":"LineString","coordinates":[[120.6604407,27.7700291],[120.6600538,27.7693353],[120.6586888,27.7668234],[120.6586234,27.766703],[120.6574835,27.7646073],[120.6573155,27.7644381],[120.6558016,27.7624887],[120.6548717,27.761355],[120.6547118,27.7612213]]}},{"type":"Feature","id":"way/339011331","properties":{"highway":"primary","name":"东新路","oneway":"yes","osm_type":"way","osm_id":339011331,"kind":"road","source_url":"https://www.openstreetmap.org/way/339011331","osmId":"way/339011331","source":"OpenStreetMap"},"geometry":{"type":"LineString","coordinates":[[120.6781905,27.7716743],[120.6781357,27.7716065],[120.6776765,27.77097],[120.6770091,27.7700449],[120.6768368,27.7698183],[120.6763686,27.7692027],[120.6762077,27.7690128],[120.6760307,27.7688134],[120.6758375,27.7686236],[120.6756804,27.7684868]]}},{"type":"Feature","id":"way/339011332","properties":{"highway":"primary","name":"人民路","oneway":"yes","osm_type":"way","osm_id":339011332,"kind":"road","source_url":"https://www.openstreetmap.org/way/339011332","osmId":"way/339011332","source":"OpenStreetMap"},"geometry":{"type":"LineString","coordinates":[[120.6940351,27.7869567],[120.6944397,27.7874314],[120.6949923,27.7881019]]}},{"type":"Feature","id":"way/339011715","properties":{"highway":"unclassified","osm_type":"way","osm_id":339011715,"kind":"road","source_url":"https://www.openstreetmap.org/way/339011715","osmId":"way/339011715","source":"OpenStreetMap","name":""},"geometry":{"type":"LineString","coordinates":[[120.6479367,27.7488029],[120.6454243,27.7511001],[120.6438895,27.752576],[120.6422424,27.7541231],[120.6404643,27.7557382]]}},{"type":"Feature","id":"way/339011716","properties":{"highway":"unclassified","osm_type":"way","osm_id":339011716,"kind":"road","source_url":"https://www.openstreetmap.org/way/339011716","osmId":"way/339011716","source":"OpenStreetMap","name":""},"geometry":{"type":"LineString","coordinates":[[120.6462764,27.7550355],[120.6451575,27.7538346],[120.6438895,27.752576]]}},{"type":"Feature","id":"way/339011717","properties":{"highway":"tertiary","osm_type":"way","osm_id":339011717,"kind":"road","source_url":"https://www.openstreetmap.org/way/339011717","osmId":"way/339011717","source":"OpenStreetMap","name":""},"geometry":{"type":"LineString","coordinates":[[120.6488944,27.754756],[120.648791,27.7546531],[120.6478841,27.7537013],[120.6466637,27.7524203],[120.6454243,27.7511001],[120.644377,27.7499845],[120.644259,27.7498895]]}},{"type":"Feature","id":"way/339011718","properties":{"highway":"secondary","name":"罗阳大道","osm_type":"way","osm_id":339011718,"kind":"road","source_url":"https://www.openstreetmap.org/way/339011718","osmId":"way/339011718","source":"OpenStreetMap"},"geometry":{"type":"LineString","coordinates":[[120.6434455,27.7553487],[120.6422424,27.7541231],[120.6415798,27.7535401],[120.6411155,27.7531462],[120.6409974,27.7530228]]}},{"type":"Feature","id":"way/339011719","properties":{"highway":"unclassified","osm_type":"way","osm_id":339011719,"kind":"road","source_url":"https://www.openstreetmap.org/way/339011719","osmId":"way/339011719","source":"OpenStreetMap","name":""},"geometry":{"type":"LineString","coordinates":[[120.6354791,27.7586678],[120.6355904,27.758681],[120.6375973,27.7595025],[120.6391085,27.7601154],[120.6396245,27.7602858],[120.6399356,27.7603143],[120.6402146,27.7602573],[120.6404935,27.7600959],[120.6412956,27.7594247]]}},{"type":"Feature","id":"way/339011720","properties":{"highway":"unclassified","osm_type":"way","osm_id":339011720,"kind":"road","source_url":"https://www.openstreetmap.org/way/339011720","osmId":"way/339011720","source":"OpenStreetMap","name":""},"geometry":{"type":"LineString","coordinates":[[120.6516542,27.7577888],[120.6511365,27.7570958],[120.6488944,27.754756]]}},{"type":"Feature","id":"way/339011808","properties":{"highway":"unclassified","osm_type":"way","osm_id":339011808,"kind":"road","source_url":"https://www.openstreetmap.org/way/339011808","osmId":"way/339011808","source":"OpenStreetMap","name":""},"geometry":{"type":"LineString","coordinates":[[120.6387354,27.7639404],[120.6395547,27.7629678],[120.6404184,27.7619662],[120.6422995,27.7602428],[120.6429209,27.7595073],[120.643267,27.7591059],[120.6434387,27.7588947],[120.6440395,27.7579595],[120.6449015,27.7585676]]}},{"type":"Feature","id":"way/339011809","properties":{"highway":"unclassified","osm_type":"way","osm_id":339011809,"kind":"road","source_url":"https://www.openstreetmap.org/way/339011809","osmId":"way/339011809","source":"OpenStreetMap","name":""},"geometry":{"type":"LineString","coordinates":[[120.6487118,27.7573426],[120.6473642,27.7583771],[120.6472505,27.7584597],[120.6470612,27.7586015],[120.6468613,27.7587429],[120.6458637,27.7594487],[120.6443887,27.7604922]]}},{"type":"Feature","id":"way/339011810","properties":{"highway":"unclassified","osm_type":"way","osm_id":339011810,"kind":"road","source_url":"https://www.openstreetmap.org/way/339011810","osmId":"way/339011810","source":"OpenStreetMap","name":""},"geometry":{"type":"LineString","coordinates":[[120.6407391,27.7578301],[120.6414162,27.7583965],[120.6421619,27.7589851],[120.6429209,27.7595073],[120.6437603,27.7601177],[120.6443887,27.7604922],[120.6446644,27.7606655],[120.6453972,27.7614203],[120.6460404,27.7622226],[120.646478,27.7627684]]}},{"type":"Feature","id":"way/339014379","properties":{"highway":"tertiary","osm_type":"way","osm_id":339014379,"kind":"road","source_url":"https://www.openstreetmap.org/way/339014379","osmId":"way/339014379","source":"OpenStreetMap","name":""},"geometry":{"type":"LineString","coordinates":[[120.6578345,27.7554509],[120.6577466,27.7555193],[120.6558497,27.756856],[120.6551094,27.7572738],[120.6528543,27.7585623],[120.6527662,27.7586127],[120.6525796,27.7587193],[120.6522985,27.7589282],[120.6513244,27.7595426],[120.6503619,27.7601007],[120.6500274,27.7602757],[120.6499264,27.7603448],[120.6488593,27.7609859],[120.6471808,27.7621442],[120.646735,27.7625905],[120.646478,27.7627684],[120.6456618,27.7632243],[120.6448065,27.76377],[120.6440158,27.7643088],[120.6435008,27.7646031],[120.6431494,27.7647194]]}},{"type":"Feature","id":"way/339014382","properties":{"waterway":"canal","osm_type":"way","osm_id":339014382,"kind":"water","source_url":"https://www.openstreetmap.org/way/339014382","osmId":"way/339014382","source":"OpenStreetMap","name":""},"geometry":{"type":"LineString","coordinates":[[120.6556828,27.7589435],[120.6555919,27.7587307],[120.655177,27.758091],[120.654927,27.75772],[120.6544872,27.756913],[120.6541331,27.7559256],[120.6539904,27.7552444],[120.6539475,27.7545228],[120.6537007,27.7534784],[120.6533789,27.7527853],[120.6530571,27.7521981],[120.6527245,27.7514914],[120.6525797,27.751292],[120.6513566,27.7498986],[120.649581,27.7471403],[120.6443989,27.7416947]]}},{"type":"Feature","id":"way/339014386","properties":{"highway":"unclassified","osm_type":"way","osm_id":339014386,"kind":"road","source_url":"https://www.openstreetmap.org/way/339014386","osmId":"way/339014386","source":"OpenStreetMap","name":""},"geometry":{"type":"LineString","coordinates":[[120.6548273,27.7548551],[120.6563508,27.7545228],[120.6566236,27.7544206],[120.6567265,27.7543704]]}},{"type":"Feature","id":"way/383609740","properties":{"highway":"secondary","name":"瑞南大道","oneway":"yes","osm_type":"way","osm_id":383609740,"kind":"road","source_url":"https://www.openstreetmap.org/way/383609740","osmId":"way/383609740","source":"OpenStreetMap"},"geometry":{"type":"LineString","coordinates":[[120.6020518,27.7807509],[120.602424,27.7801453],[120.6027542,27.7792233],[120.6030588,27.7782287],[120.6034038,27.7775777],[120.6038881,27.776739],[120.6043692,27.7759721],[120.6051874,27.7748424],[120.6054174,27.7745135],[120.6072577,27.7718818],[120.6085402,27.7692281],[120.6085688,27.7691689]]}},{"type":"Feature","id":"way/383609742","properties":{"highway":"tertiary","osm_type":"way","osm_id":383609742,"kind":"road","source_url":"https://www.openstreetmap.org/way/383609742","osmId":"way/383609742","source":"OpenStreetMap","name":""},"geometry":{"type":"LineString","coordinates":[[120.613097,27.7685804],[120.6131136,27.7685403],[120.6138281,27.767096],[120.6144481,27.7659279],[120.6148512,27.7651936],[120.6150873,27.7644057],[120.6156132,27.7635521]]}},{"type":"Feature","id":"way/383609746","properties":{"highway":"trunk","oneway":"yes","ref":"G104","source":"OpenStreetMap","osm_type":"way","osm_id":383609746,"kind":"road","source_url":"https://www.openstreetmap.org/way/383609746","osmId":"way/383609746","name":""},"geometry":{"type":"LineString","coordinates":[[120.6147681,27.7625211],[120.6142185,27.7622606],[120.6131008,27.7618201],[120.6129968,27.7617667],[120.6123402,27.761401],[120.6118079,27.7607349],[120.6114424,27.7601964],[120.611079,27.7596608],[120.6110144,27.75956]]}},{"type":"Feature","id":"way/383609751","properties":{"highway":"trunk","oneway":"yes","ref":"G104","source":"OpenStreetMap","osm_type":"way","osm_id":383609751,"kind":"road","source_url":"https://www.openstreetmap.org/way/383609751","osmId":"way/383609751","name":""},"geometry":{"type":"LineString","coordinates":[[120.6111509,27.7594437],[120.6112376,27.7595789],[120.6115898,27.7600978],[120.6119618,27.760646],[120.6124742,27.761098],[120.6131643,27.7615127],[120.6132994,27.7615779],[120.614075,27.761906],[120.6148458,27.7622862]]}},{"type":"Feature","id":"way/383609763","properties":{"bridge":"yes","highway":"trunk","layer":"1","name":"飞云江大桥","oneway":"yes","ref":"G104","source":"OpenStreetMap","osm_type":"way","osm_id":383609763,"kind":"road","source_url":"https://www.openstreetmap.org/way/383609763","osmId":"way/383609763"},"geometry":{"type":"LineString","coordinates":[[120.6148458,27.7622862],[120.6190173,27.7642611],[120.6204298,27.7649645],[120.631916,27.7702901]]}},{"type":"Feature","id":"way/383610754","properties":{"highway":"primary","name":"南川路","oneway":"yes","source":"OpenStreetMap","osm_type":"way","osm_id":383610754,"kind":"road","source_url":"https://www.openstreetmap.org/way/383610754","osmId":"way/383610754"},"geometry":{"type":"LineString","coordinates":[[120.6871791,27.796478],[120.6868452,27.7971385],[120.6865015,27.7982402],[120.6863085,27.7989738],[120.6862468,27.7997957],[120.6862441,27.8001174],[120.6862283,27.8004046]]}},{"type":"Feature","id":"way/383610755","properties":{"highway":"unclassified","osm_type":"way","osm_id":383610755,"kind":"road","source_url":"https://www.openstreetmap.org/way/383610755","osmId":"way/383610755","source":"OpenStreetMap","name":""},"geometry":{"type":"LineString","coordinates":[[120.6932969,27.8015044],[120.6925935,27.8007118],[120.6932801,27.8001827],[120.6924427,27.7990774],[120.6920865,27.7986144],[120.6919016,27.7984519],[120.6912491,27.7975478],[120.6902486,27.7963045],[120.6895432,27.79571],[120.6886763,27.7947935]]}},{"type":"Feature","id":"way/383610757","properties":{"highway":"primary","oneway":"yes","source":"OpenStreetMap","osm_type":"way","osm_id":383610757,"kind":"road","source_url":"https://www.openstreetmap.org/way/383610757","osmId":"way/383610757","name":""},"geometry":{"type":"LineString","coordinates":[[120.7157304,27.77498],[120.7155394,27.7751313],[120.7153222,27.7752947],[120.7119799,27.77781],[120.7082033,27.7802875],[120.7033174,27.783919],[120.7031297,27.7840773],[120.7007173,27.7858525],[120.7006605,27.7858943],[120.7005914,27.7859451],[120.7004946,27.7860171],[120.7003431,27.7861251],[120.6968135,27.7887119],[120.696031,27.7892856],[120.6959195,27.7893763]]}},{"type":"Feature","id":"way/383610760","properties":{"bridge":"yes","highway":"primary","layer":"1","name":"南川路","oneway":"yes","source":"OpenStreetMap","osm_type":"way","osm_id":383610760,"kind":"road","source_url":"https://www.openstreetmap.org/way/383610760","osmId":"way/383610760"},"geometry":{"type":"LineString","coordinates":[[120.687729,27.7957567],[120.6871791,27.796478]]}},{"type":"Feature","id":"way/383610768","properties":{"bridge":"yes","highway":"primary","layer":"1","name":"瑞安大桥","oneway":"yes","source":"OpenStreetMap","osm_type":"way","osm_id":383610768,"kind":"road","source_url":"https://www.openstreetmap.org/way/383610768","osmId":"way/383610768"},"geometry":{"type":"LineString","coordinates":[[120.6733957,27.7414754],[120.6659826,27.7349511],[120.6521605,27.7227197]]}},{"type":"Feature","id":"way/383610770","properties":{"highway":"secondary","oneway":"yes","osm_type":"way","osm_id":383610770,"kind":"road","source_url":"https://www.openstreetmap.org/way/383610770","osmId":"way/383610770","source":"OpenStreetMap","name":""},"geometry":{"type":"LineString","coordinates":[[120.6584421,27.7400793],[120.6585192,27.7401749],[120.6594187,27.7410578],[120.6603522,27.7419742],[120.6607065,27.742335],[120.6625728,27.7442356],[120.6628238,27.7444144]]}},{"type":"Feature","id":"way/383614604","properties":{"highway":"primary","lanes":"2","name":"塘下大道","oneway":"yes","source":"OpenStreetMap","osm_type":"way","osm_id":383614604,"kind":"road","source_url":"https://www.openstreetmap.org/way/383614604","osmId":"way/383614604"},"geometry":{"type":"LineString","coordinates":[[120.6934062,27.8341426],[120.6933451,27.832848],[120.6931853,27.8308412],[120.693142,27.8301988],[120.6931303,27.8300483],[120.6931257,27.8299888],[120.6931231,27.8299129],[120.6930359,27.825633],[120.6929037,27.8229267],[120.6926382,27.8198681],[120.6923591,27.8166539],[120.69235,27.81654],[120.6922724,27.815571]]}},{"type":"Feature","id":"way/383614605","properties":{"waterway":"canal","osm_type":"way","osm_id":383614605,"kind":"water","source_url":"https://www.openstreetmap.org/way/383614605","osmId":"way/383614605","source":"OpenStreetMap","name":""},"geometry":{"type":"LineString","coordinates":[[120.6791841,27.7804535],[120.6800434,27.7800111],[120.6821752,27.7790868],[120.6832212,27.7784982],[120.684233,27.7780557],[120.6854507,27.7776617],[120.6869817,27.776652],[120.6885695,27.7753799],[120.6956506,27.7705006],[120.7065387,27.7628945],[120.7066027,27.7628498],[120.7074737,27.7622413],[120.7117085,27.7591962],[120.7196511,27.7534848],[120.721786,27.7519495],[120.7226819,27.7513418],[120.7247053,27.7497307],[120.7254338,27.749177],[120.7279444,27.7470501],[120.7285505,27.7464234],[120.729543,27.7454597],[120.7307285,27.7445576],[120.7332444,27.7426918],[120.7347288,27.7416664],[120.7350039,27.7414763],[120.7385954,27.7394253]]}},{"type":"Feature","id":"way/383614606","properties":{"highway":"tertiary","osm_type":"way","osm_id":383614606,"kind":"road","source_url":"https://www.openstreetmap.org/way/383614606","osmId":"way/383614606","source":"OpenStreetMap","name":""},"geometry":{"type":"LineString","coordinates":[[120.7088858,27.7891211],[120.7086208,27.7892581],[120.7054996,27.7908709],[120.7054028,27.7909136],[120.7051456,27.791056],[120.7044539,27.7914722],[120.7032572,27.7921922],[120.7020637,27.7929103],[120.6996836,27.7943387],[120.6995912,27.7943878],[120.6989852,27.7948275],[120.696539,27.7963746],[120.6950531,27.7975458],[120.6940627,27.7980912],[120.693773,27.7982573],[120.6928341,27.7988431]]}},{"type":"Feature","id":"way/383614607","properties":{"waterway":"canal","osm_type":"way","osm_id":383614607,"kind":"water","source_url":"https://www.openstreetmap.org/way/383614607","osmId":"way/383614607","source":"OpenStreetMap","name":""},"geometry":{"type":"LineString","coordinates":[[120.6564608,27.7585624],[120.6570938,27.7587641],[120.6573218,27.7589137],[120.6575552,27.7591415],[120.6578717,27.7594287],[120.6588319,27.7601455],[120.6592938,27.7604695],[120.6627104,27.7624786],[120.6647435,27.763682],[120.6649366,27.7637294],[120.6660208,27.7643667],[120.6673136,27.7650693],[120.6683543,27.7658098]]}},{"type":"Feature","id":"way/383614608","properties":{"highway":"tertiary","osm_type":"way","osm_id":383614608,"kind":"road","source_url":"https://www.openstreetmap.org/way/383614608","osmId":"way/383614608","source":"OpenStreetMap","name":""},"geometry":{"type":"LineString","coordinates":[[120.6720807,27.7738983],[120.6718594,27.7733817],[120.6715972,27.7729178],[120.6711895,27.7724266],[120.6705103,27.771217]]}},{"type":"Feature","id":"way/383614609","properties":{"waterway":"canal","osm_type":"way","osm_id":383614609,"kind":"water","source_url":"https://www.openstreetmap.org/way/383614609","osmId":"way/383614609","source":"OpenStreetMap","name":""},"geometry":{"type":"LineString","coordinates":[[120.6921337,27.7852395],[120.6924131,27.7855841],[120.6926814,27.7859495],[120.6928235,27.7862224],[120.6928697,27.7864087],[120.6927833,27.7865831],[120.6926229,27.7867789],[120.6907122,27.7880256],[120.6904388,27.7880867],[120.6902455,27.788221],[120.6901289,27.7883776],[120.6893614,27.788924],[120.6883643,27.789661]]}},{"type":"Feature","id":"way/383614610","properties":{"highway":"tertiary","osm_type":"way","osm_id":383614610,"kind":"road","source_url":"https://www.openstreetmap.org/way/383614610","osmId":"way/383614610","source":"OpenStreetMap","name":""},"geometry":{"type":"LineString","coordinates":[[120.6860823,27.8010999],[120.6863266,27.8010026],[120.688245,27.8004638]]}},{"type":"Feature","id":"way/383614612","properties":{"highway":"unclassified","osm_type":"way","osm_id":383614612,"kind":"road","source_url":"https://www.openstreetmap.org/way/383614612","osmId":"way/383614612","source":"OpenStreetMap","name":""},"geometry":{"type":"LineString","coordinates":[[120.696732,27.7903655],[120.6962586,27.7906897],[120.6953408,27.7912529],[120.695302,27.7912931],[120.6945842,27.7903529]]}},{"type":"Feature","id":"way/383614613","properties":{"highway":"unclassified","osm_type":"way","osm_id":383614613,"kind":"road","source_url":"https://www.openstreetmap.org/way/383614613","osmId":"way/383614613","source":"OpenStreetMap","name":""},"geometry":{"type":"LineString","coordinates":[[120.6984396,27.7814264],[120.6978372,27.7817292],[120.6964226,27.7826699],[120.6949206,27.7835526],[120.6924652,27.7850843],[120.6923449,27.7851507],[120.6921534,27.785206],[120.6916869,27.7854572],[120.6910887,27.7856447],[120.6906697,27.7857526],[120.6904471,27.7857858],[120.6900507,27.7857538],[120.6896961,27.7858926],[120.6893232,27.7861109],[120.6888222,27.7864491],[120.6886453,27.7864182],[120.6884086,27.786277],[120.6882477,27.7861061]]}},{"type":"Feature","id":"way/383614614","properties":{"highway":"unclassified","osm_type":"way","osm_id":383614614,"kind":"road","source_url":"https://www.openstreetmap.org/way/383614614","osmId":"way/383614614","source":"OpenStreetMap","name":""},"geometry":{"type":"LineString","coordinates":[[120.6934331,27.7800683],[120.6942071,27.7795731],[120.6956747,27.7786762],[120.6964623,27.7781657],[120.6967583,27.7779738],[120.6973699,27.7775822],[120.6974117,27.7775561],[120.6985339,27.776856],[120.6990167,27.7765499],[120.7009962,27.7752969],[120.7019028,27.7746585],[120.7028228,27.7740154],[120.7029837,27.7739323],[120.7032197,27.7738872]]}},{"type":"Feature","id":"way/383614618","properties":{"highway":"tertiary","osm_type":"way","osm_id":383614618,"kind":"road","source_url":"https://www.openstreetmap.org/way/383614618","osmId":"way/383614618","source":"OpenStreetMap","name":""},"geometry":{"type":"LineString","coordinates":[[120.6635429,27.7724635],[120.6646455,27.7720861],[120.6667846,27.7713597],[120.6699755,27.7701391]]}},{"type":"Feature","id":"way/383614620","properties":{"highway":"tertiary","osm_type":"way","osm_id":383614620,"kind":"road","source_url":"https://www.openstreetmap.org/way/383614620","osmId":"way/383614620","source":"OpenStreetMap","name":""},"geometry":{"type":"LineString","coordinates":[[120.7018161,27.798169],[120.7017125,27.7982243],[120.6996578,27.799427],[120.6992346,27.7996156],[120.6986096,27.7998339],[120.6979386,27.8001009],[120.6976351,27.8002935],[120.6942195,27.8026406],[120.6906024,27.8050069],[120.690262,27.8051496]]}},{"type":"Feature","id":"way/383614625","properties":{"highway":"unclassified","osm_type":"way","osm_id":383614625,"kind":"road","source_url":"https://www.openstreetmap.org/way/383614625","osmId":"way/383614625","source":"OpenStreetMap","name":""},"geometry":{"type":"LineString","coordinates":[[120.6895432,27.79571],[120.68968,27.795633],[120.6900266,27.7950079],[120.691239,27.7938215],[120.6916864,27.7934974]]}},{"type":"Feature","id":"way/383614630","properties":{"waterway":"canal","osm_type":"way","osm_id":383614630,"kind":"water","source_url":"https://www.openstreetmap.org/way/383614630","osmId":"way/383614630","source":"OpenStreetMap","name":""},"geometry":{"type":"LineString","coordinates":[[120.6819786,27.7824435],[120.6838549,27.7816414],[120.6841814,27.7814361],[120.684343,27.7811075],[120.6852067,27.7809389],[120.6857484,27.7805996],[120.686427,27.780379],[120.6870541,27.7799862],[120.6879345,27.779527],[120.694309,27.7752516],[120.6988317,27.7722758],[120.703901,27.7689152],[120.7087769,27.7655844]]}},{"type":"Feature","id":"way/383614631","properties":{"highway":"unclassified","osm_type":"way","osm_id":383614631,"kind":"road","source_url":"https://www.openstreetmap.org/way/383614631","osmId":"way/383614631","source":"OpenStreetMap","name":""},"geometry":{"type":"LineString","coordinates":[[120.6860113,27.7836062],[120.6862628,27.7837949],[120.6866598,27.7840701],[120.6872156,27.7837605],[120.6881222,27.7833097]]}},{"type":"Feature","id":"way/383614632","properties":{"highway":"secondary","lanes":"2","name":"虹桥北路","oneway":"yes","osm_type":"way","osm_id":383614632,"kind":"road","source_url":"https://www.openstreetmap.org/way/383614632","osmId":"way/383614632","source":"OpenStreetMap"},"geometry":{"type":"LineString","coordinates":[[120.6318556,27.7902286],[120.6320078,27.7933164],[120.6320449,27.7947811],[120.6320576,27.7962821],[120.6320708,27.7965012],[120.6320801,27.7970484],[120.6323332,27.7985963],[120.6325844,27.8001329],[120.632754,27.8009031],[120.6328313,27.8011947],[120.6331557,27.8014727],[120.633493,27.8016644],[120.6338016,27.8018097],[120.6341668,27.8019249],[120.6346369,27.8020451],[120.6350991,27.8020759]]}},{"type":"Feature","id":"way/383614633","properties":{"highway":"unclassified","osm_type":"way","osm_id":383614633,"kind":"road","source_url":"https://www.openstreetmap.org/way/383614633","osmId":"way/383614633","source":"OpenStreetMap","name":""},"geometry":{"type":"LineString","coordinates":[[120.689352,27.778383],[120.6884998,27.7775476],[120.6878815,27.7769531],[120.6874293,27.7765089]]}},{"type":"Feature","id":"way/383614635","properties":{"highway":"unclassified","osm_type":"way","osm_id":383614635,"kind":"road","source_url":"https://www.openstreetmap.org/way/383614635","osmId":"way/383614635","source":"OpenStreetMap","name":""},"geometry":{"type":"LineString","coordinates":[[120.6771453,27.7950233],[120.6788472,27.7947943],[120.6796047,27.7942825],[120.6817669,27.7928011],[120.6818616,27.7927526],[120.683651,27.791387],[120.683704,27.791177],[120.6840962,27.7908626],[120.6850001,27.7903406],[120.6853858,27.7901472],[120.6856111,27.7900048]]}},{"type":"Feature","id":"way/383614640","properties":{"highway":"unclassified","osm_type":"way","osm_id":383614640,"kind":"road","source_url":"https://www.openstreetmap.org/way/383614640","osmId":"way/383614640","source":"OpenStreetMap","name":""},"geometry":{"type":"LineString","coordinates":[[120.6785418,27.7891363],[120.6794077,27.7896667],[120.6795412,27.7896797],[120.6796619,27.7896346],[120.6798932,27.7893463],[120.6806517,27.7884007],[120.6812739,27.7876034],[120.6820518,27.7865048],[120.6823119,27.7861536],[120.6824487,27.7861133],[120.6826285,27.7860136],[120.6828859,27.7858048]]}},{"type":"Feature","id":"way/383614642","properties":{"waterway":"canal","osm_type":"way","osm_id":383614642,"kind":"water","source_url":"https://www.openstreetmap.org/way/383614642","osmId":"way/383614642","source":"OpenStreetMap","name":""},"geometry":{"type":"LineString","coordinates":[[120.6775382,27.7779987],[120.6790939,27.7772203],[120.6800005,27.7770898],[120.6801882,27.776938],[120.6802489,27.776666],[120.6828399,27.7748292],[120.6837814,27.7743973],[120.6847286,27.7737306],[120.6858064,27.773213]]}},{"type":"Feature","id":"way/383614643","properties":{"highway":"unclassified","osm_type":"way","osm_id":383614643,"kind":"road","source_url":"https://www.openstreetmap.org/way/383614643","osmId":"way/383614643","source":"OpenStreetMap","name":""},"geometry":{"type":"LineString","coordinates":[[120.6819049,27.7843917],[120.6813792,27.7847714],[120.6800595,27.7862236],[120.6802064,27.7866044],[120.6796646,27.7874243],[120.6798135,27.7875382]]}},{"type":"Feature","id":"way/383614644","properties":{"waterway":"canal","osm_type":"way","osm_id":383614644,"kind":"water","source_url":"https://www.openstreetmap.org/way/383614644","osmId":"way/383614644","source":"OpenStreetMap","name":""},"geometry":{"type":"LineString","coordinates":[[120.6760704,27.7902706],[120.6763601,27.7896346],[120.6765908,27.7892028],[120.6767195,27.7888136],[120.6776959,27.7871977],[120.6778729,27.7871123],[120.6786185,27.7863482],[120.6791851,27.7855687],[120.6806731,27.7835433],[120.6811052,27.7828784]]}},{"type":"Feature","id":"way/383614647","properties":{"highway":"unclassified","osm_type":"way","osm_id":383614647,"kind":"road","source_url":"https://www.openstreetmap.org/way/383614647","osmId":"way/383614647","source":"OpenStreetMap","name":""},"geometry":{"type":"LineString","coordinates":[[120.6702439,27.768127],[120.6695184,27.7685082],[120.6691483,27.7686127],[120.6688254,27.7686529],[120.6681793,27.7687199],[120.6681182,27.7687134],[120.6680845,27.7687099],[120.6676388,27.7684145],[120.6671936,27.7681335]]}},{"type":"Feature","id":"way/383614648","properties":{"highway":"tertiary","osm_type":"way","osm_id":383614648,"kind":"road","source_url":"https://www.openstreetmap.org/way/383614648","osmId":"way/383614648","source":"OpenStreetMap","name":""},"geometry":{"type":"LineString","coordinates":[[120.6912893,27.7801805],[120.6891633,27.781639],[120.689073,27.7817195],[120.6860113,27.7836062],[120.6856976,27.7832503],[120.684506,27.7839467],[120.6835571,27.784406],[120.6821757,27.7851297],[120.681068,27.7859341],[120.6798135,27.7875382],[120.6792709,27.788186],[120.6785418,27.7891363],[120.6770205,27.791228],[120.6769717,27.7913265],[120.6769037,27.7914751]]}},{"type":"Feature","id":"way/383614649","properties":{"waterway":"canal","osm_type":"way","osm_id":383614649,"kind":"water","source_url":"https://www.openstreetmap.org/way/383614649","osmId":"way/383614649","source":"OpenStreetMap","name":""},"geometry":{"type":"LineString","coordinates":[[120.6740338,27.7741441],[120.6796947,27.7708222],[120.6802064,27.7704484],[120.6809467,27.76995],[120.681805,27.7691241],[120.6823093,27.7685877],[120.6844497,27.766765],[120.685941,27.7657207],[120.686413,27.7654976],[120.6866437,27.7652128],[120.6869334,27.7645435],[120.6872392,27.7642017],[120.6888056,27.763034],[120.6890202,27.7628299],[120.6892776,27.7624929],[120.6897819,27.7621606],[120.6906509,27.7617001],[120.6910211,27.7613679],[120.6916755,27.7606463],[120.6921852,27.7602381],[120.6928611,27.7598298],[120.6929952,27.7597681],[120.6933439,27.7590703],[120.6944221,27.7572949],[120.6947547,27.7568012],[120.6951785,27.7560179],[120.695495,27.7556476],[120.6965196,27.7547552],[120.6980699,27.7535161],[120.6984784,27.7530776]]}},{"type":"Feature","id":"way/383614650","properties":{"highway":"tertiary","osm_type":"way","osm_id":383614650,"kind":"road","source_url":"https://www.openstreetmap.org/way/383614650","osmId":"way/383614650","source":"OpenStreetMap","name":""},"geometry":{"type":"LineString","coordinates":[[120.6938038,27.7878844],[120.693213,27.7883118],[120.6916805,27.7894929],[120.6913054,27.7897651],[120.6895275,27.7910554],[120.6869581,27.7929293],[120.6864956,27.7931296]]}},{"type":"Feature","id":"way/383614651","properties":{"highway":"unclassified","osm_type":"way","osm_id":383614651,"kind":"road","source_url":"https://www.openstreetmap.org/way/383614651","osmId":"way/383614651","source":"OpenStreetMap","name":""},"geometry":{"type":"LineString","coordinates":[[120.6856976,27.7832503],[120.6842867,27.7813306],[120.68381,27.7808567],[120.6829891,27.779862],[120.6826559,27.7796029],[120.6823529,27.779148]]}},{"type":"Feature","id":"way/383614652","properties":{"highway":"tertiary","name":"镇府路","osm_type":"way","osm_id":383614652,"kind":"road","source_url":"https://www.openstreetmap.org/way/383614652","osmId":"way/383614652","source":"OpenStreetMap"},"geometry":{"type":"LineString","coordinates":[[120.6712083,27.7843028],[120.6695667,27.7848141],[120.6691879,27.7849292],[120.6678817,27.7853302],[120.6646815,27.7858615],[120.6644665,27.7858891]]}},{"type":"Feature","id":"way/383614667","properties":{"waterway":"canal","osm_type":"way","osm_id":383614667,"kind":"water","source_url":"https://www.openstreetmap.org/way/383614667","osmId":"way/383614667","source":"OpenStreetMap","name":""},"geometry":{"type":"LineString","coordinates":[[120.6722281,27.7710769],[120.6740621,27.7700248],[120.6741801,27.7696356],[120.6754139,27.7687337],[120.6756714,27.7681546],[120.675489,27.7676705],[120.6760255,27.7668161],[120.6761616,27.7665941],[120.6764299,27.7659486],[120.6767303,27.7654596],[120.6777817,27.7646812],[120.6779534,27.7645008],[120.678522,27.7636843],[120.678935,27.7631194],[120.679155,27.7628869],[120.6795895,27.7626305],[120.6806946,27.7616622],[120.6815636,27.7609786],[120.682041,27.7606273],[120.6824863,27.7601621],[120.6833446,27.7592744],[120.6841627,27.7585078],[120.6848654,27.7577957],[120.6853589,27.757283],[120.6857774,27.7568558],[120.6860295,27.7565994],[120.686295,27.7564357],[120.6868502,27.7558256],[120.6872284,27.7554482],[120.6879204,27.7548145],[120.6886151,27.754176],[120.6901038,27.7527708],[120.6912678,27.7516409],[120.6925124,27.7504351],[120.6925687,27.7502713],[120.6929952,27.749882],[120.6943899,27.7485408],[120.6946152,27.7482987]]}},{"type":"Feature","id":"way/383614673","properties":{"highway":"unclassified","osm_type":"way","osm_id":383614673,"kind":"road","source_url":"https://www.openstreetmap.org/way/383614673","osmId":"way/383614673","source":"OpenStreetMap","name":""},"geometry":{"type":"LineString","coordinates":[[120.6920082,27.7900143],[120.6916805,27.7894929],[120.6903684,27.7881673]]}},{"type":"Feature","id":"way/383614674","properties":{"highway":"unclassified","osm_type":"way","osm_id":383614674,"kind":"road","source_url":"https://www.openstreetmap.org/way/383614674","osmId":"way/383614674","source":"OpenStreetMap","name":""},"geometry":{"type":"LineString","coordinates":[[120.6950475,27.7883368],[120.6921067,27.790133],[120.6920494,27.7901658],[120.6901074,27.7916639],[120.6868509,27.7941157]]}},{"type":"Feature","id":"way/383614675","properties":{"waterway":"canal","osm_type":"way","osm_id":383614675,"kind":"water","source_url":"https://www.openstreetmap.org/way/383614675","osmId":"way/383614675","source":"OpenStreetMap","name":""},"geometry":{"type":"LineString","coordinates":[[120.7137824,27.771809],[120.710789,27.7737947],[120.7091386,27.7747702],[120.7068622,27.7761156],[120.7066834,27.7761889],[120.7059824,27.7764763],[120.7047808,27.7772642],[120.7043463,27.7774446],[120.7036435,27.7779619],[120.7003632,27.7800051],[120.6990865,27.7808523],[120.6981558,27.7814551],[120.6975496,27.7817185],[120.6968575,27.7822263],[120.6961146,27.7827199],[120.6957015,27.7830094],[120.6951758,27.7832253],[120.694294,27.7837747],[120.6932178,27.7845257],[120.6926841,27.7847749],[120.6920379,27.7851209],[120.6915005,27.7854394],[120.6913899,27.7853907],[120.6909487,27.7849719],[120.6907555,27.7848247],[120.6902754,27.7845946],[120.6899005,27.784349],[120.6893769,27.7842125],[120.6891549,27.7842327],[120.6885508,27.7846349],[120.6879178,27.7850739],[120.6870809,27.7854536],[120.6849304,27.786684],[120.6838838,27.7873681]]}},{"type":"Feature","id":"way/383614676","properties":{"waterway":"canal","osm_type":"way","osm_id":383614676,"kind":"water","source_url":"https://www.openstreetmap.org/way/383614676","osmId":"way/383614676","source":"OpenStreetMap","name":""},"geometry":{"type":"LineString","coordinates":[[120.6849116,27.7893155],[120.6863138,27.7882418],[120.6877199,27.787282],[120.6881169,27.7869308]]}},{"type":"Feature","id":"way/383614678","properties":{"highway":"unclassified","osm_type":"way","osm_id":383614678,"kind":"road","source_url":"https://www.openstreetmap.org/way/383614678","osmId":"way/383614678","source":"OpenStreetMap","name":""},"geometry":{"type":"LineString","coordinates":[[120.6677716,27.76782],[120.6677222,27.7677457],[120.6675068,27.7674711],[120.6672385,27.7667496]]}},{"type":"Feature","id":"way/383614681","properties":{"highway":"unclassified","osm_type":"way","osm_id":383614681,"kind":"road","source_url":"https://www.openstreetmap.org/way/383614681","osmId":"way/383614681","source":"OpenStreetMap","name":""},"geometry":{"type":"LineString","coordinates":[[120.6658975,27.7662654],[120.6648508,27.7646539],[120.6644813,27.7640819]]}},{"type":"Feature","id":"way/383614682","properties":{"waterway":"canal","osm_type":"way","osm_id":383614682,"kind":"water","source_url":"https://www.openstreetmap.org/way/383614682","osmId":"way/383614682","source":"OpenStreetMap","name":""},"geometry":{"type":"LineString","coordinates":[[120.6818002,27.7740762],[120.6816785,27.7740389],[120.680611,27.7745919],[120.6799757,27.7747605],[120.6792002,27.7748101],[120.6791872,27.7749409],[120.6789775,27.7751519],[120.6764653,27.7763281],[120.6761419,27.7763422]]}},{"type":"Feature","id":"way/383614684","properties":{"waterway":"canal","osm_type":"way","osm_id":383614684,"kind":"water","source_url":"https://www.openstreetmap.org/way/383614684","osmId":"way/383614684","source":"OpenStreetMap","name":""},"geometry":{"type":"LineString","coordinates":[[120.6831097,27.7858441],[120.6837462,27.7854762],[120.6842418,27.7852898],[120.6847621,27.7850063],[120.685308,27.7848188],[120.6855936,27.7845803],[120.6858813,27.7843846],[120.6861079,27.7841948],[120.68601,27.7839278],[120.6860241,27.7838186],[120.6877354,27.7829003],[120.6878808,27.7829181],[120.6881705,27.7831458],[120.6893957,27.782466],[120.6937833,27.7797368],[120.6989868,27.7765094],[120.7017767,27.7746205],[120.7042444,27.7730068],[120.7104242,27.7690007],[120.7111951,27.7685675],[120.712173,27.7678615],[120.712806,27.7674248],[120.7137501,27.7668077],[120.7147801,27.7661147],[120.7155043,27.7657017],[120.7160783,27.765379],[120.7170707,27.7647904],[120.718267,27.7640831],[120.7194257,27.7633663],[120.7200533,27.7630198],[120.7199353,27.7628014],[120.7193184,27.7620134],[120.7190126,27.7616479],[120.7186049,27.7611875],[120.7182401,27.7606748],[120.7179505,27.7601431],[120.7177466,27.7598393],[120.7176769,27.7596162],[120.7181275,27.7594263],[120.7187873,27.759094],[120.7198226,27.7584959],[120.7204449,27.7581636],[120.7205629,27.7581043],[120.7211584,27.7577981],[120.7231486,27.7566208],[120.7241464,27.7560227],[120.725069,27.7554767],[120.725584,27.7550827],[120.7262599,27.7544988],[120.7270914,27.7539386],[120.7281107,27.7531601],[120.7294786,27.7522771],[120.7308143,27.7513941],[120.7309292,27.751306]]}},{"type":"Feature","id":"way/383614686","properties":{"highway":"unclassified","osm_type":"way","osm_id":383614686,"kind":"road","source_url":"https://www.openstreetmap.org/way/383614686","osmId":"way/383614686","source":"OpenStreetMap","name":""},"geometry":{"type":"LineString","coordinates":[[120.6732038,27.7722841],[120.67565,27.7706418],[120.6761864,27.7702241],[120.6768368,27.7698183]]}},{"type":"Feature","id":"way/383614687","properties":{"highway":"tertiary","osm_type":"way","osm_id":383614687,"kind":"road","source_url":"https://www.openstreetmap.org/way/383614687","osmId":"way/383614687","source":"OpenStreetMap","name":""},"geometry":{"type":"LineString","coordinates":[[120.6691291,27.7685727],[120.6691483,27.7686127],[120.6697333,27.7697104],[120.6699755,27.7701391],[120.6700759,27.7703169],[120.6705103,27.771217]]}},{"type":"Feature","id":"way/383614688","properties":{"highway":"unclassified","osm_type":"way","osm_id":383614688,"kind":"road","source_url":"https://www.openstreetmap.org/way/383614688","osmId":"way/383614688","source":"OpenStreetMap","name":""},"geometry":{"type":"LineString","coordinates":[[120.6892385,27.774759],[120.689204,27.7747284],[120.6876732,27.773372],[120.685595,27.7744449],[120.685432,27.774572],[120.683426,27.7760736],[120.6833444,27.7761476],[120.6811834,27.7773921],[120.6810036,27.7774956],[120.6800166,27.7778658],[120.677734,27.7790998],[120.6759437,27.7799716],[120.6731683,27.7808935],[120.6724715,27.7811644],[120.6703923,27.7819556]]}},{"type":"Feature","id":"way/383614690","properties":{"waterway":"canal","osm_type":"way","osm_id":383614690,"kind":"water","source_url":"https://www.openstreetmap.org/way/383614690","osmId":"way/383614690","source":"OpenStreetMap","name":""},"geometry":{"type":"LineString","coordinates":[[120.6696847,27.7669395],[120.6704357,27.7667496],[120.6723884,27.7677654],[120.6726566,27.7677749],[120.6728819,27.7675281],[120.6730536,27.7667116],[120.6734935,27.7663319],[120.6737906,27.7661147],[120.6739602,27.7658857]]}},{"type":"Feature","id":"way/383614691","properties":{"waterway":"canal","osm_type":"way","osm_id":383614691,"kind":"water","source_url":"https://www.openstreetmap.org/way/383614691","osmId":"way/383614691","source":"OpenStreetMap","name":""},"geometry":{"type":"LineString","coordinates":[[120.6680962,27.7923017],[120.6689653,27.7920264],[120.6695393,27.7919529],[120.6700543,27.7919149],[120.6712693,27.7919814],[120.6713122,27.7916634],[120.6709743,27.7902136],[120.6708482,27.7892929],[120.6704089,27.7877945],[120.6683436,27.7813305],[120.6672707,27.7787486],[120.6663819,27.7757301]]}},{"type":"Feature","id":"way/383614692","properties":{"highway":"unclassified","osm_type":"way","osm_id":383614692,"kind":"road","source_url":"https://www.openstreetmap.org/way/383614692","osmId":"way/383614692","source":"OpenStreetMap","name":""},"geometry":{"type":"LineString","coordinates":[[120.689458,27.7883735],[120.6900698,27.787903]]}},{"type":"Feature","id":"way/383614693","properties":{"highway":"unclassified","osm_type":"way","osm_id":383614693,"kind":"road","source_url":"https://www.openstreetmap.org/way/383614693","osmId":"way/383614693","source":"OpenStreetMap","name":""},"geometry":{"type":"LineString","coordinates":[[120.6841794,27.7884684],[120.6832076,27.7893613],[120.6816406,27.7908012],[120.6799929,27.7923152],[120.6799044,27.7923836],[120.6794586,27.7927798],[120.6791443,27.7930562],[120.6788412,27.7932983],[120.6785381,27.7934454],[120.6782538,27.7935142],[120.67691,27.7936708],[120.6753919,27.7938843],[120.6743377,27.7940148],[120.6740212,27.7946484]]}},{"type":"Feature","id":"way/383614694","properties":{"waterway":"canal","osm_type":"way","osm_id":383614694,"kind":"water","source_url":"https://www.openstreetmap.org/way/383614694","osmId":"way/383614694","source":"OpenStreetMap","name":""},"geometry":{"type":"LineString","coordinates":[[120.6647435,27.763682],[120.6645222,27.7638979],[120.6644189,27.7640166],[120.6643733,27.7641436],[120.664313,27.7647108],[120.6643626,27.764966],[120.6649822,27.7661859],[120.6651679,27.7665598],[120.6657574,27.7671163],[120.6661463,27.7675055],[120.6663126,27.7675791],[120.6670388,27.7679363],[120.6680891,27.7686075],[120.6684107,27.7686041],[120.6687936,27.7685544],[120.6698135,27.7682496],[120.670309,27.7680069]]}},{"type":"Feature","id":"way/383614697","properties":{"highway":"tertiary","osm_type":"way","osm_id":383614697,"kind":"road","source_url":"https://www.openstreetmap.org/way/383614697","osmId":"way/383614697","source":"OpenStreetMap","name":""},"geometry":{"type":"LineString","coordinates":[[120.6818616,27.7927526],[120.6816186,27.7926351],[120.6811117,27.7925176],[120.6799929,27.7923152],[120.6772847,27.7918367],[120.677073,27.7917288]]}},{"type":"Feature","id":"way/383614700","properties":{"highway":"tertiary","name":"富民南路","osm_type":"way","osm_id":383614700,"kind":"road","source_url":"https://www.openstreetmap.org/way/383614700","osmId":"way/383614700","source":"OpenStreetMap"},"geometry":{"type":"LineString","coordinates":[[120.6712083,27.7843028],[120.6703923,27.7819556],[120.6697427,27.7799426],[120.6696262,27.7797571],[120.6691445,27.7780113],[120.6687431,27.7765563],[120.6684831,27.7756137]]}},{"type":"Feature","id":"way/383614701","properties":{"waterway":"canal","osm_type":"way","osm_id":383614701,"kind":"water","source_url":"https://www.openstreetmap.org/way/383614701","osmId":"way/383614701","source":"OpenStreetMap","name":""},"geometry":{"type":"LineString","coordinates":[[120.6556828,27.7589435],[120.6559646,27.7591652],[120.6564689,27.7598061],[120.6569818,27.7606641],[120.6593528,27.7648414],[120.661225,27.7680573],[120.6620899,27.7698532]]}},{"type":"Feature","id":"way/383614702","properties":{"waterway":"canal","osm_type":"way","osm_id":383614702,"kind":"water","source_url":"https://www.openstreetmap.org/way/383614702","osmId":"way/383614702","source":"OpenStreetMap","name":""},"geometry":{"type":"LineString","coordinates":[[120.6740945,27.7744928],[120.6740338,27.7741441],[120.673936,27.7737864],[120.6736967,27.7732987],[120.6730825,27.7723968],[120.6722281,27.7710769],[120.6708327,27.7689046],[120.670309,27.7680069],[120.6696847,27.7669395],[120.669041,27.7660566],[120.6683543,27.7658098]]}},{"type":"Feature","id":"way/383615619","properties":{"highway":"primary","oneway":"yes","osm_type":"way","osm_id":383615619,"kind":"road","source_url":"https://www.openstreetmap.org/way/383615619","osmId":"way/383615619","source":"OpenStreetMap","name":""},"geometry":{"type":"LineString","coordinates":[[120.6185587,27.8039115],[120.6189508,27.8040887],[120.6213725,27.8049632],[120.6223768,27.805247],[120.6254151,27.805586],[120.626572,27.8055251],[120.6275795,27.8054721],[120.6294944,27.8051847]]}},{"type":"Feature","id":"way/383615620","properties":{"highway":"secondary","name":"沿江西路","osm_type":"way","osm_id":383615620,"kind":"road","source_url":"https://www.openstreetmap.org/way/383615620","osmId":"way/383615620","source":"OpenStreetMap"},"geometry":{"type":"LineString","coordinates":[[120.6170542,27.7925628],[120.6162082,27.7934032],[120.6161301,27.7934836],[120.6132458,27.7960854],[120.6117206,27.7973165],[120.6110718,27.7977062],[120.6096949,27.7985548],[120.6071518,27.8001221],[120.6067071,27.8003598],[120.6057178,27.8004965],[120.6052795,27.8006337],[120.604248,27.8008974],[120.6039904,27.8012108],[120.6039809,27.801765],[120.6040028,27.8021842],[120.6040317,27.8025026],[120.60396,27.8028814]]}},{"type":"Feature","id":"way/383615621","properties":{"highway":"primary","layer":"-1","oneway":"yes","tunnel":"yes","osm_type":"way","osm_id":383615621,"kind":"road","source_url":"https://www.openstreetmap.org/way/383615621","osmId":"way/383615621","source":"OpenStreetMap","name":""},"geometry":{"type":"LineString","coordinates":[[120.6144436,27.8020647],[120.6185587,27.8039115]]}},{"type":"Feature","id":"way/383615623","properties":{"highway":"tertiary","osm_type":"way","osm_id":383615623,"kind":"road","source_url":"https://www.openstreetmap.org/way/383615623","osmId":"way/383615623","source":"OpenStreetMap","name":""},"geometry":{"type":"LineString","coordinates":[[120.6223131,27.7889867],[120.6214495,27.7890958],[120.6206781,27.7895211]]}},{"type":"Feature","id":"way/383615625","properties":{"highway":"unclassified","osm_type":"way","osm_id":383615625,"kind":"road","source_url":"https://www.openstreetmap.org/way/383615625","osmId":"way/383615625","source":"OpenStreetMap","name":""},"geometry":{"type":"LineString","coordinates":[[120.6222033,27.7924951],[120.6221742,27.7924188],[120.620913,27.7899121],[120.6206781,27.7895211],[120.62028,27.7888585],[120.6195612,27.7885927],[120.6194264,27.7885049],[120.6193574,27.7884599],[120.6188271,27.7881237]]}},{"type":"Feature","id":"way/383615626","properties":{"highway":"primary","oneway":"yes","osm_type":"way","osm_id":383615626,"kind":"road","source_url":"https://www.openstreetmap.org/way/383615626","osmId":"way/383615626","source":"OpenStreetMap","name":""},"geometry":{"type":"LineString","coordinates":[[120.6095135,27.8018808],[120.6125972,27.8015412],[120.6133235,27.8016494],[120.6138835,27.8018502],[120.6144436,27.8020647]]}},{"type":"Feature","id":"way/383615627","properties":{"highway":"primary","layer":"-1","oneway":"yes","tunnel":"yes","osm_type":"way","osm_id":383615627,"kind":"road","source_url":"https://www.openstreetmap.org/way/383615627","osmId":"way/383615627","source":"OpenStreetMap","name":""},"geometry":{"type":"LineString","coordinates":[[120.6045974,27.8024288],[120.6095135,27.8018808]]}},{"type":"Feature","id":"way/383615628","properties":{"highway":"primary","layer":"-1","oneway":"yes","tunnel":"yes","osm_type":"way","osm_id":383615628,"kind":"road","source_url":"https://www.openstreetmap.org/way/383615628","osmId":"way/383615628","source":"OpenStreetMap","name":""},"geometry":{"type":"LineString","coordinates":[[120.6184116,27.8041772],[120.6145184,27.8025176]]}},{"type":"Feature","id":"way/383615629","properties":{"highway":"tertiary","osm_type":"way","osm_id":383615629,"kind":"road","source_url":"https://www.openstreetmap.org/way/383615629","osmId":"way/383615629","source":"OpenStreetMap","name":""},"geometry":{"type":"LineString","coordinates":[[120.6310576,27.7750362],[120.6305744,27.7746417],[120.6300068,27.7743417],[120.62934,27.7740091],[120.6282521,27.7734664],[120.6277127,27.7731626],[120.6276179,27.7731057]]}},{"type":"Feature","id":"way/383615630","properties":{"highway":"primary","oneway":"yes","osm_type":"way","osm_id":383615630,"kind":"road","source_url":"https://www.openstreetmap.org/way/383615630","osmId":"way/383615630","source":"OpenStreetMap","name":""},"geometry":{"type":"LineString","coordinates":[[120.6046691,27.8027984],[120.60396,27.8028814],[120.6015835,27.8030967],[120.6003778,27.8031966],[120.5995325,27.8032497],[120.5985151,27.8032813],[120.5970475,27.8033396]]}},{"type":"Feature","id":"way/383615632","properties":{"highway":"unclassified","osm_type":"way","osm_id":383615632,"kind":"road","source_url":"https://www.openstreetmap.org/way/383615632","osmId":"way/383615632","source":"OpenStreetMap","name":""},"geometry":{"type":"LineString","coordinates":[[120.6323294,27.7707676],[120.6317462,27.7705267],[120.6307659,27.770077],[120.6301081,27.771063],[120.6295819,27.7717724],[120.6291253,27.7723842],[120.6282521,27.7734664],[120.6273933,27.7745515],[120.6268546,27.7752233],[120.6268519,27.7754701],[120.6267741,27.7756006],[120.6265255,27.7758257],[120.6256288,27.7766781]]}},{"type":"Feature","id":"way/383615633","properties":{"highway":"primary","layer":"-1","oneway":"yes","tunnel":"yes","osm_type":"way","osm_id":383615633,"kind":"road","source_url":"https://www.openstreetmap.org/way/383615633","osmId":"way/383615633","source":"OpenStreetMap","name":""},"geometry":{"type":"LineString","coordinates":[[120.6098239,27.8022751],[120.6093617,27.8023416],[120.6046691,27.8027984]]}},{"type":"Feature","id":"way/383615635","properties":{"highway":"primary","oneway":"yes","osm_type":"way","osm_id":383615635,"kind":"road","source_url":"https://www.openstreetmap.org/way/383615635","osmId":"way/383615635","source":"OpenStreetMap","name":""},"geometry":{"type":"LineString","coordinates":[[120.6145184,27.8025176],[120.6136064,27.8021171],[120.6129358,27.801989],[120.612671,27.8019907],[120.6122224,27.8019937],[120.6116478,27.8020611],[120.6098239,27.8022751]]}},{"type":"Feature","id":"way/383615636","properties":{"highway":"unclassified","osm_type":"way","osm_id":383615636,"kind":"road","source_url":"https://www.openstreetmap.org/way/383615636","osmId":"way/383615636","source":"OpenStreetMap","name":""},"geometry":{"type":"LineString","coordinates":[[120.6344765,27.7717649],[120.6340981,27.7724023],[120.6337774,27.7729427],[120.6327443,27.772482],[120.631658,27.7724299],[120.6312668,27.7724965],[120.6310699,27.7726355],[120.6310419,27.7727112],[120.6306325,27.7732993],[120.6300068,27.7743417]]}},{"type":"Feature","id":"way/383615637","properties":{"highway":"tertiary","osm_type":"way","osm_id":383615637,"kind":"road","source_url":"https://www.openstreetmap.org/way/383615637","osmId":"way/383615637","source":"OpenStreetMap","name":""},"geometry":{"type":"LineString","coordinates":[[120.6236838,27.7863534],[120.6223384,27.7869118],[120.621943,27.7869317],[120.6213851,27.7871785],[120.6206555,27.7872544],[120.6202157,27.7870361],[120.6197543,27.7875202],[120.6194754,27.788346],[120.6194264,27.7885049],[120.6182885,27.7900547]]}},{"type":"Feature","id":"way/383615638","properties":{"highway":"primary_link","oneway":"yes","osm_type":"way","osm_id":383615638,"kind":"road","source_url":"https://www.openstreetmap.org/way/383615638","osmId":"way/383615638","source":"OpenStreetMap","name":""},"geometry":{"type":"LineString","coordinates":[[120.6003778,27.8031966],[120.599797,27.803168],[120.5986657,27.8031911]]}},{"type":"Feature","id":"way/383615639","properties":{"highway":"secondary","lanes":"2","name":"滨江大道","oneway":"yes","osm_type":"way","osm_id":383615639,"kind":"road","source_url":"https://www.openstreetmap.org/way/383615639","osmId":"way/383615639","source":"OpenStreetMap"},"geometry":{"type":"LineString","coordinates":[[120.6207178,27.7819016],[120.6212285,27.7812907],[120.6214892,27.7809524],[120.6215837,27.7808206],[120.6215998,27.7807982],[120.621753,27.7805462],[120.6221204,27.7800739],[120.6225337,27.7795234],[120.6226838,27.7793003],[120.6235877,27.7782799],[120.623711,27.7781091],[120.6245935,27.7769462],[120.6258757,27.7753054],[120.626235,27.7748436],[120.6276179,27.7731057],[120.6282306,27.7723422],[120.6292283,27.7710559],[120.6298184,27.7699025],[120.6299204,27.7697364],[120.6306039,27.7685986],[120.6306446,27.7685308],[120.6312078,27.7674011],[120.631755,27.7664232],[120.6319034,27.766207],[120.6322861,27.7655451],[120.632565,27.764928],[120.6327242,27.7644394],[120.6327953,27.7642306]]}},{"type":"Feature","id":"way/383615640","properties":{"highway":"tertiary","osm_type":"way","osm_id":383615640,"kind":"road","source_url":"https://www.openstreetmap.org/way/383615640","osmId":"way/383615640","source":"OpenStreetMap","name":""},"geometry":{"type":"LineString","coordinates":[[120.6227672,27.7888122],[120.623143,27.7903002],[120.6230194,27.7905208],[120.6229761,27.790598]]}},{"type":"Feature","id":"way/383615642","properties":{"cycleway:both":"track","cycleway:both:segregated":"no","highway":"tertiary","lanes":"2","lit":"yes","name":"仓前街","sidewalk":"both","surface":"asphalt","osm_type":"way","osm_id":383615642,"kind":"road","source_url":"https://www.openstreetmap.org/way/383615642","osmId":"way/383615642","source":"OpenStreetMap"},"geometry":{"type":"LineString","coordinates":[[120.6243723,27.7885304],[120.6236838,27.7863534],[120.6235059,27.7857907],[120.6233448,27.7852814],[120.6229501,27.7840334]]}},{"type":"Feature","id":"way/383616201","properties":{"source":"OpenStreetMap","waterway":"river","osm_type":"way","osm_id":383616201,"kind":"water","source_url":"https://www.openstreetmap.org/way/383616201","osmId":"way/383616201","name":""},"geometry":{"type":"LineString","coordinates":[[120.6036605,27.750658],[120.6050767,27.7514746],[120.606214,27.752519],[120.6065788,27.7529178],[120.6072487,27.7528032],[120.607755,27.7513317],[120.6085958,27.7511897]]}},{"type":"Feature","id":"way/383616204","properties":{"source":"OpenStreetMap","waterway":"river","osm_type":"way","osm_id":383616204,"kind":"water","source_url":"https://www.openstreetmap.org/way/383616204","osmId":"way/383616204","name":""},"geometry":{"type":"LineString","coordinates":[[120.5995932,27.7469445],[120.6002488,27.7472398],[120.6008844,27.7463466],[120.6010903,27.7457062],[120.6018136,27.7446532],[120.6031319,27.7431873],[120.6040513,27.7419608],[120.6055344,27.7396782],[120.6055791,27.7396094],[120.6042212,27.7388707]]}},{"type":"Feature","id":"way/383616205","properties":{"source":"OpenStreetMap","waterway":"river","osm_type":"way","osm_id":383616205,"kind":"water","source_url":"https://www.openstreetmap.org/way/383616205","osmId":"way/383616205","name":""},"geometry":{"type":"LineString","coordinates":[[120.5991759,27.7476386],[120.5995932,27.7469445],[120.5985997,27.7463945],[120.6006876,27.7428046],[120.6026329,27.7407551],[120.6042212,27.7388707],[120.6054175,27.7373393],[120.6059176,27.7362267],[120.6068165,27.7346773],[120.6073234,27.7332116],[120.606215,27.7324758]]}},{"type":"Feature","id":"way/383616210","properties":{"source":"OpenStreetMap","waterway":"river","osm_type":"way","osm_id":383616210,"kind":"water","source_url":"https://www.openstreetmap.org/way/383616210","osmId":"way/383616210","name":""},"geometry":{"type":"LineString","coordinates":[[120.604577,27.7575911],[120.6033816,27.7565636],[120.6021736,27.7555278]]}},{"type":"Feature","id":"way/383616213","properties":{"source":"OpenStreetMap","waterway":"river","osm_type":"way","osm_id":383616213,"kind":"water","source_url":"https://www.openstreetmap.org/way/383616213","osmId":"way/383616213","name":""},"geometry":{"type":"LineString","coordinates":[[120.60716,27.7479174],[120.6078979,27.7468265],[120.6091415,27.7437221],[120.6094457,27.7420472],[120.6095939,27.7390268],[120.6095913,27.7374985],[120.6094727,27.7357601],[120.6096011,27.7346115],[120.6098174,27.7332834],[120.6098782,27.7324219]]}},{"type":"Feature","id":"way/383616214","properties":{"source":"OpenStreetMap","waterway":"river","osm_type":"way","osm_id":383616214,"kind":"water","source_url":"https://www.openstreetmap.org/way/383616214","osmId":"way/383616214","name":""},"geometry":{"type":"LineString","coordinates":[[120.594894,27.7483878],[120.5951307,27.7486868],[120.5953402,27.7487167],[120.5958944,27.7483698],[120.5963608,27.7479331],[120.5966222,27.7471589],[120.5971715,27.746425],[120.5972973,27.746033],[120.5967823,27.7454063],[120.5993529,27.7418512],[120.601761,27.7385956],[120.6032479,27.7367052],[120.6048227,27.7347251],[120.6054107,27.733768],[120.6059041,27.7328287],[120.606215,27.7324758],[120.6073572,27.731375],[120.6076479,27.73104],[120.607925,27.7306153],[120.6077357,27.7303221],[120.6073428,27.7299856]]}},{"type":"Feature","id":"way/383616215","properties":{"source":"OpenStreetMap","waterway":"river","osm_type":"way","osm_id":383616215,"kind":"water","source_url":"https://www.openstreetmap.org/way/383616215","osmId":"way/383616215","name":""},"geometry":{"type":"LineString","coordinates":[[120.5991739,27.7625869],[120.6013239,27.7606054],[120.604577,27.7575911],[120.6053749,27.75692],[120.6057738,27.7567585],[120.6061726,27.7568542],[120.606443,27.7567884],[120.606612,27.7563338],[120.6063484,27.7560167],[120.606781,27.7556398],[120.6076734,27.7550775],[120.6077375,27.7545698],[120.6082525,27.7538672],[120.609261,27.7532026],[120.6089702,27.7517679],[120.6085958,27.7511897],[120.6088012,27.7507503],[120.6091108,27.7500883],[120.6100174,27.7485027],[120.6108985,27.7466331],[120.6113414,27.7452725],[120.6127212,27.7426493],[120.6129512,27.7417447],[120.6131939,27.7406441],[120.6135346,27.739747],[120.6135482,27.7394031],[120.6135347,27.7391399],[120.6130481,27.7389904],[120.6131427,27.738117],[120.612237,27.7379256],[120.612237,27.7350242],[120.6122573,27.7336244],[120.6120816,27.7328407],[120.6120546,27.7309024],[120.6139605,27.7308725],[120.6138389,27.7301785],[120.6149068,27.7296341]]}},{"type":"Feature","id":"way/383616218","properties":{"source":"OpenStreetMap","waterway":"river","osm_type":"way","osm_id":383616218,"kind":"water","source_url":"https://www.openstreetmap.org/way/383616218","osmId":"way/383616218","name":""},"geometry":{"type":"LineString","coordinates":[[120.5936036,27.7585099],[120.5970079,27.7552311],[120.5987189,27.7534504],[120.5991162,27.7529391],[120.5999883,27.7519175],[120.6002323,27.7512908],[120.6007519,27.7511983],[120.6014289,27.7515315],[120.602931,27.7513796],[120.6036605,27.750658],[120.6032834,27.7498651],[120.604109,27.748701],[120.6045493,27.7481966],[120.6051944,27.7473649],[120.6060933,27.7460071],[120.606384,27.7452773],[120.6064583,27.7443501],[120.6067674,27.7399619],[120.606776,27.7398398],[120.6069382,27.7390622],[120.6079182,27.7372616],[120.6081167,27.7371628],[120.6095913,27.7374985]]}},{"type":"Feature","id":"way/383616219","properties":{"source":"OpenStreetMap","waterway":"river","osm_type":"way","osm_id":383616219,"kind":"water","source_url":"https://www.openstreetmap.org/way/383616219","osmId":"way/383616219","name":""},"geometry":{"type":"LineString","coordinates":[[120.6033816,27.7565636],[120.6039883,27.7560941],[120.6052373,27.7548791],[120.605668,27.7544087],[120.6069436,27.7533925],[120.6072487,27.7528032]]}},{"type":"Feature","id":"way/383617007","properties":{"highway":"tertiary","osm_type":"way","osm_id":383617007,"kind":"road","source_url":"https://www.openstreetmap.org/way/383617007","osmId":"way/383617007","source":"OpenStreetMap","name":""},"geometry":{"type":"LineString","coordinates":[[120.6168276,27.743235],[120.6159186,27.7427727],[120.6158183,27.7426997],[120.6141991,27.7416635],[120.613786,27.7414071],[120.6133139,27.7410937],[120.612917,27.7408564],[120.6113291,27.7398973],[120.6110233,27.7396267],[120.610857,27.7392848],[120.6107564,27.7377971],[120.6107336,27.7374603],[120.6105888,27.7371862],[120.6100631,27.7368396],[120.6097681,27.7367209],[120.6092799,27.7365215],[120.6081212,27.7360657],[120.6068981,27.7355671],[120.6066942,27.7354342],[120.6064207,27.7349214],[120.6062373,27.7344057],[120.6061417,27.7342495],[120.6058011,27.7336133],[120.6057531,27.7335182]]}},{"type":"Feature","id":"way/456533071","properties":{"name":"瑞平塘河","name:en":"Ruiping River","waterway":"canal","osm_type":"way","osm_id":456533071,"kind":"water","source_url":"https://www.openstreetmap.org/way/456533071","osmId":"way/456533071","source":"OpenStreetMap"},"geometry":{"type":"LineString","coordinates":[[120.5564075,27.6695981],[120.5565952,27.6698689],[120.5571478,27.6702489],[120.5574374,27.6703154],[120.5578451,27.6705815],[120.5579471,27.6708285],[120.5580544,27.6710803],[120.5575828,27.6716819],[120.5572901,27.6722148],[120.5554542,27.6747191],[120.5553103,27.6749154],[120.5545754,27.6759245],[120.5528197,27.6783354],[120.5497043,27.682613],[120.5477019,27.6855709],[120.5466039,27.6869254],[120.545983,27.6879134],[120.5456979,27.688367],[120.5454714,27.6895078],[120.5453854,27.6900408],[120.54499,27.693306],[120.5449759,27.6945469],[120.5451882,27.6966277],[120.5464199,27.7007766],[120.5480671,27.706294],[120.5486425,27.7077329],[120.5488466,27.7081399],[120.5513889,27.7132099],[120.5533934,27.7174815],[120.5537531,27.718248],[120.5549457,27.7198529],[120.5565561,27.7220201],[120.5595857,27.7261305],[120.5620314,27.7299741],[120.5629267,27.731381],[120.5662819,27.7362929],[120.5665579,27.7365326],[120.5670322,27.7369445],[120.5679985,27.7379981],[120.5694141,27.7394378],[120.57137,27.7413751],[120.572226,27.7421885],[120.5736434,27.7437481],[120.575024,27.7449064],[120.5750341,27.7449149],[120.5754271,27.7454646],[120.5758169,27.7457736],[120.5786832,27.7480455],[120.5793707,27.7485329],[120.5838431,27.7517034],[120.5865196,27.7536007],[120.5885505,27.7547357],[120.5888538,27.7548923],[120.5890601,27.7549988],[120.5893008,27.7551241],[120.5899803,27.7554749],[120.5907872,27.7561388],[120.5920189,27.7570033],[120.5922795,27.7572638],[120.5927258,27.7577217],[120.5936036,27.7585099],[120.5942864,27.7591068],[120.5947936,27.7595464],[120.5955298,27.7600725],[120.5975974,27.7617445],[120.598347,27.7621771],[120.5991739,27.7625869],[120.5997626,27.7628786],[120.6004563,27.7633547],[120.6020583,27.7645152],[120.6040952,27.765915],[120.6045125,27.7661465],[120.6046557,27.7662784],[120.6047759,27.7664219],[120.6049576,27.7665287],[120.6061221,27.7672467],[120.6071396,27.7679127],[120.6078395,27.7682723],[120.6083983,27.7685783],[120.6108191,27.768666],[120.6119804,27.7687339],[120.6125321,27.7687662],[120.6153261,27.7687487],[120.6239442,27.7685993]]}},{"type":"Feature","id":"way/456533079","properties":{"source":"OpenStreetMap","waterway":"river","osm_type":"way","osm_id":456533079,"kind":"water","source_url":"https://www.openstreetmap.org/way/456533079","osmId":"way/456533079","name":""},"geometry":{"type":"LineString","coordinates":[[120.6046489,27.7759164],[120.6048931,27.776118],[120.6054678,27.7766044],[120.6062835,27.7775415],[120.6068866,27.7772837],[120.6080928,27.7764635],[120.6082921,27.7762283],[120.6084659,27.7760339],[120.6084863,27.775654],[120.6091917,27.7744918],[120.6096926,27.7742702],[120.610541,27.7731216],[120.6108777,27.7722515],[120.611191,27.771377],[120.6105599,27.7707808],[120.6092608,27.7694976],[120.6078395,27.7682723]]}},{"type":"Feature","id":"way/549400199","properties":{"highway":"unclassified","osm_type":"way","osm_id":549400199,"kind":"road","source_url":"https://www.openstreetmap.org/way/549400199","osmId":"way/549400199","source":"OpenStreetMap","name":""},"geometry":{"type":"LineString","coordinates":[[120.6424241,27.7790792],[120.6424045,27.7791831],[120.6424356,27.7792291],[120.6426394,27.7794237],[120.6427708,27.779502],[120.6428953,27.7796414]]}},{"type":"Feature","id":"way/549400200","properties":{"highway":"unclassified","osm_type":"way","osm_id":549400200,"kind":"road","source_url":"https://www.openstreetmap.org/way/549400200","osmId":"way/549400200","source":"OpenStreetMap","name":""},"geometry":{"type":"LineString","coordinates":[[120.6486099,27.7785603],[120.6485044,27.7785745],[120.6477061,27.7787284],[120.6464802,27.7789964],[120.6456327,27.77919]]}},{"type":"Feature","id":"way/549400201","properties":{"highway":"unclassified","osm_type":"way","osm_id":549400201,"kind":"road","source_url":"https://www.openstreetmap.org/way/549400201","osmId":"way/549400201","source":"OpenStreetMap","name":""},"geometry":{"type":"LineString","coordinates":[[120.6436318,27.7803042],[120.6433314,27.7802994],[120.6431785,27.7803113],[120.6429153,27.7802924]]}},{"type":"Feature","id":"way/549400203","properties":{"bridge":"yes","highway":"unclassified","layer":"1","osm_type":"way","osm_id":549400203,"kind":"road","source_url":"https://www.openstreetmap.org/way/549400203","osmId":"way/549400203","source":"OpenStreetMap","name":""},"geometry":{"type":"LineString","coordinates":[[120.6429747,27.7796183],[120.6431678,27.7797987],[120.6435661,27.7802211]]}},{"type":"Feature","id":"way/549400205","properties":{"highway":"unclassified","osm_type":"way","osm_id":549400205,"kind":"road","source_url":"https://www.openstreetmap.org/way/549400205","osmId":"way/549400205","source":"OpenStreetMap","name":""},"geometry":{"type":"LineString","coordinates":[[120.6417945,27.7784626],[120.6424241,27.7790792],[120.6429747,27.7796183]]}},{"type":"Feature","id":"way/549400206","properties":{"bridge":"yes","highway":"primary","lanes":"2","layer":"1","oneway":"yes","osm_type":"way","osm_id":549400206,"kind":"road","source_url":"https://www.openstreetmap.org/way/549400206","osmId":"way/549400206","source":"OpenStreetMap","name":""},"geometry":{"type":"LineString","coordinates":[[120.6431893,27.7793727],[120.6439904,27.7801704]]}},{"type":"Feature","id":"way/549400209","properties":{"bridge":"yes","highway":"primary","lanes":"2","layer":"1","oneway":"yes","osm_type":"way","osm_id":549400209,"kind":"road","source_url":"https://www.openstreetmap.org/way/549400209","osmId":"way/549400209","source":"OpenStreetMap","name":""},"geometry":{"type":"LineString","coordinates":[[120.6437498,27.7802579],[120.6430323,27.7795471]]}},{"type":"Feature","id":"way/549400212","properties":{"highway":"trunk","lanes":"2","oneway":"yes","ref":"G104","osm_type":"way","osm_id":549400212,"kind":"road","source_url":"https://www.openstreetmap.org/way/549400212","osmId":"way/549400212","source":"OpenStreetMap","name":""},"geometry":{"type":"LineString","coordinates":[[120.6475284,27.784372],[120.6475693,27.7840227],[120.647423,27.7837291]]}},{"type":"Feature","id":"way/549400214","properties":{"highway":"primary","lanes":"2","name":"瑞祥大道","oneway":"yes","osm_type":"way","osm_id":549400214,"kind":"road","source_url":"https://www.openstreetmap.org/way/549400214","osmId":"way/549400214","source":"OpenStreetMap"},"geometry":{"type":"LineString","coordinates":[[120.631916,27.7702901],[120.6325167,27.7705338],[120.6342119,27.7713312],[120.6350434,27.7716872],[120.6364757,27.7725274],[120.6368517,27.7728853],[120.6374413,27.7734956],[120.6382666,27.7743516],[120.639528,27.77566],[120.6396783,27.7758071],[120.6408512,27.7769812],[120.6414799,27.7776123],[120.642162,27.7783274],[120.6431893,27.7793727]]}},{"type":"Feature","id":"way/549400215","properties":{"bridge":"yes","highway":"trunk","lanes":"2","layer":"1","oneway":"yes","ref":"G104","osm_type":"way","osm_id":549400215,"kind":"road","source_url":"https://www.openstreetmap.org/way/549400215","osmId":"way/549400215","source":"OpenStreetMap","name":""},"geometry":{"type":"LineString","coordinates":[[120.6332247,27.7710039],[120.6319374,27.7704626],[120.6316156,27.7703865]]}},{"type":"Feature","id":"way/549400216","properties":{"bridge":"yes","highway":"trunk","lanes":"2","layer":"1","oneway":"yes","ref":"G104","osm_type":"way","osm_id":549400216,"kind":"road","source_url":"https://www.openstreetmap.org/way/549400216","osmId":"way/549400216","source":"OpenStreetMap","name":""},"geometry":{"type":"LineString","coordinates":[[120.631916,27.7702901],[120.6332247,27.7710039]]}},{"type":"Feature","id":"way/549400217","properties":{"bridge":"yes","highway":"trunk","lanes":"2","layer":"2","name":"瑞祥大道","oneway":"no","ref":"G104","osm_type":"way","osm_id":549400217,"kind":"road","source_url":"https://www.openstreetmap.org/way/549400217","osmId":"way/549400217","source":"OpenStreetMap"},"geometry":{"type":"LineString","coordinates":[[120.6430444,27.7793858],[120.6451157,27.7814536],[120.6464966,27.7828141],[120.647423,27.7837291]]}},{"type":"Feature","id":"way/549400218","properties":{"highway":"unclassified","osm_type":"way","osm_id":549400218,"kind":"road","source_url":"https://www.openstreetmap.org/way/549400218","osmId":"way/549400218","source":"OpenStreetMap","name":""},"geometry":{"type":"LineString","coordinates":[[120.6435661,27.7802211],[120.6436318,27.7803042],[120.6436157,27.7804418],[120.6438893,27.7807313],[120.6440207,27.7808761],[120.6440395,27.7810778],[120.6440945,27.7812027]]}},{"type":"Feature","id":"way/549400219","properties":{"bridge":"yes","highway":"trunk","lanes":"2","layer":"1","name":"瑞祥大道","oneway":"no","ref":"G104","osm_type":"way","osm_id":549400219,"kind":"road","source_url":"https://www.openstreetmap.org/way/549400219","osmId":"way/549400219","source":"OpenStreetMap"},"geometry":{"type":"LineString","coordinates":[[120.6332247,27.7710039],[120.6352903,27.7719886],[120.6358956,27.7723106],[120.6363155,27.7726198],[120.6367601,27.7730109],[120.6392385,27.7754905],[120.6413759,27.7777094],[120.6415334,27.7778826],[120.6430444,27.7793858]]}},{"type":"Feature","id":"way/549400221","properties":{"highway":"tertiary","osm_type":"way","osm_id":549400221,"kind":"road","source_url":"https://www.openstreetmap.org/way/549400221","osmId":"way/549400221","source":"OpenStreetMap","name":""},"geometry":{"type":"LineString","coordinates":[[120.637726,27.7812273],[120.6378279,27.7812028],[120.6388521,27.7809757],[120.638946,27.7810137],[120.6410093,27.7807211],[120.6420413,27.7805201],[120.6429153,27.7802924],[120.6430578,27.7802306],[120.6441065,27.7799506],[120.6448361,27.7799173]]}},{"type":"Feature","id":"way/549400222","properties":{"highway":"tertiary","name":"周松北路","osm_type":"way","osm_id":549400222,"kind":"road","source_url":"https://www.openstreetmap.org/way/549400222","osmId":"way/549400222","source":"OpenStreetMap"},"geometry":{"type":"LineString","coordinates":[[120.6372708,27.8019229],[120.6371731,27.800115],[120.6370636,27.7983784],[120.6370389,27.7979868],[120.636996,27.7976593],[120.6368592,27.7973722],[120.6363067,27.7968313],[120.6362691,27.7967719],[120.636187,27.7963702],[120.6362085,27.7961718],[120.6366956,27.7954931],[120.6366016,27.7931263],[120.6365776,27.7925224],[120.6366257,27.7921204]]}},{"type":"Feature","id":"way/549400223","properties":{"highway":"unclassified","osm_type":"way","osm_id":549400223,"kind":"road","source_url":"https://www.openstreetmap.org/way/549400223","osmId":"way/549400223","source":"OpenStreetMap","name":""},"geometry":{"type":"LineString","coordinates":[[120.6277799,27.7948951],[120.6287356,27.7948384],[120.6301169,27.7947775],[120.6319522,27.794787],[120.6320449,27.7947811]]}},{"type":"Feature","id":"way/549400224","properties":{"highway":"unclassified","osm_type":"way","osm_id":549400224,"kind":"road","source_url":"https://www.openstreetmap.org/way/549400224","osmId":"way/549400224","source":"OpenStreetMap","name":""},"geometry":{"type":"LineString","coordinates":[[120.6299215,27.7909562],[120.6300801,27.7915421],[120.6301403,27.7921237],[120.6301169,27.7947775],[120.6301522,27.7963087]]}},{"type":"Feature","id":"way/549400225","properties":{"highway":"unclassified","osm_type":"way","osm_id":549400225,"kind":"road","source_url":"https://www.openstreetmap.org/way/549400225","osmId":"way/549400225","source":"OpenStreetMap","name":""},"geometry":{"type":"LineString","coordinates":[[120.6289361,27.7963496],[120.6287511,27.7964901],[120.6267071,27.796594],[120.6252901,27.7966221],[120.6224584,27.7964042]]}},{"type":"Feature","id":"way/549400226","properties":{"highway":"unclassified","osm_type":"way","osm_id":549400226,"kind":"road","source_url":"https://www.openstreetmap.org/way/549400226","osmId":"way/549400226","source":"OpenStreetMap","name":""},"geometry":{"type":"LineString","coordinates":[[120.6293785,27.8015101],[120.6292283,27.8012919],[120.6286704,27.8009312],[120.6279087,27.8011021],[120.6277263,27.800899],[120.627619,27.8007794],[120.6275761,27.8005896],[120.6273106,27.8005155],[120.6259775,27.8001435]]}},{"type":"Feature","id":"way/549400227","properties":{"highway":"unclassified","osm_type":"way","osm_id":549400227,"kind":"road","source_url":"https://www.openstreetmap.org/way/549400227","osmId":"way/549400227","source":"OpenStreetMap","name":""},"geometry":{"type":"LineString","coordinates":[[120.6262879,27.7878902],[120.627834,27.787364],[120.6300866,27.7867326],[120.6310099,27.7864857],[120.6310851,27.7864258]]}},{"type":"Feature","id":"way/549400228","properties":{"highway":"living_street","name":"忠义街","osm_type":"way","osm_id":549400228,"kind":"road","source_url":"https://www.openstreetmap.org/way/549400228","osmId":"way/549400228","source":"OpenStreetMap"},"geometry":{"type":"LineString","coordinates":[[120.6258702,27.7864479],[120.6276726,27.7860539],[120.6306124,27.7853752],[120.6307351,27.7853825]]}},{"type":"Feature","id":"way/549400229","properties":{"highway":"unclassified","osm_type":"way","osm_id":549400229,"kind":"road","source_url":"https://www.openstreetmap.org/way/549400229","osmId":"way/549400229","source":"OpenStreetMap","name":""},"geometry":{"type":"LineString","coordinates":[[120.6276726,27.7860539],[120.627834,27.787364],[120.6278765,27.7875773],[120.6283783,27.7891545],[120.6284773,27.789675],[120.6285452,27.7903298],[120.6286471,27.7913131],[120.628644,27.7914669],[120.6287241,27.7933861],[120.6287241,27.7935569],[120.6287356,27.7948384],[120.6287511,27.7964901],[120.6287885,27.7970164],[120.6292927,27.7980461],[120.6293571,27.7987152],[120.6293785,27.8015101],[120.6296682,27.8020321],[120.6301832,27.8027154],[120.6303786,27.8027916],[120.6308162,27.8028198],[120.631535,27.8027344]]}},{"type":"Feature","id":"way/549400230","properties":{"highway":"tertiary","osm_type":"way","osm_id":549400230,"kind":"road","source_url":"https://www.openstreetmap.org/way/549400230","osmId":"way/549400230","source":"OpenStreetMap","name":""},"geometry":{"type":"LineString","coordinates":[[120.6350278,27.788427],[120.6342516,27.7869558],[120.6333559,27.7849793],[120.6333053,27.784858]]}},{"type":"Feature","id":"way/549400231","properties":{"highway":"tertiary","osm_type":"way","osm_id":549400231,"kind":"road","source_url":"https://www.openstreetmap.org/way/549400231","osmId":"way/549400231","source":"OpenStreetMap","name":""},"geometry":{"type":"LineString","coordinates":[[120.626551,27.7895521],[120.6282627,27.7891909],[120.6283783,27.7891545],[120.6314005,27.7882029],[120.6314587,27.7880912],[120.6324041,27.7875963],[120.6342516,27.7869558],[120.6347859,27.7867706],[120.6362953,27.7862985],[120.6370067,27.7860112],[120.6374895,27.7842173],[120.6371785,27.7836468]]}},{"type":"Feature","id":"way/549400232","properties":{"highway":"tertiary","osm_type":"way","osm_id":549400232,"kind":"road","source_url":"https://www.openstreetmap.org/way/549400232","osmId":"way/549400232","source":"OpenStreetMap","name":""},"geometry":{"type":"LineString","coordinates":[[120.6351909,27.7817351],[120.6357723,27.7841332],[120.6357954,27.7842245],[120.6359339,27.7849861],[120.6362953,27.7862985],[120.6364488,27.786856],[120.6368127,27.7872833],[120.6369826,27.7874009]]}},{"type":"Feature","id":"way/549400233","properties":{"highway":"secondary","name":"商城大道","oneway":"yes","osm_type":"way","osm_id":549400233,"kind":"road","source_url":"https://www.openstreetmap.org/way/549400233","osmId":"way/549400233","source":"OpenStreetMap"},"geometry":{"type":"LineString","coordinates":[[120.6393113,27.7838592],[120.6387095,27.7829825],[120.638654,27.7828456],[120.6380481,27.7818565],[120.637726,27.7812273],[120.6376112,27.780924],[120.6374761,27.7805676],[120.637317,27.7803409],[120.6368599,27.7800843],[120.6366279,27.780033],[120.6359982,27.7799266]]}},{"type":"Feature","id":"way/549400235","properties":{"highway":"unclassified","osm_type":"way","osm_id":549400235,"kind":"road","source_url":"https://www.openstreetmap.org/way/549400235","osmId":"way/549400235","source":"OpenStreetMap","name":""},"geometry":{"type":"LineString","coordinates":[[120.6246031,27.782027],[120.6251864,27.7818934],[120.6260303,27.7817306],[120.626387,27.7816817],[120.6267047,27.7816384],[120.6272512,27.7815298],[120.6275243,27.7815149],[120.6275604,27.7815759],[120.6276523,27.7818635],[120.6283117,27.7818032],[120.6294338,27.7815186],[120.6295292,27.781464],[120.6302739,27.781319],[120.6310873,27.7811533],[120.6319795,27.7809491],[120.6321047,27.7812035],[120.6324448,27.7810858],[120.6326844,27.7809315],[120.6323631,27.7802137],[120.6322184,27.7802553],[120.6316147,27.7787646],[120.6310207,27.7789238],[120.6307768,27.7784966]]}},{"type":"Feature","id":"way/549400236","properties":{"highway":"unclassified","osm_type":"way","osm_id":549400236,"kind":"road","source_url":"https://www.openstreetmap.org/way/549400236","osmId":"way/549400236","source":"OpenStreetMap","name":""},"geometry":{"type":"LineString","coordinates":[[120.6354817,27.7798581],[120.6353148,27.7801734],[120.6352058,27.7803575],[120.635128,27.7804615],[120.6346933,27.780583],[120.6346834,27.780499],[120.634166,27.7806239],[120.6338981,27.7797847],[120.633591,27.7788225]]}},{"type":"Feature","id":"way/549400237","properties":{"highway":"secondary","oneway":"yes","osm_type":"way","osm_id":549400237,"kind":"road","source_url":"https://www.openstreetmap.org/way/549400237","osmId":"way/549400237","source":"OpenStreetMap","name":""},"geometry":{"type":"LineString","coordinates":[[120.6368517,27.7728853],[120.6368034,27.7732009],[120.6366831,27.7733876],[120.636097,27.7740896],[120.6360074,27.7742713],[120.6359292,27.7744479],[120.6357818,27.775016],[120.6357052,27.7752254],[120.6355594,27.775523],[120.6353476,27.7757992],[120.6349525,27.7762458],[120.6346847,27.7764532],[120.6343878,27.7766575],[120.6340173,27.7768599],[120.6337181,27.7770188],[120.6322555,27.7769215],[120.6321567,27.7769145],[120.631597,27.7768745],[120.6313769,27.7768833],[120.6311376,27.7769275],[120.6303561,27.7772022],[120.629992,27.7772803],[120.6296521,27.7773385],[120.6292495,27.7773762],[120.628249,27.7774697],[120.628151,27.7774814]]}},{"type":"Feature","id":"way/549400238","properties":{"highway":"unclassified","osm_type":"way","osm_id":549400238,"kind":"road","source_url":"https://www.openstreetmap.org/way/549400238","osmId":"way/549400238","source":"OpenStreetMap","name":""},"geometry":{"type":"LineString","coordinates":[[120.6315467,27.7782533],[120.6319803,27.7792624],[120.6325972,27.7790773],[120.633591,27.7788225],[120.6342816,27.7786454],[120.6345669,27.7785843]]}},{"type":"Feature","id":"way/549400239","properties":{"highway":"unclassified","osm_type":"way","osm_id":549400239,"kind":"road","source_url":"https://www.openstreetmap.org/way/549400239","osmId":"way/549400239","source":"OpenStreetMap","name":""},"geometry":{"type":"LineString","coordinates":[[120.6243166,27.7813503],[120.6246926,27.7812247],[120.6250692,27.7810644],[120.6254939,27.7808565],[120.6260432,27.7805884],[120.626533,27.7803379],[120.6264877,27.7802152],[120.6267446,27.7801119],[120.6288932,27.7791689],[120.6289696,27.7791305],[120.6291962,27.7790251],[120.6301296,27.7786833],[120.6307768,27.7784966],[120.6313473,27.7783321],[120.6315467,27.7782533],[120.6324524,27.7778955],[120.6338893,27.7772711]]}},{"type":"Feature","id":"way/549400240","properties":{"highway":"secondary","lanes":"2","osm_type":"way","osm_id":549400240,"kind":"road","source_url":"https://www.openstreetmap.org/way/549400240","osmId":"way/549400240","source":"OpenStreetMap","name":""},"geometry":{"type":"LineString","coordinates":[[120.6235518,27.7803805],[120.6259177,27.7787642],[120.6274528,27.7777155],[120.6281323,27.7773809]]}},{"type":"Feature","id":"way/549400241","properties":{"highway":"secondary","name":"滨江大道","osm_type":"way","osm_id":549400241,"kind":"road","source_url":"https://www.openstreetmap.org/way/549400241","osmId":"way/549400241","source":"OpenStreetMap"},"geometry":{"type":"LineString","coordinates":[[120.6159176,27.7917191],[120.6159088,27.79158],[120.6168394,27.7905215],[120.6182133,27.7884744],[120.6186002,27.7877291],[120.6187205,27.7870245],[120.6193437,27.7852755],[120.6194754,27.7847844],[120.6199412,27.7831729],[120.6202885,27.7824826],[120.6207178,27.7819016]]}},{"type":"Feature","id":"way/549400242","properties":{"highway":"secondary","lanes":"2","name":"滨江大道","oneway":"yes","osm_type":"way","osm_id":549400242,"kind":"road","source_url":"https://www.openstreetmap.org/way/549400242","osmId":"way/549400242","source":"OpenStreetMap"},"geometry":{"type":"LineString","coordinates":[[120.6277127,27.7731626],[120.6263065,27.7748869],[120.6259456,27.7753531],[120.6246651,27.7769894],[120.6243434,27.7774133],[120.6237835,27.7781511],[120.6236584,27.7783243],[120.6227554,27.7793438],[120.6226084,27.7795623],[120.622203,27.7801055],[120.6218257,27.7805886],[120.6216746,27.7808369],[120.6216568,27.7808617],[120.6216408,27.780884],[120.6215616,27.7809945],[120.6212996,27.7813344],[120.6209062,27.7817772]]}},{"type":"Feature","id":"way/549400243","properties":{"highway":"secondary","osm_type":"way","osm_id":549400243,"kind":"road","source_url":"https://www.openstreetmap.org/way/549400243","osmId":"way/549400243","source":"OpenStreetMap","name":""},"geometry":{"type":"LineString","coordinates":[[120.6209062,27.7817772],[120.6207178,27.7819016]]}},{"type":"Feature","id":"way/549400244","properties":{"highway":"secondary","name":"虹桥南路","osm_type":"way","osm_id":549400244,"kind":"road","source_url":"https://www.openstreetmap.org/way/549400244","osmId":"way/549400244","source":"OpenStreetMap"},"geometry":{"type":"LineString","coordinates":[[120.6281323,27.7773809],[120.6279726,27.7772124],[120.6273617,27.7765071],[120.6265255,27.7758257],[120.6259456,27.7753531],[120.6258757,27.7753054]]}},{"type":"Feature","id":"way/549400245","properties":{"highway":"secondary","name":"虹桥北路","oneway":"yes","osm_type":"way","osm_id":549400245,"kind":"road","source_url":"https://www.openstreetmap.org/way/549400245","osmId":"way/549400245","source":"OpenStreetMap"},"geometry":{"type":"LineString","coordinates":[[120.6318556,27.7902286],[120.631843,27.7900756],[120.6317121,27.7894946],[120.6314587,27.7880912],[120.6313848,27.7876818],[120.6310851,27.7864258],[120.6308748,27.7855274],[120.6308357,27.7854199],[120.6307465,27.7850573],[120.6304319,27.7841691],[120.630312,27.7838471],[120.6298273,27.7826939]]}},{"type":"Feature","id":"way/549400246","properties":{"highway":"secondary","lanes":"2","name":"虹桥北路","oneway":"yes","osm_type":"way","osm_id":549400246,"kind":"road","source_url":"https://www.openstreetmap.org/way/549400246","osmId":"way/549400246","source":"OpenStreetMap"},"geometry":{"type":"LineString","coordinates":[[120.6326668,27.8022473],[120.6327908,27.8021077],[120.6328276,27.8019174],[120.6327287,27.8014141],[120.6326879,27.8011854],[120.6326096,27.8007277],[120.6324925,27.8001447],[120.6322374,27.7985844],[120.6319874,27.7970554],[120.6319726,27.7965033],[120.6319648,27.7962846],[120.6319522,27.794787],[120.6318857,27.7933204],[120.6317478,27.7902841],[120.63171,27.7901202]]}},{"type":"Feature","id":"way/549400248","properties":{"highway":"trunk","junction":"roundabout","lanes":"2","oneway":"yes","osm_type":"way","osm_id":549400248,"kind":"road","source_url":"https://www.openstreetmap.org/way/549400248","osmId":"way/549400248","source":"OpenStreetMap","name":""},"geometry":{"type":"LineString","coordinates":[[120.6487441,27.7845922],[120.6487795,27.7847019],[120.6487495,27.7847868],[120.6486806,27.7848621],[120.6485463,27.7848879],[120.6477136,27.7847832],[120.6476003,27.784701],[120.6475338,27.7846105],[120.6475101,27.7844974],[120.6475284,27.784372],[120.6475932,27.7843047],[120.6477141,27.7842457],[120.6478771,27.7842077],[120.6480028,27.7842523],[120.6487441,27.7845922]]}},{"type":"Feature","id":"way/549400249","properties":{"highway":"primary","lanes":"2","name":"瑞祥大道","oneway":"yes","osm_type":"way","osm_id":549400249,"kind":"road","source_url":"https://www.openstreetmap.org/way/549400249","osmId":"way/549400249","source":"OpenStreetMap"},"geometry":{"type":"LineString","coordinates":[[120.6430323,27.7795471],[120.6414407,27.7779504],[120.6412224,27.777728],[120.6390491,27.7755137],[120.6380835,27.7745192],[120.6368034,27.7732009],[120.6367263,27.7731215],[120.6361545,27.7726735],[120.6357446,27.7723783],[120.6352924,27.7721253],[120.6344765,27.7717649],[120.6325962,27.7709344],[120.6323294,27.7707676],[120.6320035,27.7705639]]}},{"type":"Feature","id":"way/549400250","properties":{"highway":"secondary","junction":"roundabout","osm_type":"way","osm_id":549400250,"kind":"road","source_url":"https://www.openstreetmap.org/way/549400250","osmId":"way/549400250","source":"OpenStreetMap","name":""},"geometry":{"type":"LineString","coordinates":[[120.6392575,27.783923],[120.6393113,27.7838592],[120.6394322,27.7837895],[120.639502,27.7837793],[120.6396433,27.7838384],[120.639711,27.7839943],[120.6396357,27.7841352],[120.6394703,27.7841888],[120.6393457,27.7841515],[120.639264,27.7840604],[120.6392575,27.783923]]}},{"type":"Feature","id":"way/549400251","properties":{"highway":"secondary","name":"商城大道","oneway":"yes","osm_type":"way","osm_id":549400251,"kind":"road","source_url":"https://www.openstreetmap.org/way/549400251","osmId":"way/549400251","source":"OpenStreetMap"},"geometry":{"type":"LineString","coordinates":[[120.6365059,27.7797536],[120.6366849,27.7799553],[120.6368995,27.7800028],[120.6374601,27.7803469],[120.637621,27.7806008],[120.6377274,27.7809104],[120.6378279,27.7812028],[120.6381117,27.7818033],[120.6387903,27.7827898],[120.6388492,27.7829145],[120.6394322,27.7837895]]}},{"type":"Feature","id":"way/549400253","properties":{"highway":"secondary","lanes":"2","name":"瑞湖路","oneway":"yes","osm_type":"way","osm_id":549400253,"kind":"road","source_url":"https://www.openstreetmap.org/way/549400253","osmId":"way/549400253","source":"OpenStreetMap"},"geometry":{"type":"LineString","coordinates":[[120.6162082,27.7934032],[120.6164563,27.7933633],[120.6205903,27.7927098],[120.6221742,27.7924188],[120.6234954,27.7921814],[120.6256391,27.7918523],[120.6267532,27.7916712],[120.6283778,27.791416],[120.6286471,27.7913131],[120.630966,27.7904577],[120.63171,27.7901202],[120.631843,27.7900756],[120.6340687,27.7890416],[120.6350278,27.788427],[120.6368127,27.7872833],[120.6380013,27.7865216],[120.6382873,27.786218],[120.639264,27.7840604]]}},{"type":"Feature","id":"way/549400254","properties":{"highway":"secondary","lanes":"2","oneway":"yes","osm_type":"way","osm_id":549400254,"kind":"road","source_url":"https://www.openstreetmap.org/way/549400254","osmId":"way/549400254","source":"OpenStreetMap","name":""},"geometry":{"type":"LineString","coordinates":[[120.6396433,27.7838384],[120.6400305,27.7838336],[120.6407866,27.7837565],[120.6415401,27.7837329],[120.6470796,27.7845579],[120.6472475,27.7845812],[120.6473824,27.7845418],[120.6475284,27.784372]]}},{"type":"Feature","id":"way/549400257","properties":{"highway":"secondary","lanes":"2","layer":"-1","name":"院士路","oneway":"yes","tunnel":"yes","osm_type":"way","osm_id":549400257,"kind":"road","source_url":"https://www.openstreetmap.org/way/549400257","osmId":"way/549400257","source":"OpenStreetMap"},"geometry":{"type":"LineString","coordinates":[[120.6432509,27.7968692],[120.6372374,27.7963709]]}},{"type":"Feature","id":"way/549400258","properties":{"highway":"secondary","lanes":"2","layer":"-1","name":"院士路","oneway":"yes","tunnel":"yes","osm_type":"way","osm_id":549400258,"kind":"road","source_url":"https://www.openstreetmap.org/way/549400258","osmId":"way/549400258","source":"OpenStreetMap"},"geometry":{"type":"LineString","coordinates":[[120.637232,27.7961195],[120.6432885,27.7966462]]}},{"type":"Feature","id":"way/549400259","properties":{"highway":"secondary","lanes":"2","name":"院士路","oneway":"yes","osm_type":"way","osm_id":549400259,"kind":"road","source_url":"https://www.openstreetmap.org/way/549400259","osmId":"way/549400259","source":"OpenStreetMap"},"geometry":{"type":"LineString","coordinates":[[120.6372374,27.7963709],[120.636187,27.7963702]]}},{"type":"Feature","id":"way/549400260","properties":{"highway":"secondary","lanes":"2","name":"院士路","oneway":"yes","osm_type":"way","osm_id":549400260,"kind":"road","source_url":"https://www.openstreetmap.org/way/549400260","osmId":"way/549400260","source":"OpenStreetMap"},"geometry":{"type":"LineString","coordinates":[[120.6319648,27.7962846],[120.6320576,27.7962821],[120.634226,27.7962494],[120.6362085,27.7961718]]}},{"type":"Feature","id":"way/549400261","properties":{"highway":"secondary","lanes":"2","name":"富周西路","oneway":"yes","osm_type":"way","osm_id":549400261,"kind":"road","source_url":"https://www.openstreetmap.org/way/549400261","osmId":"way/549400261","source":"OpenStreetMap"},"geometry":{"type":"LineString","coordinates":[[120.6626212,27.7942371],[120.6662614,27.7938306],[120.667923,27.7934795],[120.6682386,27.7933819],[120.6684389,27.7933507],[120.669381,27.7931915],[120.6705011,27.7929577],[120.6707221,27.7929115],[120.6718996,27.792679],[120.6725693,27.7925438],[120.6741205,27.7922305],[120.6756279,27.79196],[120.6758988,27.7919007],[120.6760477,27.7918194],[120.6761134,27.7917723]]}},{"type":"Feature","id":"way/549400262","properties":{"highway":"secondary","name":"罗阳大道","oneway":"yes","osm_type":"way","osm_id":549400262,"kind":"road","source_url":"https://www.openstreetmap.org/way/549400262","osmId":"way/549400262","source":"OpenStreetMap"},"geometry":{"type":"LineString","coordinates":[[120.6518806,27.7629442],[120.6520526,27.763312],[120.6532591,27.7659055],[120.6542981,27.7682261],[120.6551955,27.7703425],[120.655851,27.7716277],[120.655923,27.7717658],[120.6563864,27.773224],[120.6568025,27.7743809],[120.6569258,27.774861],[120.6573044,27.7764791],[120.6573259,27.77708]]}},{"type":"Feature","id":"way/549400263","properties":{"highway":"secondary","name":"文节路","oneway":"yes","osm_type":"way","osm_id":549400263,"kind":"road","source_url":"https://www.openstreetmap.org/way/549400263","osmId":"way/549400263","source":"OpenStreetMap"},"geometry":{"type":"LineString","coordinates":[[120.656971,27.7960614],[120.6568169,27.7963163],[120.6555957,27.798336],[120.6545034,27.8003227],[120.6543915,27.8005216],[120.6542047,27.8006736]]}},{"type":"Feature","id":"way/549400264","properties":{"highway":"secondary","lanes":"2","name":"院士路","oneway":"yes","osm_type":"way","osm_id":549400264,"kind":"road","source_url":"https://www.openstreetmap.org/way/549400264","osmId":"way/549400264","source":"OpenStreetMap"},"geometry":{"type":"LineString","coordinates":[[120.6556805,27.7949241],[120.6535161,27.795091],[120.650863,27.7955358],[120.6499645,27.7957208],[120.649075,27.7959824],[120.6482318,27.7961882],[120.6463623,27.7965655],[120.6437015,27.7968692],[120.6432509,27.7968692]]}},{"type":"Feature","id":"way/549400265","properties":{"highway":"service","osm_type":"way","osm_id":549400265,"kind":"road","source_url":"https://www.openstreetmap.org/way/549400265","osmId":"way/549400265","source":"OpenStreetMap","name":""},"geometry":{"type":"LineString","coordinates":[[120.6423068,27.8043762],[120.642339,27.8042054],[120.6424516,27.804082],[120.6426609,27.8040203],[120.6428969,27.8040203],[120.6432939,27.8040725],[120.6437176,27.8040203],[120.6442058,27.8038495],[120.6447101,27.8037024],[120.6450266,27.8037688],[120.6453109,27.8039539],[120.6455684,27.8043098],[120.6458098,27.8045328],[120.6459063,27.804789],[120.6458849,27.8051829],[120.6457776,27.8054533],[120.6456059,27.8058329],[120.6455845,27.805961],[120.6456542,27.8060654],[120.6457722,27.8060892],[120.6460673,27.8061129],[120.6462872,27.8061081],[120.646491,27.8061034],[120.6465232,27.8061841],[120.6464696,27.8063596],[120.6464696,27.8065067],[120.6465447,27.8065731],[120.6466305,27.806502],[120.6468183,27.806279],[120.6473172,27.8058139],[120.6479073,27.8055292],[120.6484759,27.8051686],[120.6487924,27.8050025],[120.6492323,27.8049266],[120.6494844,27.8048365],[120.6497633,27.8045518],[120.6498438,27.8041627],[120.6497794,27.8040013],[120.649817,27.8038969],[120.6508791,27.8029242],[120.6512332,27.8025303],[120.6513673,27.8022504],[120.651539,27.8020274],[120.6518179,27.8015434],[120.6519252,27.8008411]]}},{"type":"Feature","id":"way/549400266","properties":{"highway":"primary","oneway":"yes","osm_type":"way","osm_id":549400266,"kind":"road","source_url":"https://www.openstreetmap.org/way/549400266","osmId":"way/549400266","source":"OpenStreetMap","name":""},"geometry":{"type":"LineString","coordinates":[[120.6696763,27.7971109],[120.669955,27.7970448],[120.6701106,27.7969167],[120.6701535,27.7967506],[120.6701419,27.7965791]]}},{"type":"Feature","id":"way/549400267","properties":{"bridge":"yes","highway":"unclassified","layer":"1","osm_type":"way","osm_id":549400267,"kind":"road","source_url":"https://www.openstreetmap.org/way/549400267","osmId":"way/549400267","source":"OpenStreetMap","name":""},"geometry":{"type":"LineString","coordinates":[[120.6868905,27.7960863],[120.6873384,27.7957327]]}},{"type":"Feature","id":"way/549400268","properties":{"highway":"unclassified","osm_type":"way","osm_id":549400268,"kind":"road","source_url":"https://www.openstreetmap.org/way/549400268","osmId":"way/549400268","source":"OpenStreetMap","name":""},"geometry":{"type":"LineString","coordinates":[[120.6846652,27.7978351],[120.6864506,27.7964208],[120.6868905,27.7960863]]}},{"type":"Feature","id":"way/549400269","properties":{"highway":"primary","lanes":"2","layer":"1","name":"塘下大道","oneway":"yes","source":"OpenStreetMap","osm_type":"way","osm_id":549400269,"kind":"road","source_url":"https://www.openstreetmap.org/way/549400269","osmId":"way/549400269"},"geometry":{"type":"LineString","coordinates":[[120.6918754,27.8129229],[120.692039,27.8130367],[120.6921878,27.8132966],[120.692208,27.813535],[120.6920417,27.8138861],[120.6919867,27.814051],[120.6921483,27.814392],[120.6922442,27.8145943],[120.6923353,27.8148599]]}},{"type":"Feature","id":"way/549400270","properties":{"bridge":"yes","highway":"primary","lanes":"2","layer":"1","name":"塘下大道","oneway":"yes","source":"OpenStreetMap","osm_type":"way","osm_id":549400270,"kind":"road","source_url":"https://www.openstreetmap.org/way/549400270","osmId":"way/549400270"},"geometry":{"type":"LineString","coordinates":[[120.6922724,27.815571],[120.6921155,27.8150141]]}},{"type":"Feature","id":"way/665861853","properties":{"highway":"secondary_link","oneway":"yes","osm_type":"way","osm_id":665861853,"kind":"road","source_url":"https://www.openstreetmap.org/way/665861853","osmId":"way/665861853","source":"OpenStreetMap","name":""},"geometry":{"type":"LineString","coordinates":[[120.669826,27.7393539],[120.6700312,27.7395387],[120.6707135,27.7401231],[120.6707509,27.7402554],[120.6699373,27.7395894],[120.6697042,27.7394239]]}},{"type":"Feature","id":"way/665861855","properties":{"highway":"secondary_link","osm_type":"way","osm_id":665861855,"kind":"road","source_url":"https://www.openstreetmap.org/way/665861855","osmId":"way/665861855","source":"OpenStreetMap","name":""},"geometry":{"type":"LineString","coordinates":[[120.6707509,27.7402554],[120.6710544,27.7405447],[120.6712258,27.7406908],[120.6729645,27.7421732],[120.6730719,27.7422145],[120.673198,27.7422145],[120.6732727,27.7421815],[120.6734501,27.7420616],[120.673745,27.741796]]}},{"type":"Feature","id":"way/665861857","properties":{"highway":"secondary_link","osm_type":"way","osm_id":665861857,"kind":"road","source_url":"https://www.openstreetmap.org/way/665861857","osmId":"way/665861857","source":"OpenStreetMap","name":""},"geometry":{"type":"LineString","coordinates":[[120.6712258,27.7406908],[120.671797,27.7402884],[120.6719651,27.7402016],[120.6721472,27.7401479],[120.672334,27.7401562],[120.6725488,27.7402388],[120.6737708,27.7408153],[120.673858,27.7408677],[120.6739192,27.7409231],[120.6739827,27.7409926],[120.6740397,27.7410707],[120.6740778,27.7411595],[120.6740916,27.7412337],[120.6740764,27.7413321],[120.6740348,27.741414],[120.6739755,27.7415087],[120.6738277,27.7416594]]}},{"type":"Feature","id":"way/665861863","properties":{"highway":"secondary","name":"瑞光大道","osm_type":"way","osm_id":665861863,"kind":"road","source_url":"https://www.openstreetmap.org/way/665861863","osmId":"way/665861863","source":"OpenStreetMap"},"geometry":{"type":"LineString","coordinates":[[120.6527244,27.7521682],[120.651657,27.7528078],[120.6505035,27.7535259],[120.65001,27.7538772],[120.6491531,27.7545522],[120.6490345,27.7546456],[120.6488944,27.754756],[120.6480573,27.7554153],[120.6458794,27.7572952],[120.6457406,27.7574257],[120.6457077,27.7574566],[120.6456712,27.7575095],[120.6455393,27.7577011],[120.6449015,27.7585676],[120.6443399,27.7593812],[120.6437603,27.7601177],[120.6430788,27.761036]]}},{"type":"Feature","id":"way/665861866","properties":{"bridge":"yes","highway":"tertiary","layer":"1","name":"瑞光大道","osm_type":"way","osm_id":665861866,"kind":"road","source_url":"https://www.openstreetmap.org/way/665861866","osmId":"way/665861866","source":"OpenStreetMap"},"geometry":{"type":"LineString","coordinates":[[120.6531161,27.7519325],[120.6527244,27.7521682]]}},{"type":"Feature","id":"way/665861868","properties":{"bridge":"yes","highway":"secondary","layer":"1","name":"滨江大道","oneway":"yes","osm_type":"way","osm_id":665861868,"kind":"road","source_url":"https://www.openstreetmap.org/way/665861868","osmId":"way/665861868","source":"OpenStreetMap"},"geometry":{"type":"LineString","coordinates":[[120.6488544,27.7462071],[120.6484499,27.7464631]]}},{"type":"Feature","id":"way/665861870","properties":{"highway":"secondary","name":"滨江大道","oneway":"yes","osm_type":"way","osm_id":665861870,"kind":"road","source_url":"https://www.openstreetmap.org/way/665861870","osmId":"way/665861870","source":"OpenStreetMap"},"geometry":{"type":"LineString","coordinates":[[120.6484499,27.7464631],[120.6481293,27.7466618],[120.6468516,27.7476264],[120.646673,27.7477532],[120.644377,27.7499845],[120.6411155,27.7531462],[120.639474,27.7543426],[120.638841,27.7548742],[120.6381221,27.7555578],[120.6376178,27.7561061],[120.6369634,27.7568206],[120.6363733,27.7575611],[120.6358798,27.7582542],[120.6355904,27.758681],[120.6354292,27.7589188],[120.635118,27.7594695],[120.6347855,27.7600486],[120.6341948,27.7613799],[120.6333666,27.7631887],[120.6331721,27.7636194],[120.6329213,27.764271]]}},{"type":"Feature","id":"way/665861873","properties":{"bridge":"yes","highway":"secondary","layer":"1","name":"滨江大道","oneway":"yes","osm_type":"way","osm_id":665861873,"kind":"road","source_url":"https://www.openstreetmap.org/way/665861873","osmId":"way/665861873","source":"OpenStreetMap"},"geometry":{"type":"LineString","coordinates":[[120.6483554,27.7463532],[120.6487411,27.7461039]]}},{"type":"Feature","id":"way/665861874","properties":{"highway":"secondary","name":"滨江大道","oneway":"yes","osm_type":"way","osm_id":665861874,"kind":"road","source_url":"https://www.openstreetmap.org/way/665861874","osmId":"way/665861874","source":"OpenStreetMap"},"geometry":{"type":"LineString","coordinates":[[120.6487411,27.7461039],[120.6525483,27.7434821],[120.6545434,27.7423278],[120.654726,27.7422141],[120.6565817,27.7411965],[120.6568575,27.7410367],[120.6582908,27.7401708],[120.6584421,27.7400793],[120.660788,27.7386995],[120.6616069,27.7382178],[120.6630079,27.737296],[120.6641007,27.7364776],[120.6646518,27.7361841],[120.6652308,27.7359527],[120.6656184,27.7358576],[120.6658566,27.7358369]]}},{"type":"Feature","id":"way/665861877","properties":{"highway":"tertiary","name":"毓蒙路","osm_type":"way","osm_id":665861877,"kind":"road","source_url":"https://www.openstreetmap.org/way/665861877","osmId":"way/665861877","source":"OpenStreetMap"},"geometry":{"type":"LineString","coordinates":[[120.6603522,27.7419742],[120.660232,27.7420741],[120.6586012,27.7434291],[120.6567356,27.744973],[120.6566515,27.7450426],[120.6565697,27.7451151],[120.6558663,27.7457379],[120.6553012,27.7461305],[120.6547642,27.746424],[120.65454,27.7465356]]}},{"type":"Feature","id":"way/665861879","properties":{"highway":"tertiary","name":"金源路","osm_type":"way","osm_id":665861879,"kind":"road","source_url":"https://www.openstreetmap.org/way/665861879","osmId":"way/665861879","source":"OpenStreetMap"},"geometry":{"type":"LineString","coordinates":[[120.6565817,27.7411965],[120.6566423,27.7412689],[120.6586012,27.7434291],[120.6596677,27.7446426]]}},{"type":"Feature","id":"way/665861880","properties":{"bridge":"yes","highway":"tertiary","layer":"1","name":"金源路","osm_type":"way","osm_id":665861880,"kind":"road","source_url":"https://www.openstreetmap.org/way/665861880","osmId":"way/665861880","source":"OpenStreetMap"},"geometry":{"type":"LineString","coordinates":[[120.6596677,27.7446426],[120.6599199,27.7449071]]}},{"type":"Feature","id":"way/665861882","properties":{"highway":"tertiary","name":"金源路","osm_type":"way","osm_id":665861882,"kind":"road","source_url":"https://www.openstreetmap.org/way/665861882","osmId":"way/665861882","source":"OpenStreetMap"},"geometry":{"type":"LineString","coordinates":[[120.6599199,27.7449071],[120.6607325,27.7457567],[120.6609217,27.7459549],[120.6612542,27.7463078],[120.6618389,27.7469203],[120.6618623,27.7469434],[120.6628152,27.7478841],[120.6629922,27.7480455]]}},{"type":"Feature","id":"way/665889274","properties":{"highway":"primary","lanes":"2","oneway":"yes","osm_type":"way","osm_id":665889274,"kind":"road","source_url":"https://www.openstreetmap.org/way/665889274","osmId":"way/665889274","source":"OpenStreetMap","name":""},"geometry":{"type":"LineString","coordinates":[[120.6439904,27.7801704],[120.644422,27.7806075],[120.6448536,27.7810445],[120.644998,27.7811796],[120.6450952,27.781264],[120.6463462,27.7824992],[120.6467003,27.7828742],[120.646888,27.7830498],[120.6477746,27.7840047]]}},{"type":"Feature","id":"way/665889275","properties":{"highway":"trunk","lanes":"2","oneway":"yes","ref":"G104","osm_type":"way","osm_id":665889275,"kind":"road","source_url":"https://www.openstreetmap.org/way/665889275","osmId":"way/665889275","source":"OpenStreetMap","name":""},"geometry":{"type":"LineString","coordinates":[[120.6895202,27.808558],[120.6908121,27.8114811],[120.6910987,27.8123295],[120.6911297,27.8126833],[120.6911485,27.8128451],[120.6910946,27.8132932],[120.6909406,27.8137093],[120.6908857,27.8138375],[120.6906213,27.814262],[120.6903454,27.8144627],[120.6902854,27.8145064],[120.6899633,27.8147408],[120.6896478,27.8149548],[120.6875785,27.8163575],[120.6860514,27.8172986],[120.6854491,27.8175739],[120.6823408,27.819185],[120.679042,27.8208183],[120.6765986,27.8219263],[120.6755414,27.8224057],[120.67403,27.8231186],[120.6736338,27.8234584],[120.6733587,27.8238709],[120.6732732,27.8242004],[120.6715881,27.8306922],[120.6704432,27.8351934],[120.6697249,27.8379976],[120.6693922,27.8392962],[120.6693398,27.8394693],[120.6692829,27.8396569],[120.6691976,27.8399384],[120.6687433,27.8407603]]}},{"type":"Feature","id":"way/665889276","properties":{"highway":"primary","lanes":"2","oneway":"yes","osm_type":"way","osm_id":665889276,"kind":"road","source_url":"https://www.openstreetmap.org/way/665889276","osmId":"way/665889276","source":"OpenStreetMap","name":""},"geometry":{"type":"LineString","coordinates":[[120.6475284,27.784372],[120.6475029,27.784154],[120.6474027,27.7839608],[120.6463566,27.7828835],[120.6452329,27.7817442],[120.6449896,27.7815077],[120.6447905,27.7813127],[120.6447047,27.781213],[120.6441827,27.7806989],[120.6437498,27.7802579]]}},{"type":"Feature","id":"way/665889277","properties":{"highway":"secondary","lanes":"2","oneway":"yes","osm_type":"way","osm_id":665889277,"kind":"road","source_url":"https://www.openstreetmap.org/way/665889277","osmId":"way/665889277","source":"OpenStreetMap","name":""},"geometry":{"type":"LineString","coordinates":[[120.6477136,27.7847832],[120.6470209,27.7847062],[120.6414919,27.7838027],[120.6408282,27.7838131],[120.6403779,27.7838778],[120.639711,27.7839943]]}},{"type":"Feature","id":"way/665889278","properties":{"highway":"tertiary","osm_type":"way","osm_id":665889278,"kind":"road","source_url":"https://www.openstreetmap.org/way/665889278","osmId":"way/665889278","source":"OpenStreetMap","name":""},"geometry":{"type":"LineString","coordinates":[[120.636926,27.771996],[120.6380693,27.7717883],[120.6389505,27.7717338],[120.6396283,27.7718156],[120.6403924,27.7720609],[120.6405872,27.7721476],[120.6410344,27.7723457],[120.6427113,27.7731721],[120.6433981,27.7734943],[120.6434832,27.7735536],[120.6435618,27.7737095]]}},{"type":"Feature","id":"way/665889279","properties":{"highway":"tertiary","osm_type":"way","osm_id":665889279,"kind":"road","source_url":"https://www.openstreetmap.org/way/665889279","osmId":"way/665889279","source":"OpenStreetMap","name":""},"geometry":{"type":"LineString","coordinates":[[120.6380835,27.7745192],[120.6382666,27.7743516],[120.6384681,27.7741602],[120.6405872,27.7721476]]}},{"type":"Feature","id":"way/671642365","properties":{"bridge":"yes","bridge:structure":"beam","highway":"motorway","lanes":"3","layer":"1","name":"温州绕城高速","name:zh-Hant":"溫州繞城高速","oneway":"yes","ref":"S10","surface":"asphalt","osm_type":"way","osm_id":671642365,"kind":"road","source_url":"https://www.openstreetmap.org/way/671642365","osmId":"way/671642365","source":"OpenStreetMap"},"geometry":{"type":"LineString","coordinates":[[120.5785775,27.7459582],[120.5840921,27.747297],[120.5865919,27.7479142],[120.5878955,27.748237],[120.5884695,27.7483604],[120.5889791,27.7484411],[120.5896389,27.7484934],[120.5902183,27.7485171],[120.5909854,27.7484981],[120.5916774,27.7484317],[120.5925786,27.7482702],[120.5938822,27.7478999],[120.5948907,27.7474489],[120.5957168,27.7469599],[120.5963767,27.7464757],[120.5967361,27.7461481],[120.597294,27.7456211],[120.5977124,27.7451392],[120.5994612,27.7427582],[120.6034899,27.7370988],[120.6047934,27.735361],[120.605523,27.7345063],[120.6061077,27.7338368],[120.607186,27.7326925],[120.6085432,27.7313583],[120.6125718,27.7274599],[120.6165734,27.7235303],[120.6201407,27.72004],[120.62749,27.7129357],[120.6307569,27.7096825],[120.6319853,27.7084762],[120.6327095,27.7076213],[120.6331035,27.7072109],[120.6335034,27.7066691],[120.6354025,27.7037363],[120.636293,27.702606],[120.6373823,27.7015992],[120.6377542,27.7012643]]}},{"type":"Feature","id":"way/692592238","properties":{"bridge":"yes","highway":"motorway","lanes":"3","layer":"1","name":"温州绕城高速","name:zh-Hant":"溫州繞城高速","oneway":"yes","ref":"S10","surface":"asphalt","osm_type":"way","osm_id":692592238,"kind":"road","source_url":"https://www.openstreetmap.org/way/692592238","osmId":"way/692592238","source":"OpenStreetMap"},"geometry":{"type":"LineString","coordinates":[[120.6379718,27.7012903],[120.6377317,27.7014926],[120.6370074,27.702142],[120.636425,27.70271],[120.6356942,27.703603],[120.6346911,27.705165],[120.633299,27.707247],[120.6324457,27.7082358],[120.6147509,27.7255258],[120.6126791,27.7275596],[120.6086397,27.7314532],[120.6061465,27.7340203],[120.6056356,27.734587],[120.6048793,27.7355224],[120.6035929,27.7372112],[120.5995536,27.7428897],[120.5978143,27.7452626],[120.5974066,27.7457303],[120.5967951,27.7463332],[120.5963176,27.7467035],[120.5955237,27.7472495],[120.5947781,27.7476436],[120.5940002,27.7479949],[120.5932546,27.748237],[120.5924338,27.7484459],[120.5916184,27.7485836],[120.5908674,27.7486453],[120.5901754,27.7486595],[120.5895317,27.748631],[120.5888784,27.7485564],[120.5883622,27.7484744],[120.5877894,27.7483352],[120.5784928,27.7460611]]}},{"type":"Feature","id":"way/696747625","properties":{"highway":"primary_link","oneway":"yes","osm_type":"way","osm_id":696747625,"kind":"road","source_url":"https://www.openstreetmap.org/way/696747625","osmId":"way/696747625","source":"OpenStreetMap","name":""},"geometry":{"type":"LineString","coordinates":[[120.5986444,27.8031075],[120.5997528,27.803121],[120.6003049,27.803105]]}},{"type":"Feature","id":"way/729758452","properties":{"highway":"unclassified","osm_type":"way","osm_id":729758452,"kind":"road","source_url":"https://www.openstreetmap.org/way/729758452","osmId":"way/729758452","source":"OpenStreetMap","name":""},"geometry":{"type":"LineString","coordinates":[[120.6277476,27.7461838],[120.6257916,27.7444647],[120.6248206,27.7434581],[120.6240857,27.7426083]]}},{"type":"Feature","id":"way/729758453","properties":{"highway":"tertiary","name":"民心路","osm_type":"way","osm_id":729758453,"kind":"road","source_url":"https://www.openstreetmap.org/way/729758453","osmId":"way/729758453","source":"OpenStreetMap"},"geometry":{"type":"LineString","coordinates":[[120.6271908,27.739883],[120.6265533,27.7404623],[120.6253624,27.7415543],[120.6240857,27.7426083],[120.6239764,27.7426861]]}},{"type":"Feature","id":"way/729758454","properties":{"bridge":"yes","highway":"tertiary","layer":"1","osm_type":"way","osm_id":729758454,"kind":"road","source_url":"https://www.openstreetmap.org/way/729758454","osmId":"way/729758454","source":"OpenStreetMap","name":""},"geometry":{"type":"LineString","coordinates":[[120.6173533,27.7434581],[120.6168276,27.743235]]}},{"type":"Feature","id":"way/729758458","properties":{"highway":"tertiary","osm_type":"way","osm_id":729758458,"kind":"road","source_url":"https://www.openstreetmap.org/way/729758458","osmId":"way/729758458","source":"OpenStreetMap","name":""},"geometry":{"type":"LineString","coordinates":[[120.6256238,27.7387602],[120.6244793,27.7398534],[120.6243593,27.7401014],[120.6244451,27.7403958],[120.6246436,27.7406427],[120.6253624,27.7415543],[120.6264568,27.7427555],[120.6276906,27.7438807],[120.6287635,27.7448587]]}},{"type":"Feature","id":"way/729758466","properties":{"highway":"unclassified","osm_type":"way","osm_id":729758466,"kind":"road","source_url":"https://www.openstreetmap.org/way/729758466","osmId":"way/729758466","source":"OpenStreetMap","name":""},"geometry":{"type":"LineString","coordinates":[[120.6094988,27.7378242],[120.608045,27.7377364],[120.6078115,27.7377908],[120.6071152,27.7388838],[120.6069436,27.7397764],[120.6065573,27.7458535],[120.6055059,27.7473599],[120.6044583,27.7486128],[120.6035629,27.749831],[120.6038419,27.7506286],[120.603813,27.7506874]]}},{"type":"Feature","id":"way/729758478","properties":{"waterway":"river","osm_type":"way","osm_id":729758478,"kind":"water","source_url":"https://www.openstreetmap.org/way/729758478","osmId":"way/729758478","source":"OpenStreetMap","name":""},"geometry":{"type":"LineString","coordinates":[[120.6117121,27.7531273],[120.6121542,27.7520665],[120.6132088,27.7510853],[120.6149748,27.7476813],[120.615487,27.746694],[120.6166092,27.744582],[120.6171222,27.7437964],[120.6175566,27.7422547],[120.6179836,27.7405352],[120.6177922,27.7391433],[120.6177382,27.7383117],[120.6173278,27.7369475],[120.6171033,27.7356404],[120.6158259,27.7314408],[120.6149068,27.7296341],[120.6142038,27.7283898],[120.614704,27.7282163],[120.6151636,27.7285034],[120.6155421,27.7284855],[120.6158665,27.7281652]]}},{"type":"Feature","id":"way/729765722","properties":{"highway":"unclassified","osm_type":"way","osm_id":729765722,"kind":"road","source_url":"https://www.openstreetmap.org/way/729765722","osmId":"way/729765722","source":"OpenStreetMap","name":""},"geometry":{"type":"LineString","coordinates":[[120.6043703,27.7485629],[120.6044583,27.7486128],[120.6057264,27.7493262],[120.6072225,27.7500503],[120.608583,27.750581],[120.6087508,27.7505403]]}},{"type":"Feature","id":"way/729765723","properties":{"highway":"unclassified","osm_type":"way","osm_id":729765723,"kind":"road","source_url":"https://www.openstreetmap.org/way/729765723","osmId":"way/729765723","source":"OpenStreetMap","name":""},"geometry":{"type":"LineString","coordinates":[[120.6000472,27.7470377],[120.6002164,27.7467186],[120.5994465,27.7463165],[120.6001356,27.7453073],[120.6023884,27.7423335]]}},{"type":"Feature","id":"way/729765727","properties":{"highway":"unclassified","osm_type":"way","osm_id":729765727,"kind":"road","source_url":"https://www.openstreetmap.org/way/729765727","osmId":"way/729765727","source":"OpenStreetMap","name":""},"geometry":{"type":"LineString","coordinates":[[120.602807,27.7440099],[120.602296,27.7444773],[120.601687,27.7455401],[120.6012271,27.7463467],[120.6009886,27.7467651],[120.6006819,27.747304],[120.6005968,27.7475942],[120.6001264,27.7478836]]}},{"type":"Feature","id":"way/729765728","properties":{"waterway":"river","osm_type":"way","osm_id":729765728,"kind":"water","source_url":"https://www.openstreetmap.org/way/729765728","osmId":"way/729765728","source":"OpenStreetMap","name":""},"geometry":{"type":"LineString","coordinates":[[120.6032834,27.7498651],[120.6024961,27.7498179],[120.6017594,27.7494108],[120.6009843,27.7493656],[120.6005201,27.7493015],[120.6001581,27.7491809],[120.5999452,27.7488794],[120.5999196,27.7484422],[120.599958,27.7481407],[120.5998174,27.7477337],[120.5991759,27.7476386],[120.5984972,27.7475075],[120.598131,27.7472814],[120.5975774,27.7466633],[120.5974155,27.7465578],[120.5971715,27.746425]]}},{"type":"Feature","id":"way/729765731","properties":{"highway":"service","osm_type":"way","osm_id":729765731,"kind":"road","source_url":"https://www.openstreetmap.org/way/729765731","osmId":"way/729765731","source":"OpenStreetMap","name":""},"geometry":{"type":"LineString","coordinates":[[120.6047916,27.7439345],[120.602807,27.7442775],[120.60233,27.7448542],[120.6024152,27.745069],[120.6029109,27.7454036],[120.6034203,27.7457474],[120.6036034,27.7455627],[120.6049278,27.7452951],[120.6052688,27.7447955],[120.6053111,27.7447336],[120.6052046,27.7442059],[120.6047916,27.7439345]]}},{"type":"Feature","id":"way/729765732","properties":{"highway":"service","osm_type":"way","osm_id":729765732,"kind":"road","source_url":"https://www.openstreetmap.org/way/729765732","osmId":"way/729765732","source":"OpenStreetMap","name":""},"geometry":{"type":"LineString","coordinates":[[120.6052688,27.7447955],[120.6030923,27.7451896],[120.6029109,27.7454036],[120.6026272,27.7457458],[120.6025728,27.7458115],[120.6026069,27.7460791],[120.6023258,27.7461658],[120.602485,27.746797],[120.6026266,27.7473583],[120.6027261,27.7477525]]}},{"type":"Feature","id":"way/729765733","properties":{"highway":"service","osm_type":"way","osm_id":729765733,"kind":"road","source_url":"https://www.openstreetmap.org/way/729765733","osmId":"way/729765733","source":"OpenStreetMap","name":""},"geometry":{"type":"LineString","coordinates":[[120.602485,27.746797],[120.6014741,27.746995]]}},{"type":"Feature","id":"way/729765734","properties":{"highway":"service","osm_type":"way","osm_id":729765734,"kind":"road","source_url":"https://www.openstreetmap.org/way/729765734","osmId":"way/729765734","source":"OpenStreetMap","name":""},"geometry":{"type":"LineString","coordinates":[[120.6026266,27.7473583],[120.6017381,27.7475113],[120.6015763,27.7474246],[120.6014741,27.746995],[120.6013463,27.7463806],[120.6018914,27.7454308],[120.6020319,27.7453894],[120.6026272,27.7457458]]}},{"type":"Feature","id":"way/729765735","properties":{"highway":"service","osm_type":"way","osm_id":729765735,"kind":"road","source_url":"https://www.openstreetmap.org/way/729765735","osmId":"way/729765735","source":"OpenStreetMap","name":""},"geometry":{"type":"LineString","coordinates":[[120.6012271,27.7463467],[120.6013463,27.7463806]]}},{"type":"Feature","id":"way/729765736","properties":{"highway":"tertiary","osm_type":"way","osm_id":729765736,"kind":"road","source_url":"https://www.openstreetmap.org/way/729765736","osmId":"way/729765736","source":"OpenStreetMap","name":""},"geometry":{"type":"LineString","coordinates":[[120.6054309,27.7473193],[120.6055059,27.7473599],[120.6065078,27.7478179],[120.6068757,27.7479491]]}},{"type":"Feature","id":"way/729765737","properties":{"waterway":"river","osm_type":"way","osm_id":729765737,"kind":"water","source_url":"https://www.openstreetmap.org/way/729765737","osmId":"way/729765737","source":"OpenStreetMap","name":""},"geometry":{"type":"LineString","coordinates":[[120.6088012,27.7507503],[120.6091343,27.7507853],[120.6100804,27.7512873],[120.6111808,27.749823],[120.6121542,27.7482256],[120.6125936,27.7470769],[120.6128911,27.7466701],[120.6131345,27.7456769],[120.6137564,27.7424461],[120.6141755,27.7403639],[120.6145,27.7382997],[120.6142567,27.7379586],[120.6141755,27.7369115]]}},{"type":"Feature","id":"way/729765738","properties":{"waterway":"river","osm_type":"way","osm_id":729765738,"kind":"water","source_url":"https://www.openstreetmap.org/way/729765738","osmId":"way/729765738","source":"OpenStreetMap","name":""},"geometry":{"type":"LineString","coordinates":[[120.615656,27.7548244],[120.6160076,27.7538493],[120.6162442,27.7534126],[120.6161428,27.7531075],[120.6157507,27.7527485],[120.6158183,27.7524434],[120.6166092,27.751199],[120.6180837,27.7489269],[120.6181505,27.7488239],[120.6192764,27.7466568],[120.6195837,27.7456769],[120.6199696,27.7440662],[120.6199723,27.7433675],[120.6201651,27.7429905],[120.6211723,27.743164],[120.6219227,27.7430803],[120.6235317,27.7426136]]}},{"type":"Feature","id":"way/729765739","properties":{"waterway":"canal","osm_type":"way","osm_id":729765739,"kind":"water","source_url":"https://www.openstreetmap.org/way/729765739","osmId":"way/729765739","source":"OpenStreetMap","name":""},"geometry":{"type":"LineString","coordinates":[[120.6235317,27.7426136],[120.623775,27.7426794],[120.6240319,27.7429427],[120.6253028,27.7443547],[120.6253096,27.7445341],[120.6247485,27.7451384],[120.6244172,27.745276],[120.624255,27.7455872],[120.6227683,27.7459136],[120.6233424,27.748794],[120.6229773,27.7494222],[120.6220918,27.75026]]}},{"type":"Feature","id":"way/729765740","properties":{"waterway":"canal","osm_type":"way","osm_id":729765740,"kind":"water","source_url":"https://www.openstreetmap.org/way/729765740","osmId":"way/729765740","source":"OpenStreetMap","name":""},"geometry":{"type":"LineString","coordinates":[[120.6210439,27.7513187],[120.6223892,27.7523417],[120.6221931,27.7528741],[120.620956,27.7543458],[120.6205031,27.7547825],[120.6200028,27.7556979],[120.6193877,27.7561705],[120.6186643,27.7559013],[120.6182452,27.7561047],[120.6176097,27.7577199],[120.6173866,27.7578156],[120.6170283,27.7579891]]}},{"type":"Feature","id":"way/729765741","properties":{"waterway":"canal","osm_type":"way","osm_id":729765741,"kind":"water","source_url":"https://www.openstreetmap.org/way/729765741","osmId":"way/729765741","source":"OpenStreetMap","name":""},"geometry":{"type":"LineString","coordinates":[[120.6128911,27.7466701],[120.6135671,27.7469034],[120.6149748,27.7476813],[120.6180837,27.7489269],[120.6203679,27.7505529],[120.6210439,27.7513187]]}},{"type":"Feature","id":"way/729765742","properties":{"highway":"unclassified","osm_type":"way","osm_id":729765742,"kind":"road","source_url":"https://www.openstreetmap.org/way/729765742","osmId":"way/729765742","source":"OpenStreetMap","name":""},"geometry":{"type":"LineString","coordinates":[[120.619124,27.7487102],[120.620643,27.7496435],[120.6238805,27.7516328]]}},{"type":"Feature","id":"way/729765743","properties":{"highway":"unclassified","osm_type":"way","osm_id":729765743,"kind":"road","source_url":"https://www.openstreetmap.org/way/729765743","osmId":"way/729765743","source":"OpenStreetMap","name":""},"geometry":{"type":"LineString","coordinates":[[120.6256738,27.7489756],[120.6241401,27.7480401],[120.6238156,27.7479444],[120.623337,27.7480146]]}},{"type":"Feature","id":"way/729765744","properties":{"highway":"unclassified","osm_type":"way","osm_id":729765744,"kind":"road","source_url":"https://www.openstreetmap.org/way/729765744","osmId":"way/729765744","source":"OpenStreetMap","name":""},"geometry":{"type":"LineString","coordinates":[[120.620643,27.7496435],[120.6217628,27.7482351],[120.6224838,27.7473282],[120.6222366,27.7462411],[120.6217092,27.7436361],[120.6216407,27.7433359]]}},{"type":"Feature","id":"way/729765745","properties":{"highway":"unclassified","osm_type":"way","osm_id":729765745,"kind":"road","source_url":"https://www.openstreetmap.org/way/729765745","osmId":"way/729765745","source":"OpenStreetMap","name":""},"geometry":{"type":"LineString","coordinates":[[120.6186778,27.7416264],[120.6194823,27.7417819],[120.6211115,27.7416862]]}},{"type":"Feature","id":"way/729765746","properties":{"highway":"unclassified","osm_type":"way","osm_id":729765746,"kind":"road","source_url":"https://www.openstreetmap.org/way/729765746","osmId":"way/729765746","source":"OpenStreetMap","name":""},"geometry":{"type":"LineString","coordinates":[[120.6180221,27.7471906],[120.6184707,27.7463415],[120.6189321,27.7438095]]}},{"type":"Feature","id":"way/729765747","properties":{"highway":"unclassified","osm_type":"way","osm_id":729765747,"kind":"road","source_url":"https://www.openstreetmap.org/way/729765747","osmId":"way/729765747","source":"OpenStreetMap","name":""},"geometry":{"type":"LineString","coordinates":[[120.6194737,27.7464832],[120.620111,27.7465444],[120.6222366,27.7462411],[120.6226687,27.7461661]]}},{"type":"Feature","id":"way/729765748","properties":{"highway":"unclassified","osm_type":"way","osm_id":729765748,"kind":"road","source_url":"https://www.openstreetmap.org/way/729765748","osmId":"way/729765748","source":"OpenStreetMap","name":""},"geometry":{"type":"LineString","coordinates":[[120.6244849,27.7457188],[120.6268787,27.7473173],[120.6294333,27.7489256]]}},{"type":"Feature","id":"way/729765749","properties":{"highway":"service","osm_type":"way","osm_id":729765749,"kind":"road","source_url":"https://www.openstreetmap.org/way/729765749","osmId":"way/729765749","source":"OpenStreetMap","name":""},"geometry":{"type":"LineString","coordinates":[[120.6229087,27.7525181],[120.6221323,27.7519648],[120.6212805,27.7512768],[120.6207938,27.7507563],[120.6203814,27.7503674],[120.6191308,27.7495059],[120.6184142,27.7490273],[120.6183263,27.7488119],[120.6191412,27.7471571],[120.6194737,27.7464832]]}},{"type":"Feature","id":"way/729765750","properties":{"highway":"unclassified","osm_type":"way","osm_id":729765750,"kind":"road","source_url":"https://www.openstreetmap.org/way/729765750","osmId":"way/729765750","source":"OpenStreetMap","name":""},"geometry":{"type":"LineString","coordinates":[[120.6211185,27.7609919],[120.6224773,27.7586828],[120.6220278,27.7584631],[120.6216456,27.7582762],[120.6220647,27.7575524],[120.6201407,27.7566114],[120.6194956,27.7562958]]}},{"type":"Feature","id":"way/729765751","properties":{"highway":"secondary","name":"孙宋线","osm_type":"way","osm_id":729765751,"kind":"road","source_url":"https://www.openstreetmap.org/way/729765751","osmId":"way/729765751","source":"OpenStreetMap"},"geometry":{"type":"LineString","coordinates":[[120.6244558,27.7509985],[120.6247085,27.7507199],[120.6256738,27.7489756],[120.6268787,27.7473173],[120.6277476,27.7461838],[120.6287635,27.7448587],[120.6300242,27.7433727],[120.6304827,27.7429365],[120.6314028,27.7421715],[120.6335754,27.7401252],[120.6337169,27.7400061],[120.634085,27.7396551],[120.6347394,27.7388955],[120.6347931,27.7385394],[120.6347287,27.7379221],[120.634777,27.7375566],[120.6350667,27.7371767],[120.6353349,27.737039],[120.6363219,27.7374331],[120.6367779,27.7374236],[120.6371534,27.7372527],[120.63865,27.7354186],[120.6386876,27.7353725],[120.6395352,27.7343326],[120.6408924,27.7336346]]}},{"type":"Feature","id":"way/729765752","properties":{"highway":"unclassified","osm_type":"way","osm_id":729765752,"kind":"road","source_url":"https://www.openstreetmap.org/way/729765752","osmId":"way/729765752","source":"OpenStreetMap","name":""},"geometry":{"type":"LineString","coordinates":[[120.6180632,27.7581743],[120.6185979,27.7586489],[120.6196795,27.7597795],[120.6208963,27.7603179],[120.6220278,27.7584631]]}},{"type":"Feature","id":"way/729765753","properties":{"highway":"tertiary","osm_type":"way","osm_id":729765753,"kind":"road","source_url":"https://www.openstreetmap.org/way/729765753","osmId":"way/729765753","source":"OpenStreetMap","name":""},"geometry":{"type":"LineString","coordinates":[[120.6126757,27.7594984],[120.6115898,27.7600978],[120.6114424,27.7601964],[120.6109656,27.7604376],[120.6103031,27.7610717],[120.6093993,27.7622075],[120.6093702,27.7622442],[120.6084508,27.7634705],[120.6078965,27.7643678]]}},{"type":"Feature","id":"way/729765754","properties":{"highway":"tertiary","osm_type":"way","osm_id":729765754,"kind":"road","source_url":"https://www.openstreetmap.org/way/729765754","osmId":"way/729765754","source":"OpenStreetMap","name":""},"geometry":{"type":"LineString","coordinates":[[120.6126007,27.7666379],[120.6103312,27.7657892],[120.6102195,27.7657459],[120.6078965,27.7643678],[120.6065237,27.7634029],[120.6064715,27.7633693]]}},{"type":"Feature","id":"way/729765755","properties":{"waterway":"canal","osm_type":"way","osm_id":729765755,"kind":"water","source_url":"https://www.openstreetmap.org/way/729765755","osmId":"way/729765755","source":"OpenStreetMap","name":""},"geometry":{"type":"LineString","coordinates":[[120.6040952,27.765915],[120.604561,27.7653704],[120.605495,27.7642784],[120.6060374,27.7636739],[120.6072272,27.7622322],[120.6087144,27.7611076],[120.610756,27.7596001],[120.6118647,27.7586549],[120.6130275,27.7573926],[120.6136156,27.7568423],[120.6142028,27.7565531],[120.6145476,27.7561523],[120.6147639,27.7553806],[120.6153318,27.7550037],[120.615656,27.7548244]]}},{"type":"Feature","id":"way/729765756","properties":{"waterway":"river","osm_type":"way","osm_id":729765756,"kind":"water","source_url":"https://www.openstreetmap.org/way/729765756","osmId":"way/729765756","source":"OpenStreetMap","name":""},"geometry":{"type":"LineString","coordinates":[[120.6013239,27.7606054],[120.6021554,27.761096],[120.6041294,27.7624359],[120.6051367,27.7637699],[120.605495,27.7642784]]}},{"type":"Feature","id":"way/729765757","properties":{"waterway":"river","osm_type":"way","osm_id":729765757,"kind":"water","source_url":"https://www.openstreetmap.org/way/729765757","osmId":"way/729765757","source":"OpenStreetMap","name":""},"geometry":{"type":"LineString","coordinates":[[120.6002701,27.7723696],[120.5987905,27.7713125],[120.5976885,27.7704153],[120.597141,27.7697633],[120.5979792,27.7684653],[120.5995341,27.7671732],[120.6016162,27.7649959],[120.6020583,27.7645152]]}},{"type":"Feature","id":"way/729765759","properties":{"waterway":"canal","osm_type":"way","osm_id":729765759,"kind":"water","source_url":"https://www.openstreetmap.org/way/729765759","osmId":"way/729765759","source":"OpenStreetMap","name":""},"geometry":{"type":"LineString","coordinates":[[120.6030832,27.7685789],[120.6047759,27.7664219]]}},{"type":"Feature","id":"way/729765760","properties":{"waterway":"canal","osm_type":"way","osm_id":729765760,"kind":"water","source_url":"https://www.openstreetmap.org/way/729765760","osmId":"way/729765760","source":"OpenStreetMap","name":""},"geometry":{"type":"LineString","coordinates":[[120.6066664,27.7725002],[120.6063754,27.7723031],[120.6052127,27.771687],[120.604638,27.7712683],[120.6046786,27.771163],[120.6056183,27.7703914],[120.6058684,27.7696138],[120.6071396,27.7679127]]}},{"type":"Feature","id":"way/729765761","properties":{"waterway":"canal","osm_type":"way","osm_id":729765761,"kind":"water","source_url":"https://www.openstreetmap.org/way/729765761","osmId":"way/729765761","source":"OpenStreetMap","name":""},"geometry":{"type":"LineString","coordinates":[[120.5956846,27.7747202],[120.5966457,27.7755976],[120.5968151,27.7757376],[120.598276,27.7770682],[120.5996075,27.7787513],[120.600554,27.779822],[120.6016424,27.7810959],[120.6023184,27.7813591],[120.6027592,27.7818866],[120.6028944,27.7823663],[120.6037098,27.7831115],[120.6042087,27.7832064],[120.6047612,27.7831494],[120.6054801,27.7827365],[120.6072611,27.7806103],[120.6074864,27.7802686],[120.607481,27.7799696],[120.607202,27.779419],[120.6066302,27.7787797]]}},{"type":"Feature","id":"way/729765762","properties":{"highway":"unclassified","osm_type":"way","osm_id":729765762,"kind":"road","source_url":"https://www.openstreetmap.org/way/729765762","osmId":"way/729765762","source":"OpenStreetMap","name":""},"geometry":{"type":"LineString","coordinates":[[120.6168537,27.7716747],[120.615503,27.7711944]]}},{"type":"Feature","id":"way/729765763","properties":{"waterway":"canal","osm_type":"way","osm_id":729765763,"kind":"water","source_url":"https://www.openstreetmap.org/way/729765763","osmId":"way/729765763","source":"OpenStreetMap","name":""},"geometry":{"type":"LineString","coordinates":[[120.6116613,27.7698666],[120.6116836,27.7697481],[120.6119804,27.7687339],[120.6120125,27.7680386],[120.6126345,27.7668662],[120.6141623,27.7642222],[120.6142569,27.7637377],[120.6147301,27.7628045],[120.6152236,27.7618773],[120.6152813,27.7617593]]}},{"type":"Feature","id":"way/729765764","properties":{"highway":"unclassified","osm_type":"way","osm_id":729765764,"kind":"road","source_url":"https://www.openstreetmap.org/way/729765764","osmId":"way/729765764","source":"OpenStreetMap","name":""},"geometry":{"type":"LineString","coordinates":[[120.6093993,27.7622075],[120.6119296,27.763306],[120.612036,27.7633566]]}},{"type":"Feature","id":"way/729765765","properties":{"highway":"unclassified","osm_type":"way","osm_id":729765765,"kind":"road","source_url":"https://www.openstreetmap.org/way/729765765","osmId":"way/729765765","source":"OpenStreetMap","name":""},"geometry":{"type":"LineString","coordinates":[[120.612036,27.7633566],[120.6134051,27.7639291],[120.6127697,27.7652332],[120.6111402,27.7646348]]}},{"type":"Feature","id":"way/729765766","properties":{"highway":"unclassified","osm_type":"way","osm_id":729765766,"kind":"road","source_url":"https://www.openstreetmap.org/way/729765766","osmId":"way/729765766","source":"OpenStreetMap","name":""},"geometry":{"type":"LineString","coordinates":[[120.6147043,27.7631745],[120.6156132,27.7635521],[120.61658,27.7640401],[120.6189282,27.7651674]]}},{"type":"Feature","id":"way/729765767","properties":{"highway":"unclassified","osm_type":"way","osm_id":729765767,"kind":"road","source_url":"https://www.openstreetmap.org/way/729765767","osmId":"way/729765767","source":"OpenStreetMap","name":""},"geometry":{"type":"LineString","coordinates":[[120.615205,27.7728828],[120.6136417,27.7721958],[120.6130135,27.7719729],[120.6123438,27.7717353],[120.6120346,27.7715521]]}},{"type":"Feature","id":"way/729765768","properties":{"highway":"tertiary","osm_type":"way","osm_id":729765768,"kind":"road","source_url":"https://www.openstreetmap.org/way/729765768","osmId":"way/729765768","source":"OpenStreetMap","name":""},"geometry":{"type":"LineString","coordinates":[[120.6110563,27.7714693],[120.6110162,27.7714665],[120.6108711,27.7714025],[120.610638,27.7710939],[120.609969,27.7704017],[120.609052,27.7696469],[120.6086811,27.769441]]}},{"type":"Feature","id":"way/729765769","properties":{"highway":"unclassified","osm_type":"way","osm_id":729765769,"kind":"road","source_url":"https://www.openstreetmap.org/way/729765769","osmId":"way/729765769","source":"OpenStreetMap","name":""},"geometry":{"type":"LineString","coordinates":[[120.6138285,27.77543],[120.612371,27.7747064],[120.6108565,27.7739544]]}},{"type":"Feature","id":"way/729765770","properties":{"highway":"tertiary","osm_type":"way","osm_id":729765770,"kind":"road","source_url":"https://www.openstreetmap.org/way/729765770","osmId":"way/729765770","source":"OpenStreetMap","name":""},"geometry":{"type":"LineString","coordinates":[[120.6089789,27.7767185],[120.6091056,27.7767835],[120.610336,27.7774056],[120.6117135,27.7781656]]}},{"type":"Feature","id":"way/729765771","properties":{"highway":"unclassified","osm_type":"way","osm_id":729765771,"kind":"road","source_url":"https://www.openstreetmap.org/way/729765771","osmId":"way/729765771","source":"OpenStreetMap","name":""},"geometry":{"type":"LineString","coordinates":[[120.6096397,27.7781771],[120.6100859,27.7778422],[120.610336,27.7774056],[120.6111425,27.7763184],[120.6114852,27.7758564],[120.612371,27.7747064],[120.6126345,27.7742355]]}},{"type":"Feature","id":"way/729765772","properties":{"highway":"unclassified","osm_type":"way","osm_id":729765772,"kind":"road","source_url":"https://www.openstreetmap.org/way/729765772","osmId":"way/729765772","source":"OpenStreetMap","name":""},"geometry":{"type":"LineString","coordinates":[[120.6111425,27.7763184],[120.6124967,27.7771211]]}},{"type":"Feature","id":"way/729765773","properties":{"highway":"unclassified","osm_type":"way","osm_id":729765773,"kind":"road","source_url":"https://www.openstreetmap.org/way/729765773","osmId":"way/729765773","source":"OpenStreetMap","name":""},"geometry":{"type":"LineString","coordinates":[[120.6068858,27.7755372],[120.6076454,27.7739783]]}},{"type":"Feature","id":"way/729765774","properties":{"highway":"unclassified","osm_type":"way","osm_id":729765774,"kind":"road","source_url":"https://www.openstreetmap.org/way/729765774","osmId":"way/729765774","source":"OpenStreetMap","name":""},"geometry":{"type":"LineString","coordinates":[[120.6073359,27.7729182],[120.6074156,27.772794],[120.6095784,27.7706923],[120.6097984,27.7705599],[120.609969,27.7704017]]}},{"type":"Feature","id":"way/729765775","properties":{"highway":"unclassified","name":"云龙大街","osm_type":"way","osm_id":729765775,"kind":"road","source_url":"https://www.openstreetmap.org/way/729765775","osmId":"way/729765775","source":"OpenStreetMap"},"geometry":{"type":"LineString","coordinates":[[120.6110361,27.7734592],[120.6120801,27.7739663],[120.6126345,27.7742355],[120.614133,27.775016]]}},{"type":"Feature","id":"way/729765776","properties":{"highway":"unclassified","osm_type":"way","osm_id":729765776,"kind":"road","source_url":"https://www.openstreetmap.org/way/729765776","osmId":"way/729765776","source":"OpenStreetMap","name":""},"geometry":{"type":"LineString","coordinates":[[120.6120801,27.7739663],[120.6128913,27.7722556]]}},{"type":"Feature","id":"way/729765777","properties":{"highway":"unclassified","osm_type":"way","osm_id":729765777,"kind":"road","source_url":"https://www.openstreetmap.org/way/729765777","osmId":"way/729765777","source":"OpenStreetMap","name":""},"geometry":{"type":"LineString","coordinates":[[120.6154947,27.771262],[120.6136511,27.7706148],[120.6124883,27.7702067],[120.6117829,27.7699927],[120.6110676,27.7696289]]}},{"type":"Feature","id":"way/729765778","properties":{"highway":"unclassified","osm_type":"way","osm_id":729765778,"kind":"road","source_url":"https://www.openstreetmap.org/way/729765778","osmId":"way/729765778","source":"OpenStreetMap","name":""},"geometry":{"type":"LineString","coordinates":[[120.6138281,27.767096],[120.6149126,27.767584],[120.6152912,27.7661065]]}},{"type":"Feature","id":"way/729765779","properties":{"highway":"unclassified","osm_type":"way","osm_id":729765779,"kind":"road","source_url":"https://www.openstreetmap.org/way/729765779","osmId":"way/729765779","source":"OpenStreetMap","name":""},"geometry":{"type":"LineString","coordinates":[[120.6144481,27.7659279],[120.6152912,27.7661065],[120.6162309,27.7662842]]}},{"type":"Feature","id":"way/729765780","properties":{"highway":"unclassified","osm_type":"way","osm_id":729765780,"kind":"road","source_url":"https://www.openstreetmap.org/way/729765780","osmId":"way/729765780","source":"OpenStreetMap","name":""},"geometry":{"type":"LineString","coordinates":[[120.6152447,27.7684172],[120.6175829,27.7682839],[120.6176911,27.7681882],[120.6200472,27.7632305],[120.6202667,27.7627686],[120.6201518,27.7624456],[120.6193341,27.7613705],[120.6180223,27.759646],[120.6178398,27.759293],[120.6177993,27.7588384],[120.6175974,27.7586429]]}},{"type":"Feature","id":"way/729765781","properties":{"highway":"unclassified","osm_type":"way","osm_id":729765781,"kind":"road","source_url":"https://www.openstreetmap.org/way/729765781","osmId":"way/729765781","source":"OpenStreetMap","name":""},"geometry":{"type":"LineString","coordinates":[[120.6126757,27.7594984],[120.6137573,27.7584942],[120.6147979,27.7575112],[120.6148812,27.7574326]]}},{"type":"Feature","id":"way/729765782","properties":{"highway":"unclassified","osm_type":"way","osm_id":729765782,"kind":"road","source_url":"https://www.openstreetmap.org/way/729765782","osmId":"way/729765782","source":"OpenStreetMap","name":""},"geometry":{"type":"LineString","coordinates":[[120.6147979,27.7575112],[120.6161805,27.7591052]]}},{"type":"Feature","id":"way/729765783","properties":{"highway":"unclassified","osm_type":"way","osm_id":729765783,"kind":"road","source_url":"https://www.openstreetmap.org/way/729765783","osmId":"way/729765783","source":"OpenStreetMap","name":""},"geometry":{"type":"LineString","coordinates":[[120.6179114,27.7598292],[120.6182225,27.7602372],[120.6192301,27.7615396]]}},{"type":"Feature","id":"way/729765784","properties":{"highway":"unclassified","osm_type":"way","osm_id":729765784,"kind":"road","source_url":"https://www.openstreetmap.org/way/729765784","osmId":"way/729765784","source":"OpenStreetMap","name":""},"geometry":{"type":"LineString","coordinates":[[120.6185979,27.7586489],[120.6201407,27.7566114]]}},{"type":"Feature","id":"way/729765786","properties":{"waterway":"canal","osm_type":"way","osm_id":729765786,"kind":"water","source_url":"https://www.openstreetmap.org/way/729765786","osmId":"way/729765786","source":"OpenStreetMap","name":""},"geometry":{"type":"LineString","coordinates":[[120.6099304,27.7548302],[120.6100115,27.7542559],[120.6102954,27.7538192],[120.6107213,27.7536277],[120.6112351,27.7534722],[120.6116009,27.7533966],[120.6120091,27.7537317],[120.6122288,27.754549],[120.6122559,27.7557335],[120.6126209,27.7563318],[120.6136156,27.7568423],[120.6141352,27.7571095],[120.6159979,27.7576079],[120.6162917,27.757935],[120.6168325,27.7580487],[120.6170283,27.7579891],[120.6175221,27.7583359],[120.6179885,27.7588443],[120.6186984,27.7598733],[120.6197935,27.7611714],[120.6202059,27.7619969],[120.620461,27.7622743],[120.6250348,27.7669846]]}},{"type":"Feature","id":"way/729765787","properties":{"highway":"unclassified","name":"柏树路","osm_type":"way","osm_id":729765787,"kind":"road","source_url":"https://www.openstreetmap.org/way/729765787","osmId":"way/729765787","source":"OpenStreetMap"},"geometry":{"type":"LineString","coordinates":[[120.6097034,27.7571859],[120.6119504,27.7540548]]}},{"type":"Feature","id":"way/729765788","properties":{"highway":"unclassified","osm_type":"way","osm_id":729765788,"kind":"road","source_url":"https://www.openstreetmap.org/way/729765788","osmId":"way/729765788","source":"OpenStreetMap","name":""},"geometry":{"type":"LineString","coordinates":[[120.6189282,27.7651674],[120.6182319,27.7666389]]}},{"type":"Feature","id":"way/729765789","properties":{"highway":"unclassified","osm_type":"way","osm_id":729765789,"kind":"road","source_url":"https://www.openstreetmap.org/way/729765789","osmId":"way/729765789","source":"OpenStreetMap","name":""},"geometry":{"type":"LineString","coordinates":[[120.6224838,27.7473282],[120.6226731,27.7481119],[120.6217628,27.7482351]]}},{"type":"Feature","id":"way/729765790","properties":{"highway":"unclassified","osm_type":"way","osm_id":729765790,"kind":"road","source_url":"https://www.openstreetmap.org/way/729765790","osmId":"way/729765790","source":"OpenStreetMap","name":""},"geometry":{"type":"LineString","coordinates":[[120.6304827,27.7429365],[120.633199,27.7445698]]}},{"type":"Feature","id":"way/729765791","properties":{"highway":"unclassified","osm_type":"way","osm_id":729765791,"kind":"road","source_url":"https://www.openstreetmap.org/way/729765791","osmId":"way/729765791","source":"OpenStreetMap","name":""},"geometry":{"type":"LineString","coordinates":[[120.6244558,27.7509985],[120.6269999,27.7524193]]}},{"type":"Feature","id":"way/729765792","properties":{"highway":"unclassified","osm_type":"way","osm_id":729765792,"kind":"road","source_url":"https://www.openstreetmap.org/way/729765792","osmId":"way/729765792","source":"OpenStreetMap","name":""},"geometry":{"type":"LineString","coordinates":[[120.6258507,27.7540704],[120.6269999,27.7524193],[120.6294333,27.7489256],[120.633199,27.7445698],[120.6375458,27.7399569]]}},{"type":"Feature","id":"way/729765798","properties":{"waterway":"canal","osm_type":"way","osm_id":729765798,"kind":"water","source_url":"https://www.openstreetmap.org/way/729765798","osmId":"way/729765798","source":"OpenStreetMap","name":""},"geometry":{"type":"LineString","coordinates":[[120.630353,27.7425536],[120.6303462,27.7422604],[120.6274983,27.7398718],[120.6260892,27.7388016]]}},{"type":"Feature","id":"way/729765804","properties":{"highway":"tertiary","name":"民心路","osm_type":"way","osm_id":729765804,"kind":"road","source_url":"https://www.openstreetmap.org/way/729765804","osmId":"way/729765804","source":"OpenStreetMap"},"geometry":{"type":"LineString","coordinates":[[120.6337169,27.7400061],[120.6301153,27.7370058],[120.6297779,27.7368793],[120.6293317,27.7364545],[120.6291805,27.7361434]]}},{"type":"Feature","id":"way/729765820","properties":{"waterway":"river","osm_type":"way","osm_id":729765820,"kind":"water","source_url":"https://www.openstreetmap.org/way/729765820","osmId":"way/729765820","source":"OpenStreetMap","name":""},"geometry":{"type":"LineString","coordinates":[[120.6166662,27.7293245],[120.6174663,27.7307248],[120.6180428,27.7316323],[120.6198811,27.7348173],[120.6209155,27.7364688],[120.6223013,27.7387305],[120.6235317,27.7409204],[120.6235857,27.7412973],[120.6232342,27.7416144],[120.6231734,27.7418118],[120.6234235,27.7422845],[120.6235317,27.7426136]]}},{"type":"Feature","id":"way/729765830","properties":{"highway":"tertiary","osm_type":"way","osm_id":729765830,"kind":"road","source_url":"https://www.openstreetmap.org/way/729765830","osmId":"way/729765830","source":"OpenStreetMap","name":""},"geometry":{"type":"LineString","coordinates":[[120.6177195,27.7293179],[120.6213453,27.7352971],[120.6214069,27.7354091],[120.6220014,27.7363399],[120.6220204,27.7363696],[120.6223906,27.7370153],[120.6226641,27.7380077],[120.6231738,27.7386201],[120.624193,27.7396409],[120.6244793,27.7398534],[120.6247402,27.7399638],[120.6265533,27.7404623],[120.6300242,27.7433727]]}},{"type":"Feature","id":"way/776500840","properties":{"highway":"tertiary","name":"开发一路","osm_type":"way","osm_id":776500840,"kind":"road","source_url":"https://www.openstreetmap.org/way/776500840","osmId":"way/776500840","source":"OpenStreetMap"},"geometry":{"type":"LineString","coordinates":[[120.6573862,27.7505334],[120.6595378,27.7487602],[120.6596178,27.7486959],[120.6597338,27.7485998],[120.6618389,27.7469203]]}},{"type":"Feature","id":"way/776500841","properties":{"highway":"tertiary","name":"开发二路","osm_type":"way","osm_id":776500841,"kind":"road","source_url":"https://www.openstreetmap.org/way/776500841","osmId":"way/776500841","source":"OpenStreetMap"},"geometry":{"type":"LineString","coordinates":[[120.6583572,27.7514782],[120.6588816,27.7510683],[120.660562,27.749755],[120.6607423,27.749605],[120.6628152,27.7478841]]}},{"type":"Feature","id":"way/776500842","properties":{"highway":"secondary","name":"上东路","oneway":"yes","osm_type":"way","osm_id":776500842,"kind":"road","source_url":"https://www.openstreetmap.org/way/776500842","osmId":"way/776500842","source":"OpenStreetMap"},"geometry":{"type":"LineString","coordinates":[[120.6685786,27.7575888],[120.6673163,27.7563148],[120.666194,27.7552394],[120.6660918,27.75514],[120.664907,27.7539871],[120.6647474,27.7538319],[120.6632111,27.752337],[120.6629579,27.752095],[120.6616557,27.7508256],[120.6615566,27.750729],[120.6608357,27.7500262],[120.660562,27.749755],[120.6595378,27.7487602],[120.6586116,27.7478626],[120.6582297,27.7473709],[120.6565697,27.7451151],[120.6564531,27.7449567],[120.6552204,27.7432735],[120.6546515,27.7424711],[120.6545434,27.7423278]]}},{"type":"Feature","id":"way/776500843","properties":{"highway":"secondary","name":"上东路","oneway":"yes","osm_type":"way","osm_id":776500843,"kind":"road","source_url":"https://www.openstreetmap.org/way/776500843","osmId":"way/776500843","source":"OpenStreetMap"},"geometry":{"type":"LineString","coordinates":[[120.654726,27.7422141],[120.6548262,27.7423671],[120.6567356,27.744973],[120.6586111,27.7474889],[120.6587752,27.7476811],[120.6597338,27.7485998],[120.6607423,27.749605],[120.6617462,27.7505735],[120.6618436,27.7506684],[120.6620404,27.75086],[120.6633856,27.752194],[120.6636282,27.7524305],[120.6645855,27.7533563],[120.6649247,27.7536747],[120.6650851,27.7538253],[120.6653514,27.7540754],[120.6662704,27.7549961],[120.6666123,27.7553234],[120.667374,27.7560962],[120.6674726,27.7561963],[120.6687219,27.7574199]]}},{"type":"Feature","id":"way/776500844","properties":{"highway":"secondary","name":"滨江大道","oneway":"yes","osm_type":"way","osm_id":776500844,"kind":"road","source_url":"https://www.openstreetmap.org/way/776500844","osmId":"way/776500844","source":"OpenStreetMap"},"geometry":{"type":"LineString","coordinates":[[120.6657416,27.7359698],[120.6656022,27.735965],[120.665173,27.7360647],[120.6649365,27.7361589],[120.6648511,27.7361929],[120.6644113,27.7364303],[120.6634403,27.7370571],[120.6619704,27.7380969],[120.6608559,27.738768],[120.6585192,27.7401749],[120.6583756,27.7402586],[120.6566423,27.7412689],[120.6548262,27.7423671],[120.6546515,27.7424711],[120.6526377,27.7435879],[120.6525425,27.7436406],[120.6515991,27.7443184],[120.6489466,27.7461494],[120.6488544,27.7462071]]}},{"type":"Feature","id":"way/776500847","properties":{"highway":"secondary","name":"新埠路","oneway":"yes","osm_type":"way","osm_id":776500847,"kind":"road","source_url":"https://www.openstreetmap.org/way/776500847","osmId":"way/776500847","source":"OpenStreetMap"},"geometry":{"type":"LineString","coordinates":[[120.6567497,27.7545674],[120.6568362,27.7544979],[120.6593497,27.7524789],[120.6615566,27.750729],[120.6617462,27.7505735],[120.6636411,27.7490188]]}},{"type":"Feature","id":"way/776500848","properties":{"highway":"secondary","name":"新埠路","oneway":"yes","osm_type":"way","osm_id":776500848,"kind":"road","source_url":"https://www.openstreetmap.org/way/776500848","osmId":"way/776500848","source":"OpenStreetMap"},"geometry":{"type":"LineString","coordinates":[[120.6637921,27.7490933],[120.6618436,27.7506684],[120.6616557,27.7508256],[120.6594486,27.7525734],[120.6569221,27.754589],[120.6568289,27.7546514]]}},{"type":"Feature","id":"way/776500849","properties":{"highway":"tertiary","name":"开发三路","osm_type":"way","osm_id":776500849,"kind":"road","source_url":"https://www.openstreetmap.org/way/776500849","osmId":"way/776500849","source":"OpenStreetMap"},"geometry":{"type":"LineString","coordinates":[[120.6610072,27.7540657],[120.6632111,27.752337],[120.6633856,27.752194],[120.6650573,27.7504479]]}},{"type":"Feature","id":"way/776500850","properties":{"highway":"tertiary","name":"导航路","osm_type":"way","osm_id":776500850,"kind":"road","source_url":"https://www.openstreetmap.org/way/776500850","osmId":"way/776500850","source":"OpenStreetMap"},"geometry":{"type":"LineString","coordinates":[[120.6566958,27.7498891],[120.6573862,27.7505334],[120.6579862,27.7511173],[120.6583572,27.7514782],[120.6593497,27.7524789],[120.6594486,27.7525734],[120.6605673,27.7536432],[120.6610072,27.7540657],[120.6614095,27.7544693],[120.6614623,27.754521],[120.6625682,27.755604],[120.6626541,27.7556847],[120.6627241,27.7557534],[120.6638986,27.7569049],[120.665111,27.7580919],[120.6663823,27.7593311]]}},{"type":"Feature","id":"way/776500851","properties":{"highway":"secondary","name":"集贤路","oneway":"yes","osm_type":"way","osm_id":776500851,"kind":"road","source_url":"https://www.openstreetmap.org/way/776500851","osmId":"way/776500851","source":"OpenStreetMap"},"geometry":{"type":"LineString","coordinates":[[120.6520526,27.763312],[120.6521632,27.7630792],[120.6543634,27.7614583],[120.6547118,27.7612213],[120.6549154,27.7610828],[120.6567451,27.7598383],[120.6601071,27.7576028],[120.6602317,27.757501],[120.6625682,27.755604],[120.6647474,27.7538319],[120.6649247,27.7536747]]}},{"type":"Feature","id":"way/776500852","properties":{"highway":"secondary","name":"集贤路","oneway":"yes","osm_type":"way","osm_id":776500852,"kind":"road","source_url":"https://www.openstreetmap.org/way/776500852","osmId":"way/776500852","source":"OpenStreetMap"},"geometry":{"type":"LineString","coordinates":[[120.6650851,27.7538253],[120.664907,27.7539871],[120.6646514,27.754189],[120.6627241,27.7557534],[120.6603866,27.7576327],[120.6602478,27.7577348],[120.6581952,27.7591071],[120.6569038,27.7599706],[120.6550371,27.7612518],[120.6548717,27.761355],[120.6545315,27.7615988],[120.6522619,27.7632517],[120.6520526,27.763312]]}},{"type":"Feature","id":"way/776500853","properties":{"highway":"tertiary","osm_type":"way","osm_id":776500853,"kind":"road","source_url":"https://www.openstreetmap.org/way/776500853","osmId":"way/776500853","source":"OpenStreetMap","name":""},"geometry":{"type":"LineString","coordinates":[[120.6590131,27.7566293],[120.6591302,27.7565645],[120.6614623,27.754521]]}},{"type":"Feature","id":"way/776500854","properties":{"highway":"tertiary","name":"开发五路","osm_type":"way","osm_id":776500854,"kind":"road","source_url":"https://www.openstreetmap.org/way/776500854","osmId":"way/776500854","source":"OpenStreetMap"},"geometry":{"type":"LineString","coordinates":[[120.6684423,27.7532634],[120.6667525,27.7545975],[120.6662704,27.7549961],[120.6660918,27.75514],[120.6638986,27.7569049],[120.661667,27.7587215],[120.6615528,27.7587885]]}},{"type":"Feature","id":"way/776500855","properties":{"highway":"tertiary","name":"开发六路","osm_type":"way","osm_id":776500855,"kind":"road","source_url":"https://www.openstreetmap.org/way/776500855","osmId":"way/776500855","source":"OpenStreetMap"},"geometry":{"type":"LineString","coordinates":[[120.6629183,27.7599241],[120.6629813,27.7598346],[120.6640273,27.7589465],[120.665111,27.7580919],[120.665701,27.7576076],[120.6662858,27.7571376],[120.6673163,27.7563148],[120.6674726,27.7561963]]}},{"type":"Feature","id":"way/776500856","properties":{"highway":"tertiary","name":"世纪大道","osm_type":"way","osm_id":776500856,"kind":"road","source_url":"https://www.openstreetmap.org/way/776500856","osmId":"way/776500856","source":"OpenStreetMap"},"geometry":{"type":"LineString","coordinates":[[120.6708398,27.7555958],[120.6687219,27.7574199],[120.6685786,27.7575888],[120.6680614,27.7579969],[120.6663823,27.7593311],[120.6651753,27.7603424],[120.664376,27.7610121]]}},{"type":"Feature","id":"way/776500859","properties":{"highway":"service","osm_type":"way","osm_id":776500859,"kind":"road","source_url":"https://www.openstreetmap.org/way/776500859","osmId":"way/776500859","source":"OpenStreetMap","name":""},"geometry":{"type":"LineString","coordinates":[[120.6588816,27.7510683],[120.6587733,27.7509643],[120.6585818,27.7511193],[120.6583258,27.7508494]]}},{"type":"Feature","id":"way/776500863","properties":{"highway":"service","osm_type":"way","osm_id":776500863,"kind":"road","source_url":"https://www.openstreetmap.org/way/776500863","osmId":"way/776500863","source":"OpenStreetMap","name":""},"geometry":{"type":"LineString","coordinates":[[120.6579862,27.7511173],[120.6583258,27.7508494]]}},{"type":"Feature","id":"way/776500865","properties":{"highway":"tertiary","name":"瑞光大道","osm_type":"way","osm_id":776500865,"kind":"road","source_url":"https://www.openstreetmap.org/way/776500865","osmId":"way/776500865","source":"OpenStreetMap"},"geometry":{"type":"LineString","coordinates":[[120.6586116,27.7478626],[120.6543448,27.7510467],[120.6542479,27.7511207],[120.6531161,27.7519325]]}},{"type":"Feature","id":"way/776500866","properties":{"highway":"secondary","name":"港口大道","oneway":"yes","osm_type":"way","osm_id":776500866,"kind":"road","source_url":"https://www.openstreetmap.org/way/776500866","osmId":"way/776500866","source":"OpenStreetMap"},"geometry":{"type":"LineString","coordinates":[[120.6626832,27.744528],[120.6624375,27.7443475],[120.6622826,27.7441434],[120.660232,27.7420741],[120.6592908,27.7411536],[120.6583756,27.7402586],[120.6582908,27.7401708]]}},{"type":"Feature","id":"way/776500867","properties":{"highway":"tertiary","osm_type":"way","osm_id":776500867,"kind":"road","source_url":"https://www.openstreetmap.org/way/776500867","osmId":"way/776500867","source":"OpenStreetMap","name":""},"geometry":{"type":"LineString","coordinates":[[120.6684423,27.7532634],[120.6696383,27.754452],[120.6708398,27.7555958]]}},{"type":"Feature","id":"way/776514192","properties":{"highway":"primary","name":"望东东路","oneway":"yes","osm_type":"way","osm_id":776514192,"kind":"road","source_url":"https://www.openstreetmap.org/way/776514192","osmId":"way/776514192","source":"OpenStreetMap"},"geometry":{"type":"LineString","coordinates":[[120.684566,27.754659],[120.6826319,27.756327],[120.6802658,27.7583129],[120.6786146,27.7597598],[120.6783841,27.7599618],[120.6777696,27.7605002],[120.6753326,27.7624571],[120.674161,27.7633344]]}},{"type":"Feature","id":"way/776514193","properties":{"highway":"primary","name":"望东东路","oneway":"yes","osm_type":"way","osm_id":776514193,"kind":"road","source_url":"https://www.openstreetmap.org/way/776514193","osmId":"way/776514193","source":"OpenStreetMap"},"geometry":{"type":"LineString","coordinates":[[120.674082,27.7631013],[120.6754614,27.7620631],[120.6771833,27.760677],[120.6782164,27.7597803],[120.6784345,27.759591],[120.6797153,27.7584792],[120.6835455,27.7552606],[120.6844694,27.7545698]]}},{"type":"Feature","id":"way/776514194","properties":{"highway":"primary","name":"世纪大道","oneway":"yes","osm_type":"way","osm_id":776514194,"kind":"road","source_url":"https://www.openstreetmap.org/way/776514194","osmId":"way/776514194","source":"OpenStreetMap"},"geometry":{"type":"LineString","coordinates":[[120.664507,27.7611224],[120.6644178,27.7612028],[120.6640724,27.7614758],[120.6625921,27.7623064],[120.6620265,27.7626084],[120.6619032,27.7626743],[120.6598601,27.7637652],[120.6592577,27.7640544],[120.6587393,27.7642363],[120.6576289,27.7645517],[120.6574835,27.7646073],[120.6573477,27.7646288],[120.6571037,27.7646127]]}},{"type":"Feature","id":"way/776514195","properties":{"highway":"primary","name":"世纪大道","oneway":"yes","osm_type":"way","osm_id":776514195,"kind":"road","source_url":"https://www.openstreetmap.org/way/776514195","osmId":"way/776514195","source":"OpenStreetMap"},"geometry":{"type":"LineString","coordinates":[[120.6571037,27.7646127],[120.6572076,27.7644883],[120.6573155,27.7644381],[120.6574802,27.7643765],[120.6577399,27.7642404],[120.6586412,27.7639594],[120.6593184,27.7637115],[120.6599302,27.7633974],[120.6617387,27.7624508],[120.6618472,27.762394],[120.6626252,27.7619868],[120.6627882,27.7619015],[120.6633019,27.7615833],[120.6642459,27.7610452],[120.664376,27.7610121]]}},{"type":"Feature","id":"way/776514196","properties":{"highway":"tertiary","name":"世纪大道","osm_type":"way","osm_id":776514196,"kind":"road","source_url":"https://www.openstreetmap.org/way/776514196","osmId":"way/776514196","source":"OpenStreetMap"},"geometry":{"type":"LineString","coordinates":[[120.6571037,27.7646127],[120.6532591,27.7659055],[120.6530943,27.7659582],[120.6521733,27.7662528]]}},{"type":"Feature","id":"way/776514197","properties":{"highway":"primary","name":"莘阳大道","oneway":"yes","osm_type":"way","osm_id":776514197,"kind":"road","source_url":"https://www.openstreetmap.org/way/776514197","osmId":"way/776514197","source":"OpenStreetMap"},"geometry":{"type":"LineString","coordinates":[[120.6549154,27.7610828],[120.6550371,27.7612518],[120.6550957,27.7614242],[120.6569706,27.7637408],[120.6574802,27.7643765],[120.6576289,27.7645517],[120.6578155,27.764899],[120.6587266,27.7666727],[120.6587897,27.7667849],[120.6598645,27.7686969],[120.6605723,27.7699816]]}},{"type":"Feature","id":"way/776590699","properties":{"highway":"tertiary","name":"导航路","osm_type":"way","osm_id":776590699,"kind":"road","source_url":"https://www.openstreetmap.org/way/776590699","osmId":"way/776590699","source":"OpenStreetMap"},"geometry":{"type":"LineString","coordinates":[[120.65454,27.7465356],[120.6526377,27.7435879],[120.6525483,27.7434821]]}},{"type":"Feature","id":"way/776590701","properties":{"highway":"service","osm_type":"way","osm_id":776590701,"kind":"road","source_url":"https://www.openstreetmap.org/way/776590701","osmId":"way/776590701","source":"OpenStreetMap","name":""},"geometry":{"type":"LineString","coordinates":[[120.6541235,27.7432781],[120.6547703,27.7429144],[120.6551053,27.7433423],[120.6551602,27.7434124]]}},{"type":"Feature","id":"way/776590702","properties":{"highway":"service","osm_type":"way","osm_id":776590702,"kind":"road","source_url":"https://www.openstreetmap.org/way/776590702","osmId":"way/776590702","source":"OpenStreetMap","name":""},"geometry":{"type":"LineString","coordinates":[[120.6551053,27.7433423],[120.6552204,27.7432735]]}},{"type":"Feature","id":"way/776590708","properties":{"highway":"service","osm_type":"way","osm_id":776590708,"kind":"road","source_url":"https://www.openstreetmap.org/way/776590708","osmId":"way/776590708","source":"OpenStreetMap","name":""},"geometry":{"type":"LineString","coordinates":[[120.654129,27.7435811],[120.6544139,27.7439569],[120.6551678,27.7435153],[120.6551094,27.7434417],[120.6551602,27.7434124]]}},{"type":"Feature","id":"way/845240341","properties":{"leaf_type":"mixed","leisure":"park","name":"隆山","natural":"wood","osm_type":"way","osm_id":845240341,"kind":"park","source_url":"https://www.openstreetmap.org/way/845240341","osmId":"way/845240341","source":"OpenStreetMap"},"geometry":{"type":"Polygon","coordinates":[[[120.6360034,27.7792323],[120.6361707,27.7795475],[120.6364883,27.779445],[120.6365656,27.7793045],[120.6378231,27.7788569],[120.6377783,27.7787379],[120.6380249,27.7786685],[120.6379165,27.7784305],[120.6378306,27.7784471],[120.6377783,27.7783347],[120.6378381,27.7782553],[120.6379352,27.7776868],[120.6378381,27.7776075],[120.6378269,27.7774488],[120.6379464,27.7773728],[120.6379128,27.777148],[120.6378194,27.7769497],[120.6378082,27.7767051],[120.6378904,27.7766919],[120.6379614,27.7764472],[120.6380249,27.7764373],[120.6380286,27.77572],[120.6376513,27.7755713],[120.6376699,27.7754159],[120.6376027,27.7752738],[120.6378455,27.7749531],[120.6380734,27.7748606],[120.6381257,27.7748936],[120.6382416,27.7748308],[120.6382266,27.7747251],[120.6368667,27.7733532],[120.6361307,27.7742358],[120.6360747,27.7744573],[120.6362503,27.77493],[120.6360971,27.7752209],[120.6359178,27.7751614],[120.6354284,27.7761663],[120.6356114,27.7762721],[120.6354246,27.7765134],[120.6354059,27.7767381],[120.6355292,27.7767877],[120.6353574,27.7772373],[120.6350473,27.7774025],[120.6348605,27.777581],[120.6349688,27.7777694],[120.6346288,27.7779182],[120.6347783,27.7781727],[120.6349614,27.7783347],[120.6349427,27.7784438],[120.6351407,27.7784305],[120.6355367,27.7790883],[120.6356712,27.779052],[120.6358094,27.7792371],[120.6359701,27.7791974],[120.6360034,27.7792323]]]}},{"type":"Feature","id":"way/863685389","properties":{"highway":"unclassified","osm_type":"way","osm_id":863685389,"kind":"road","source_url":"https://www.openstreetmap.org/way/863685389","osmId":"way/863685389","source":"OpenStreetMap","name":""},"geometry":{"type":"LineString","coordinates":[[120.6366016,27.7931263],[120.6345329,27.7932142],[120.6320078,27.7933164],[120.6318857,27.7933204]]}},{"type":"Feature","id":"way/863685390","properties":{"highway":"unclassified","osm_type":"way","osm_id":863685390,"kind":"road","source_url":"https://www.openstreetmap.org/way/863685390","osmId":"way/863685390","source":"OpenStreetMap","name":""},"geometry":{"type":"LineString","coordinates":[[120.634226,27.7962494],[120.6345329,27.7932142]]}},{"type":"Feature","id":"way/863688850","properties":{"highway":"unclassified","osm_type":"way","osm_id":863688850,"kind":"road","source_url":"https://www.openstreetmap.org/way/863688850","osmId":"way/863688850","source":"OpenStreetMap","name":""},"geometry":{"type":"LineString","coordinates":[[120.6365529,27.7918702],[120.6365132,27.7916397],[120.6350751,27.7886232],[120.6350278,27.788427]]}},{"type":"Feature","id":"way/863688851","properties":{"highway":"unclassified","junction":"roundabout","osm_type":"way","osm_id":863688851,"kind":"road","source_url":"https://www.openstreetmap.org/way/863688851","osmId":"way/863688851","source":"OpenStreetMap","name":""},"geometry":{"type":"LineString","coordinates":[[120.63645,27.7920716],[120.6364298,27.7920316],[120.6364257,27.791988],[120.6364382,27.7919456],[120.6364659,27.7919093],[120.6365056,27.7918832],[120.6365529,27.7918702],[120.6366001,27.7918714],[120.6366444,27.7918858],[120.6366813,27.7919119],[120.636707,27.7919469],[120.6367187,27.7919874],[120.6367154,27.792029],[120.6366973,27.7920676],[120.6366664,27.7920992],[120.6366257,27.7921204],[120.6365772,27.7921292],[120.6365282,27.7921233],[120.6364841,27.7921033],[120.63645,27.7920716]]}},{"type":"Feature","id":"way/863689982","properties":{"highway":"secondary","name":"虹桥北路","oneway":"yes","osm_type":"way","osm_id":863689982,"kind":"road","source_url":"https://www.openstreetmap.org/way/863689982","osmId":"way/863689982","source":"OpenStreetMap"},"geometry":{"type":"LineString","coordinates":[[120.6328313,27.8011947],[120.632927,27.801394],[120.6331549,27.8016161],[120.6333967,27.8018197],[120.6335185,27.8020151],[120.6335414,27.8021857],[120.6335609,27.8022929]]}},{"type":"Feature","id":"way/863689983","properties":{"highway":"secondary","name":"虹桥北路","oneway":"yes","osm_type":"way","osm_id":863689983,"kind":"road","source_url":"https://www.openstreetmap.org/way/863689983","osmId":"way/863689983","source":"OpenStreetMap"},"geometry":{"type":"LineString","coordinates":[[120.6334261,27.8023037],[120.6334247,27.8021939],[120.6331879,27.8019441],[120.6328827,27.8015855],[120.6326879,27.8011854]]}},{"type":"Feature","id":"way/864520301","properties":{"highway":"unclassified","osm_type":"way","osm_id":864520301,"kind":"road","source_url":"https://www.openstreetmap.org/way/864520301","osmId":"way/864520301","source":"OpenStreetMap","name":""},"geometry":{"type":"LineString","coordinates":[[120.6319795,27.7809491],[120.6315962,27.7804981],[120.6322184,27.7802553]]}},{"type":"Feature","id":"way/864520302","properties":{"highway":"unclassified","osm_type":"way","osm_id":864520302,"kind":"road","source_url":"https://www.openstreetmap.org/way/864520302","osmId":"way/864520302","source":"OpenStreetMap","name":""},"geometry":{"type":"LineString","coordinates":[[120.6323631,27.7802137],[120.6333241,27.7798918],[120.6338981,27.7797847]]}},{"type":"Feature","id":"way/864520303","properties":{"highway":"unclassified","osm_type":"way","osm_id":864520303,"kind":"road","source_url":"https://www.openstreetmap.org/way/864520303","osmId":"way/864520303","source":"OpenStreetMap","name":""},"geometry":{"type":"LineString","coordinates":[[120.6310207,27.7789238],[120.6313307,27.7797484],[120.6315238,27.7802964],[120.6315962,27.7804981]]}},{"type":"Feature","id":"way/868363538","properties":{"natural":"water","water":"pond","osm_type":"way","osm_id":868363538,"kind":"water","source_url":"https://www.openstreetmap.org/way/868363538","osmId":"way/868363538","source":"OpenStreetMap","name":""},"geometry":{"type":"Polygon","coordinates":[[[120.5999815,27.7613726],[120.6006896,27.7607555],[120.6003544,27.7604446],[120.6008202,27.7599464],[120.6005091,27.7597186],[120.6000432,27.7602167],[120.5993539,27.7608528],[120.5993754,27.7609905],[120.5999815,27.7613726]]]}},{"type":"Feature","id":"way/868461021","properties":{"waterway":"canal","osm_type":"way","osm_id":868461021,"kind":"water","source_url":"https://www.openstreetmap.org/way/868461021","osmId":"way/868461021","source":"OpenStreetMap","name":""},"geometry":{"type":"LineString","coordinates":[[120.6866384,27.7446502],[120.684514,27.7465136]]}},{"type":"Feature","id":"way/868461022","properties":{"waterway":"canal","osm_type":"way","osm_id":868461022,"kind":"water","source_url":"https://www.openstreetmap.org/way/868461022","osmId":"way/868461022","source":"OpenStreetMap","name":""},"geometry":{"type":"LineString","coordinates":[[120.6877407,27.7456116],[120.6872687,27.7452389],[120.6868127,27.7447902],[120.6866384,27.7446502],[120.6862897,27.7443962],[120.6860214,27.7442466],[120.6856767,27.7441356],[120.6850371,27.7438858],[120.6842566,27.743525],[120.6835645,27.7431475],[120.6827116,27.742528],[120.6818989,27.741906],[120.6817675,27.7418799]]}},{"type":"Feature","id":"way/868461023","properties":{"waterway":"canal","osm_type":"way","osm_id":868461023,"kind":"water","source_url":"https://www.openstreetmap.org/way/868461023","osmId":"way/868461023","source":"OpenStreetMap","name":""},"geometry":{"type":"LineString","coordinates":[[120.6868502,27.7558256],[120.6866947,27.7557212],[120.6861073,27.7553414],[120.6855708,27.7549996],[120.6848171,27.7546531],[120.6844282,27.7544323],[120.6840688,27.7541166],[120.6837094,27.7538508],[120.6832212,27.7535826],[120.6821805,27.7529322],[120.6825399,27.7526212],[120.6828511,27.7523127],[120.6830147,27.7521513],[120.6834331,27.7519091],[120.6836531,27.7517525],[120.6841171,27.7513347],[120.6846428,27.7508837],[120.6850854,27.7504541],[120.6856701,27.7498417],[120.6864265,27.749158],[120.687325,27.7483486],[120.6877997,27.7480257],[120.6882289,27.7477338],[120.6886527,27.7473611],[120.6889585,27.746986],[120.6888512,27.7467629],[120.688532,27.7462691],[120.6881511,27.7459131],[120.6877407,27.7456116],[120.6863701,27.7468365],[120.6845462,27.7484032],[120.6832266,27.74959],[120.6825533,27.7501882],[120.6823263,27.7501923]]}},{"type":"Feature","id":"way/868461024","properties":{"waterway":"canal","osm_type":"way","osm_id":868461024,"kind":"water","source_url":"https://www.openstreetmap.org/way/868461024","osmId":"way/868461024","source":"OpenStreetMap","name":""},"geometry":{"type":"LineString","coordinates":[[120.6808287,27.7533879],[120.6805175,27.7532788],[120.6792113,27.752861],[120.6781653,27.7525049],[120.6775054,27.752334],[120.6772104,27.7523601],[120.6761456,27.7519614],[120.6752121,27.7513442],[120.675188,27.7512042],[120.6752792,27.7510784],[120.6772989,27.7489634],[120.6777763,27.7484222],[120.6799114,27.7464044],[120.6803191,27.7460056],[120.6804478,27.7459558]]}},{"type":"Feature","id":"way/868461025","properties":{"waterway":"canal","osm_type":"way","osm_id":868461025,"kind":"water","source_url":"https://www.openstreetmap.org/way/868461025","osmId":"way/868461025","source":"OpenStreetMap","name":""},"geometry":{"type":"LineString","coordinates":[[120.6739602,27.7658857],[120.6740534,27.7655261],[120.6741822,27.7651748],[120.6743485,27.7648568],[120.6744558,27.764553],[120.6742626,27.7642492],[120.6741285,27.763879],[120.6741017,27.7636084],[120.6738925,27.7629913],[120.6729698,27.7619897],[120.6727123,27.7615815],[120.6727123,27.7614391],[120.6734741,27.7608837],[120.6747723,27.7597491],[120.6761455,27.7586241],[120.676226,27.7584674],[120.6763333,27.7581256],[120.676977,27.7576082],[120.6775081,27.7573186],[120.6776315,27.7572047],[120.6787312,27.7563787],[120.679906,27.7552679],[120.6805551,27.7546792],[120.6808126,27.7542662],[120.6808931,27.7539054],[120.6808287,27.7533879],[120.6809574,27.7531221],[120.6812686,27.7528088],[120.6814992,27.7525667],[120.6818801,27.7522581],[120.6819338,27.7521536],[120.6823263,27.7501923],[120.6823575,27.7500363],[120.6825989,27.7491153],[120.6826258,27.7486928],[120.6825882,27.747805],[120.6826901,27.7473445]]}},{"type":"Feature","id":"way/868461026","properties":{"waterway":"canal","osm_type":"way","osm_id":868461026,"kind":"water","source_url":"https://www.openstreetmap.org/way/868461026","osmId":"way/868461026","source":"OpenStreetMap","name":""},"geometry":{"type":"LineString","coordinates":[[120.6817567,27.7417232],[120.6817675,27.7418799],[120.6787956,27.74489],[120.679121,27.7450999],[120.6804478,27.7459558],[120.6818989,27.7468816],[120.6826901,27.7473445],[120.6828511,27.7468222],[120.6835699,27.7460579],[120.6853777,27.7445054],[120.6856459,27.744211],[120.6856767,27.7441356],[120.6857639,27.7439214],[120.6858766,27.7435464],[120.686354,27.7431001],[120.68762,27.7418609]]}},{"type":"Feature","id":"way/868461027","properties":{"waterway":"canal","osm_type":"way","osm_id":868461027,"kind":"water","source_url":"https://www.openstreetmap.org/way/868461027","osmId":"way/868461027","source":"OpenStreetMap","name":""},"geometry":{"type":"LineString","coordinates":[[120.679965,27.7413837],[120.6815475,27.739722],[120.682784,27.7383807],[120.6839105,27.7371961],[120.6840903,27.7370109]]}},{"type":"Feature","id":"way/868461052","properties":{"waterway":"canal","osm_type":"way","osm_id":868461052,"kind":"water","source_url":"https://www.openstreetmap.org/way/868461052","osmId":"way/868461052","source":"OpenStreetMap","name":""},"geometry":{"type":"LineString","coordinates":[[120.6858064,27.773213],[120.6863809,27.7727552],[120.6872821,27.772366],[120.6880975,27.7718723],[120.6888807,27.7712506],[120.6908065,27.7700022],[120.6924105,27.7687444],[120.6987458,27.7645388],[120.6999705,27.7638037],[120.7006824,27.7633236],[120.7012188,27.7627635],[120.7020771,27.7621559],[120.7045553,27.7603915],[120.7052958,27.7598773],[120.7092708,27.757067],[120.7093674,27.757086],[120.7097107,27.7574848],[120.7104242,27.7582918],[120.7117085,27.7591962]]}},{"type":"Feature","id":"way/868461064","properties":{"waterway":"canal","osm_type":"way","osm_id":868461064,"kind":"water","source_url":"https://www.openstreetmap.org/way/868461064","osmId":"way/868461064","source":"OpenStreetMap","name":""},"geometry":{"type":"LineString","coordinates":[[120.6946152,27.7482987],[120.6958973,27.7471118],[120.6967825,27.7462763],[120.6987619,27.744325],[120.7013798,27.7417992],[120.7011598,27.7415428],[120.7008487,27.7413719],[120.6993037,27.740071],[120.699057,27.7398098],[120.6990462,27.7396816],[120.6994379,27.7393113],[120.6997597,27.7389789],[120.6997168,27.738903],[120.6990141,27.738338],[120.697335,27.7371652],[120.6973511,27.7370323],[120.6980163,27.7357598],[120.7001245,27.7370228],[120.7005161,27.7373124],[120.7008594,27.7374691],[120.70052,27.737895],[120.6997168,27.738903]]}},{"type":"Feature","id":"way/868461068","properties":{"waterway":"canal","osm_type":"way","osm_id":868461068,"kind":"water","source_url":"https://www.openstreetmap.org/way/868461068","osmId":"way/868461068","source":"OpenStreetMap","name":""},"geometry":{"type":"LineString","coordinates":[[120.68762,27.7418609],[120.6882584,27.7412342],[120.6892562,27.7403416],[120.690034,27.7395582],[120.6915307,27.7381196],[120.6927967,27.7367854],[120.693891,27.7354084],[120.6940412,27.7352375],[120.6948942,27.7340173],[120.6959242,27.732835],[120.6959609,27.7327862],[120.6967208,27.7317785],[120.6975281,27.7307695],[120.6982577,27.7297059],[120.6988746,27.7289271],[120.6990859,27.7287031],[120.6992823,27.728495],[120.6993788,27.7280107],[120.6997597,27.7277543],[120.7003337,27.7266004],[120.7005579,27.7262177],[120.7007843,27.7258312],[120.7018948,27.7233429],[120.702222,27.7227018],[120.7027531,27.7212108]]}},{"type":"Feature","id":"way/868461070","properties":{"waterway":"canal","osm_type":"way","osm_id":868461070,"kind":"water","source_url":"https://www.openstreetmap.org/way/868461070","osmId":"way/868461070","source":"OpenStreetMap","name":""},"geometry":{"type":"LineString","coordinates":[[120.6984784,27.7530776],[120.6996578,27.7518356],[120.7019162,27.7499983],[120.7036167,27.7485503],[120.7049257,27.7474632],[120.7061112,27.7464092],[120.706197,27.7462858],[120.7082543,27.7443796],[120.7084179,27.7441731],[120.7092708,27.7430478],[120.7116044,27.7406882],[120.7117326,27.7405411],[120.7134068,27.7386561],[120.7135853,27.7384237],[120.7152146,27.7366762],[120.7155767,27.7363143],[120.7160032,27.735888],[120.7173491,27.7345581],[120.7181758,27.7337229],[120.7190233,27.7329394],[120.7193237,27.732702],[120.7194471,27.7325833],[120.7196134,27.7324646],[120.7199997,27.7318426],[120.7216036,27.7295444],[120.7247257,27.7314295],[120.7284754,27.7337609],[120.7298702,27.7344873]]}},{"type":"Feature","id":"way/868463119","properties":{"highway":"primary","name":"望东东路","oneway":"yes","osm_type":"way","osm_id":868463119,"kind":"road","source_url":"https://www.openstreetmap.org/way/868463119","osmId":"way/868463119","source":"OpenStreetMap"},"geometry":{"type":"LineString","coordinates":[[120.6717174,27.7651217],[120.6721032,27.7648068],[120.6738395,27.7632838]]}},{"type":"Feature","id":"way/868463120","properties":{"bridge":"yes","highway":"primary","layer":"1","name":"望东东路","oneway":"yes","osm_type":"way","osm_id":868463120,"kind":"road","source_url":"https://www.openstreetmap.org/way/868463120","osmId":"way/868463120","source":"OpenStreetMap"},"geometry":{"type":"LineString","coordinates":[[120.6738395,27.7632838],[120.674082,27.7631013]]}},{"type":"Feature","id":"way/868463125","properties":{"highway":"trunk","lanes":"3","motorroad":"yes","name":"滨海大道","oneway":"yes","osm_type":"way","osm_id":868463125,"kind":"road","source_url":"https://www.openstreetmap.org/way/868463125","osmId":"way/868463125","source":"OpenStreetMap"},"geometry":{"type":"LineString","coordinates":[[120.702029,27.7658802],[120.7002747,27.7645957],[120.6983531,27.7631665],[120.6982491,27.7630891]]}},{"type":"Feature","id":"way/868463127","properties":{"highway":"trunk","lanes":"3","motorroad":"yes","name":"滨海大道","oneway":"yes","osm_type":"way","osm_id":868463127,"kind":"road","source_url":"https://www.openstreetmap.org/way/868463127","osmId":"way/868463127","source":"OpenStreetMap"},"geometry":{"type":"LineString","coordinates":[[120.6984014,27.7630007],[120.6985171,27.7630763],[120.7023278,27.7657276]]}},{"type":"Feature","id":"way/868463129","properties":{"highway":"secondary","name":"东新路","oneway":"yes","osm_type":"way","osm_id":868463129,"kind":"road","source_url":"https://www.openstreetmap.org/way/868463129","osmId":"way/868463129","source":"OpenStreetMap"},"geometry":{"type":"LineString","coordinates":[[120.6642459,27.7610452],[120.66395,27.7607961],[120.6629183,27.7599241],[120.6620403,27.7591821],[120.6615528,27.7587885],[120.6602478,27.7577348],[120.6601071,27.7576028],[120.6590131,27.7566293],[120.6584783,27.7561534],[120.6577466,27.7555193],[120.6571661,27.7550163],[120.6569087,27.7547362],[120.6568289,27.7546514],[120.6567497,27.7545674],[120.6566941,27.7545083],[120.6566236,27.7544206],[120.6564956,27.7542614],[120.6562971,27.7539719],[120.656104,27.7536823],[120.6547307,27.7516744],[120.6542479,27.7511207]]}},{"type":"Feature","id":"way/868463130","properties":{"bridge":"yes","highway":"primary","layer":"1","name":"东新路","oneway":"yes","osm_type":"way","osm_id":868463130,"kind":"road","source_url":"https://www.openstreetmap.org/way/868463130","osmId":"way/868463130","source":"OpenStreetMap"},"geometry":{"type":"LineString","coordinates":[[120.673401,27.766594],[120.6731804,27.7664199]]}},{"type":"Feature","id":"way/868463131","properties":{"highway":"primary","name":"望东东路","oneway":"yes","osm_type":"way","osm_id":868463131,"kind":"road","source_url":"https://www.openstreetmap.org/way/868463131","osmId":"way/868463131","source":"OpenStreetMap"},"geometry":{"type":"LineString","coordinates":[[120.6739182,27.7635162],[120.6718397,27.7652163]]}},{"type":"Feature","id":"way/868463132","properties":{"bridge":"yes","highway":"primary","layer":"1","name":"望东东路","oneway":"yes","osm_type":"way","osm_id":868463132,"kind":"road","source_url":"https://www.openstreetmap.org/way/868463132","osmId":"way/868463132","source":"OpenStreetMap"},"geometry":{"type":"LineString","coordinates":[[120.674161,27.7633344],[120.6739182,27.7635162]]}},{"type":"Feature","id":"way/868463135","properties":{"highway":"primary","name":"进港公路","oneway":"yes","osm_type":"way","osm_id":868463135,"kind":"road","source_url":"https://www.openstreetmap.org/way/868463135","osmId":"way/868463135","source":"OpenStreetMap"},"geometry":{"type":"LineString","coordinates":[[120.6996853,27.740495],[120.6981781,27.7419324],[120.6941874,27.7455464],[120.694026,27.7456926],[120.6932614,27.746373]]}},{"type":"Feature","id":"way/868463136","properties":{"bridge":"yes","highway":"primary","layer":"1","name":"进港公路","oneway":"yes","osm_type":"way","osm_id":868463136,"kind":"road","source_url":"https://www.openstreetmap.org/way/868463136","osmId":"way/868463136","source":"OpenStreetMap"},"geometry":{"type":"LineString","coordinates":[[120.6997926,27.7403983],[120.6996853,27.740495]]}},{"type":"Feature","id":"way/868463137","properties":{"highway":"unclassified","osm_type":"way","osm_id":868463137,"kind":"road","source_url":"https://www.openstreetmap.org/way/868463137","osmId":"way/868463137","source":"OpenStreetMap","name":""},"geometry":{"type":"LineString","coordinates":[[120.6790238,27.7749842],[120.6787506,27.7747071],[120.6784073,27.7743678],[120.6780103,27.773924]]}},{"type":"Feature","id":"way/868463138","properties":{"bridge":"yes","highway":"unclassified","layer":"1","osm_type":"way","osm_id":868463138,"kind":"road","source_url":"https://www.openstreetmap.org/way/868463138","osmId":"way/868463138","source":"OpenStreetMap","name":""},"geometry":{"type":"LineString","coordinates":[[120.6805906,27.7767367],[120.6804063,27.7765329]]}},{"type":"Feature","id":"way/868463139","properties":{"highway":"primary","name":"南川路","oneway":"yes","source":"OpenStreetMap","osm_type":"way","osm_id":868463139,"kind":"road","source_url":"https://www.openstreetmap.org/way/868463139","osmId":"way/868463139"},"geometry":{"type":"LineString","coordinates":[[120.6876232,27.7955948],[120.6885632,27.7946838],[120.6911285,27.792786],[120.6929114,27.7914511],[120.6933532,27.7911156],[120.6958406,27.7892963]]}},{"type":"Feature","id":"way/868463141","properties":{"highway":"primary","name":"进港公路","oneway":"yes","osm_type":"way","osm_id":868463141,"kind":"road","source_url":"https://www.openstreetmap.org/way/868463141","osmId":"way/868463141","source":"OpenStreetMap"},"geometry":{"type":"LineString","coordinates":[[120.7015821,27.7387587],[120.6997926,27.7403983]]}},{"type":"Feature","id":"way/868463143","properties":{"highway":"primary","oneway":"yes","source":"OpenStreetMap","osm_type":"way","osm_id":868463143,"kind":"road","source_url":"https://www.openstreetmap.org/way/868463143","osmId":"way/868463143","name":""},"geometry":{"type":"LineString","coordinates":[[120.674302,27.742041],[120.6747935,27.7424365],[120.6762418,27.7435407],[120.6788375,27.7452863]]}},{"type":"Feature","id":"way/868463144","properties":{"bridge":"yes","highway":"primary","layer":"1","oneway":"yes","source":"OpenStreetMap","osm_type":"way","osm_id":868463144,"kind":"road","source_url":"https://www.openstreetmap.org/way/868463144","osmId":"way/868463144","name":""},"geometry":{"type":"LineString","coordinates":[[120.682547,27.7482013],[120.6827538,27.7483885]]}},{"type":"Feature","id":"way/868463145","properties":{"highway":"unclassified","osm_type":"way","osm_id":868463145,"kind":"road","source_url":"https://www.openstreetmap.org/way/868463145","osmId":"way/868463145","source":"OpenStreetMap","name":""},"geometry":{"type":"LineString","coordinates":[[120.6822033,27.7789233],[120.6811834,27.7773921],[120.6805906,27.7767367]]}},{"type":"Feature","id":"way/868463146","properties":{"bridge":"yes","highway":"unclassified","layer":"1","osm_type":"way","osm_id":868463146,"kind":"road","source_url":"https://www.openstreetmap.org/way/868463146","osmId":"way/868463146","source":"OpenStreetMap","name":""},"geometry":{"type":"LineString","coordinates":[[120.6823529,27.779148],[120.6822033,27.7789233]]}},{"type":"Feature","id":"way/868463153","properties":{"highway":"primary","oneway":"yes","source":"OpenStreetMap","osm_type":"way","osm_id":868463153,"kind":"road","source_url":"https://www.openstreetmap.org/way/868463153","osmId":"way/868463153","name":""},"geometry":{"type":"LineString","coordinates":[[120.6827538,27.7483885],[120.6835522,27.7491112]]}},{"type":"Feature","id":"way/868463154","properties":{"bridge":"yes","highway":"primary","layer":"1","oneway":"yes","source":"OpenStreetMap","osm_type":"way","osm_id":868463154,"kind":"road","source_url":"https://www.openstreetmap.org/way/868463154","osmId":"way/868463154","name":""},"geometry":{"type":"LineString","coordinates":[[120.6835522,27.7491112],[120.6837584,27.7492978]]}},{"type":"Feature","id":"way/868463155","properties":{"highway":"primary","oneway":"yes","source":"OpenStreetMap","osm_type":"way","osm_id":868463155,"kind":"road","source_url":"https://www.openstreetmap.org/way/868463155","osmId":"way/868463155","name":""},"geometry":{"type":"LineString","coordinates":[[120.6802565,27.746276],[120.680821,27.7467284],[120.682547,27.7482013]]}},{"type":"Feature","id":"way/868463156","properties":{"bridge":"yes","highway":"primary","layer":"1","oneway":"yes","source":"OpenStreetMap","osm_type":"way","osm_id":868463156,"kind":"road","source_url":"https://www.openstreetmap.org/way/868463156","osmId":"way/868463156","name":""},"geometry":{"type":"LineString","coordinates":[[120.6800467,27.7461372],[120.6802565,27.746276]]}},{"type":"Feature","id":"way/868463157","properties":{"highway":"tertiary","osm_type":"way","osm_id":868463157,"kind":"road","source_url":"https://www.openstreetmap.org/way/868463157","osmId":"way/868463157","source":"OpenStreetMap","name":""},"geometry":{"type":"LineString","coordinates":[[120.6916818,27.7768679],[120.6910962,27.7763621],[120.6901815,27.7755721]]}},{"type":"Feature","id":"way/868463158","properties":{"bridge":"yes","highway":"unclassified","layer":"1","osm_type":"way","osm_id":868463158,"kind":"road","source_url":"https://www.openstreetmap.org/way/868463158","osmId":"way/868463158","source":"OpenStreetMap","name":""},"geometry":{"type":"LineString","coordinates":[[120.6894646,27.7749528],[120.6892385,27.774759]]}},{"type":"Feature","id":"way/868463159","properties":{"highway":"primary","oneway":"yes","source":"OpenStreetMap","osm_type":"way","osm_id":868463159,"kind":"road","source_url":"https://www.openstreetmap.org/way/868463159","osmId":"way/868463159","name":""},"geometry":{"type":"LineString","coordinates":[[120.6930598,27.7593189],[120.6923137,27.7586909],[120.6903045,27.7569998],[120.6882968,27.7549618],[120.6881561,27.7547854]]}},{"type":"Feature","id":"way/868463160","properties":{"bridge":"yes","highway":"primary","layer":"1","oneway":"yes","source":"OpenStreetMap","osm_type":"way","osm_id":868463160,"kind":"road","source_url":"https://www.openstreetmap.org/way/868463160","osmId":"way/868463160","name":""},"geometry":{"type":"LineString","coordinates":[[120.6881561,27.7547854],[120.6879834,27.754569]]}},{"type":"Feature","id":"way/868463161","properties":{"highway":"primary","oneway":"yes","source":"OpenStreetMap","osm_type":"way","osm_id":868463161,"kind":"road","source_url":"https://www.openstreetmap.org/way/868463161","osmId":"way/868463161","name":""},"geometry":{"type":"LineString","coordinates":[[120.6850378,27.7506932],[120.6865868,27.7526755],[120.6867189,27.7528777],[120.6880681,27.7544912]]}},{"type":"Feature","id":"way/868463162","properties":{"bridge":"yes","highway":"primary","layer":"1","oneway":"yes","source":"OpenStreetMap","osm_type":"way","osm_id":868463162,"kind":"road","source_url":"https://www.openstreetmap.org/way/868463162","osmId":"way/868463162","name":""},"geometry":{"type":"LineString","coordinates":[[120.6880681,27.7544912],[120.6882408,27.7547076]]}},{"type":"Feature","id":"way/868463163","properties":{"highway":"unclassified","osm_type":"way","osm_id":868463163,"kind":"road","source_url":"https://www.openstreetmap.org/way/868463163","osmId":"way/868463163","source":"OpenStreetMap","name":""},"geometry":{"type":"LineString","coordinates":[[120.6845676,27.7737529],[120.6839289,27.7731845]]}},{"type":"Feature","id":"way/868463164","properties":{"bridge":"yes","highway":"unclassified","layer":"1","osm_type":"way","osm_id":868463164,"kind":"road","source_url":"https://www.openstreetmap.org/way/868463164","osmId":"way/868463164","source":"OpenStreetMap","name":""},"geometry":{"type":"LineString","coordinates":[[120.684746,27.7739183],[120.6845676,27.7737529]]}},{"type":"Feature","id":"way/868463165","properties":{"highway":"secondary","name":"东新路","oneway":"yes","osm_type":"way","osm_id":868463165,"kind":"road","source_url":"https://www.openstreetmap.org/way/868463165","osmId":"way/868463165","source":"OpenStreetMap"},"geometry":{"type":"LineString","coordinates":[[120.6543448,27.7510467],[120.6548306,27.7516209],[120.6562042,27.7536293],[120.6563973,27.7539188],[120.6565932,27.7542046],[120.6567265,27.7543704],[120.6567866,27.7544452],[120.6568362,27.7544979],[120.6569221,27.754589],[120.6569988,27.7546705],[120.6572526,27.7549465],[120.6578345,27.7554509],[120.6585596,27.7560793],[120.6591302,27.7565645],[120.6602317,27.757501],[120.6603866,27.7576327],[120.661667,27.7587215],[120.662121,27.7591075],[120.6629813,27.7598346],[120.6640305,27.7607213],[120.664376,27.7610121]]}},{"type":"Feature","id":"way/868463166","properties":{"bridge":"yes","highway":"primary","layer":"1","name":"东新路","oneway":"yes","osm_type":"way","osm_id":868463166,"kind":"road","source_url":"https://www.openstreetmap.org/way/868463166","osmId":"way/868463166","source":"OpenStreetMap"},"geometry":{"type":"LineString","coordinates":[[120.6755009,27.7681856],[120.6757269,27.7683823]]}},{"type":"Feature","id":"way/868463167","properties":{"highway":"tertiary","osm_type":"way","osm_id":868463167,"kind":"road","source_url":"https://www.openstreetmap.org/way/868463167","osmId":"way/868463167","source":"OpenStreetMap","name":""},"geometry":{"type":"LineString","coordinates":[[120.6936599,27.778619],[120.6935586,27.7785139],[120.692587,27.7776254],[120.6918388,27.7769936]]}},{"type":"Feature","id":"way/868463168","properties":{"bridge":"yes","highway":"tertiary","layer":"1","osm_type":"way","osm_id":868463168,"kind":"road","source_url":"https://www.openstreetmap.org/way/868463168","osmId":"way/868463168","source":"OpenStreetMap","name":""},"geometry":{"type":"LineString","coordinates":[[120.6918388,27.7769936],[120.6916818,27.7768679]]}},{"type":"Feature","id":"way/868463169","properties":{"highway":"primary","oneway":"yes","source":"OpenStreetMap","osm_type":"way","osm_id":868463169,"kind":"road","source_url":"https://www.openstreetmap.org/way/868463169","osmId":"way/868463169","name":""},"geometry":{"type":"LineString","coordinates":[[120.6879834,27.754569],[120.6866222,27.7529508],[120.6864822,27.7527807],[120.684955,27.7507735]]}},{"type":"Feature","id":"way/868463170","properties":{"bridge":"yes","highway":"primary","layer":"1","oneway":"yes","source":"OpenStreetMap","osm_type":"way","osm_id":868463170,"kind":"road","source_url":"https://www.openstreetmap.org/way/868463170","osmId":"way/868463170","name":""},"geometry":{"type":"LineString","coordinates":[[120.6827604,27.7485465],[120.6824675,27.7482813]]}},{"type":"Feature","id":"way/868463171","properties":{"highway":"primary","oneway":"yes","source":"OpenStreetMap","osm_type":"way","osm_id":868463171,"kind":"road","source_url":"https://www.openstreetmap.org/way/868463171","osmId":"way/868463171","name":""},"geometry":{"type":"LineString","coordinates":[[120.6882408,27.7547076],[120.688391,27.7548958],[120.6903913,27.7569264],[120.6924118,27.7586017],[120.6931557,27.7592185]]}},{"type":"Feature","id":"way/868463173","properties":{"highway":"primary","oneway":"yes","source":"OpenStreetMap","osm_type":"way","osm_id":868463173,"kind":"road","source_url":"https://www.openstreetmap.org/way/868463173","osmId":"way/868463173","name":""},"geometry":{"type":"LineString","coordinates":[[120.6837584,27.7492978],[120.6843564,27.7498391],[120.6848644,27.7504757]]}},{"type":"Feature","id":"way/868463174","properties":{"bridge":"yes","highway":"primary","layer":"1","oneway":"yes","source":"OpenStreetMap","osm_type":"way","osm_id":868463174,"kind":"road","source_url":"https://www.openstreetmap.org/way/868463174","osmId":"way/868463174","name":""},"geometry":{"type":"LineString","coordinates":[[120.6848644,27.7504757],[120.6850378,27.7506932]]}},{"type":"Feature","id":"way/868463175","properties":{"highway":"unclassified","osm_type":"way","osm_id":868463175,"kind":"road","source_url":"https://www.openstreetmap.org/way/868463175","osmId":"way/868463175","source":"OpenStreetMap","name":""},"geometry":{"type":"LineString","coordinates":[[120.687235,27.7763259],[120.6871853,27.7762754],[120.6866057,27.7756859],[120.6863454,27.7754255],[120.685432,27.774572],[120.684746,27.7739183]]}},{"type":"Feature","id":"way/868463176","properties":{"bridge":"yes","highway":"unclassified","layer":"1","osm_type":"way","osm_id":868463176,"kind":"road","source_url":"https://www.openstreetmap.org/way/868463176","osmId":"way/868463176","source":"OpenStreetMap","name":""},"geometry":{"type":"LineString","coordinates":[[120.6874293,27.7765089],[120.687235,27.7763259]]}},{"type":"Feature","id":"way/868463177","properties":{"highway":"primary","name":"人民路","oneway":"yes","osm_type":"way","osm_id":868463177,"kind":"road","source_url":"https://www.openstreetmap.org/way/868463177","osmId":"way/868463177","source":"OpenStreetMap"},"geometry":{"type":"LineString","coordinates":[[120.6958406,27.7892963],[120.6950475,27.7883368],[120.6949997,27.7882884]]}},{"type":"Feature","id":"way/868463178","properties":{"bridge":"yes","highway":"primary","layer":"1","name":"人民路","oneway":"yes","osm_type":"way","osm_id":868463178,"kind":"road","source_url":"https://www.openstreetmap.org/way/868463178","osmId":"way/868463178","source":"OpenStreetMap"},"geometry":{"type":"LineString","coordinates":[[120.6897709,27.7823919],[120.68957,27.7821983]]}},{"type":"Feature","id":"way/868463179","properties":{"highway":"primary","name":"东新路","oneway":"yes","osm_type":"way","osm_id":868463179,"kind":"road","source_url":"https://www.openstreetmap.org/way/868463179","osmId":"way/868463179","source":"OpenStreetMap"},"geometry":{"type":"LineString","coordinates":[[120.6757269,27.7683823],[120.675922,27.7685521],[120.6761201,27.7687469],[120.6763003,27.7689499],[120.6764638,27.7691428],[120.6771068,27.7699883],[120.6777759,27.7709099],[120.6782914,27.7716198]]}},{"type":"Feature","id":"way/868463180","properties":{"bridge":"yes","highway":"primary","layer":"1","name":"人民路","oneway":"yes","osm_type":"way","osm_id":868463180,"kind":"road","source_url":"https://www.openstreetmap.org/way/868463180","osmId":"way/868463180","source":"OpenStreetMap"},"geometry":{"type":"LineString","coordinates":[[120.6850373,27.7776579],[120.6852454,27.7778657]]}},{"type":"Feature","id":"way/868463181","properties":{"highway":"primary","name":"东新路","oneway":"yes","osm_type":"way","osm_id":868463181,"kind":"road","source_url":"https://www.openstreetmap.org/way/868463181","osmId":"way/868463181","source":"OpenStreetMap"},"geometry":{"type":"LineString","coordinates":[[120.6734847,27.7665217],[120.6740646,27.7669819],[120.6745414,27.7673603],[120.6746541,27.7674486],[120.6755009,27.7681856]]}},{"type":"Feature","id":"way/868463182","properties":{"bridge":"yes","highway":"primary","layer":"1","name":"东新路","oneway":"yes","osm_type":"way","osm_id":868463182,"kind":"road","source_url":"https://www.openstreetmap.org/way/868463182","osmId":"way/868463182","source":"OpenStreetMap"},"geometry":{"type":"LineString","coordinates":[[120.6732641,27.7663477],[120.6734847,27.7665217]]}},{"type":"Feature","id":"way/868463183","properties":{"highway":"primary","oneway":"yes","source":"OpenStreetMap","osm_type":"way","osm_id":868463183,"kind":"road","source_url":"https://www.openstreetmap.org/way/868463183","osmId":"way/868463183","name":""},"geometry":{"type":"LineString","coordinates":[[120.6847816,27.7505561],[120.6842639,27.7499073],[120.6837721,27.7494621],[120.6836742,27.7493735]]}},{"type":"Feature","id":"way/868463184","properties":{"bridge":"yes","highway":"primary","layer":"1","oneway":"yes","source":"OpenStreetMap","osm_type":"way","osm_id":868463184,"kind":"road","source_url":"https://www.openstreetmap.org/way/868463184","osmId":"way/868463184","name":""},"geometry":{"type":"LineString","coordinates":[[120.684955,27.7507735],[120.6847816,27.7505561]]}},{"type":"Feature","id":"way/868463187","properties":{"highway":"unclassified","osm_type":"way","osm_id":868463187,"kind":"road","source_url":"https://www.openstreetmap.org/way/868463187","osmId":"way/868463187","source":"OpenStreetMap","name":""},"geometry":{"type":"LineString","coordinates":[[120.6911658,27.7800682],[120.6902164,27.7792054],[120.6895523,27.778576]]}},{"type":"Feature","id":"way/868463188","properties":{"bridge":"yes","highway":"unclassified","layer":"1","osm_type":"way","osm_id":868463188,"kind":"road","source_url":"https://www.openstreetmap.org/way/868463188","osmId":"way/868463188","source":"OpenStreetMap","name":""},"geometry":{"type":"LineString","coordinates":[[120.6895523,27.778576],[120.689352,27.778383]]}},{"type":"Feature","id":"way/868463189","properties":{"highway":"primary","name":"人民路","oneway":"yes","osm_type":"way","osm_id":868463189,"kind":"road","source_url":"https://www.openstreetmap.org/way/868463189","osmId":"way/868463189","source":"OpenStreetMap"},"geometry":{"type":"LineString","coordinates":[[120.68957,27.7821983],[120.689073,27.7817195],[120.6879712,27.7806579],[120.6873666,27.7800754],[120.6873401,27.7800499]]}},{"type":"Feature","id":"way/868463190","properties":{"bridge":"yes","highway":"primary","layer":"1","name":"人民路","oneway":"yes","osm_type":"way","osm_id":868463190,"kind":"road","source_url":"https://www.openstreetmap.org/way/868463190","osmId":"way/868463190","source":"OpenStreetMap"},"geometry":{"type":"LineString","coordinates":[[120.6851276,27.7779038],[120.6849194,27.777696]]}},{"type":"Feature","id":"way/868463191","properties":{"highway":"primary","name":"人民路","oneway":"yes","osm_type":"way","osm_id":868463191,"kind":"road","source_url":"https://www.openstreetmap.org/way/868463191","osmId":"way/868463191","source":"OpenStreetMap"},"geometry":{"type":"LineString","coordinates":[[120.6921191,27.784911],[120.6909244,27.7835032],[120.6897709,27.7823919]]}},{"type":"Feature","id":"way/868463192","properties":{"bridge":"yes","highway":"primary","layer":"1","name":"人民路","oneway":"yes","osm_type":"way","osm_id":868463192,"kind":"road","source_url":"https://www.openstreetmap.org/way/868463192","osmId":"way/868463192","source":"OpenStreetMap"},"geometry":{"type":"LineString","coordinates":[[120.6923449,27.7851507],[120.6921191,27.784911]]}},{"type":"Feature","id":"way/868463193","properties":{"highway":"primary","name":"人民路","oneway":"yes","osm_type":"way","osm_id":868463193,"kind":"road","source_url":"https://www.openstreetmap.org/way/868463193","osmId":"way/868463193","source":"OpenStreetMap"},"geometry":{"type":"LineString","coordinates":[[120.6825474,27.7752317],[120.683426,27.7760736],[120.6840244,27.776647],[120.6842306,27.7768528],[120.6850373,27.7776579]]}},{"type":"Feature","id":"way/868463194","properties":{"bridge":"yes","highway":"primary","layer":"1","name":"东新路","oneway":"yes","osm_type":"way","osm_id":868463194,"kind":"road","source_url":"https://www.openstreetmap.org/way/868463194","osmId":"way/868463194","source":"OpenStreetMap"},"geometry":{"type":"LineString","coordinates":[[120.6813845,27.7741109],[120.6815875,27.7743067]]}},{"type":"Feature","id":"way/868463195","properties":{"highway":"primary","oneway":"yes","source":"OpenStreetMap","osm_type":"way","osm_id":868463195,"kind":"road","source_url":"https://www.openstreetmap.org/way/868463195","osmId":"way/868463195","name":""},"geometry":{"type":"LineString","coordinates":[[120.683468,27.7491869],[120.6827604,27.7485465]]}},{"type":"Feature","id":"way/868463196","properties":{"bridge":"yes","highway":"primary","layer":"1","oneway":"yes","source":"OpenStreetMap","osm_type":"way","osm_id":868463196,"kind":"road","source_url":"https://www.openstreetmap.org/way/868463196","osmId":"way/868463196","name":""},"geometry":{"type":"LineString","coordinates":[[120.6836742,27.7493735],[120.683468,27.7491869]]}},{"type":"Feature","id":"way/868463197","properties":{"highway":"primary","name":"东新路","oneway":"yes","osm_type":"way","osm_id":868463197,"kind":"road","source_url":"https://www.openstreetmap.org/way/868463197","osmId":"way/868463197","source":"OpenStreetMap"},"geometry":{"type":"LineString","coordinates":[[120.6754544,27.7682901],[120.6745757,27.7675252],[120.674467,27.7674357],[120.673401,27.766594]]}},{"type":"Feature","id":"way/868463198","properties":{"bridge":"yes","highway":"primary","layer":"1","name":"东新路","oneway":"yes","osm_type":"way","osm_id":868463198,"kind":"road","source_url":"https://www.openstreetmap.org/way/868463198","osmId":"way/868463198","source":"OpenStreetMap"},"geometry":{"type":"LineString","coordinates":[[120.6756804,27.7684868],[120.6754544,27.7682901]]}},{"type":"Feature","id":"way/868463199","properties":{"highway":"primary","name":"人民路","oneway":"yes","osm_type":"way","osm_id":868463199,"kind":"road","source_url":"https://www.openstreetmap.org/way/868463199","osmId":"way/868463199","source":"OpenStreetMap"},"geometry":{"type":"LineString","coordinates":[[120.687139,27.7798561],[120.6864192,27.7791626],[120.6855418,27.7783172],[120.6851276,27.7779038]]}},{"type":"Feature","id":"way/868463200","properties":{"bridge":"yes","highway":"primary","layer":"1","name":"人民路","oneway":"yes","osm_type":"way","osm_id":868463200,"kind":"road","source_url":"https://www.openstreetmap.org/way/868463200","osmId":"way/868463200","source":"OpenStreetMap"},"geometry":{"type":"LineString","coordinates":[[120.6873401,27.7800499],[120.687139,27.7798561]]}},{"type":"Feature","id":"way/868463201","properties":{"highway":"primary","name":"人民路","oneway":"yes","osm_type":"way","osm_id":868463201,"kind":"road","source_url":"https://www.openstreetmap.org/way/868463201","osmId":"way/868463201","source":"OpenStreetMap"},"geometry":{"type":"LineString","coordinates":[[120.6874418,27.7799875],[120.6880608,27.7805813],[120.6891633,27.781639],[120.689677,27.7821318]]}},{"type":"Feature","id":"way/868463202","properties":{"bridge":"yes","highway":"primary","layer":"1","name":"人民路","oneway":"yes","osm_type":"way","osm_id":868463202,"kind":"road","source_url":"https://www.openstreetmap.org/way/868463202","osmId":"way/868463202","source":"OpenStreetMap"},"geometry":{"type":"LineString","coordinates":[[120.689677,27.7821318],[120.6898784,27.782325]]}},{"type":"Feature","id":"way/868463203","properties":{"highway":"tertiary","osm_type":"way","osm_id":868463203,"kind":"road","source_url":"https://www.openstreetmap.org/way/868463203","osmId":"way/868463203","source":"OpenStreetMap","name":""},"geometry":{"type":"LineString","coordinates":[[120.6842234,27.7851468],[120.6835571,27.784406],[120.6820551,27.7826594],[120.6808549,27.7811174]]}},{"type":"Feature","id":"way/868463204","properties":{"bridge":"yes","highway":"tertiary","layer":"1","osm_type":"way","osm_id":868463204,"kind":"road","source_url":"https://www.openstreetmap.org/way/868463204","osmId":"way/868463204","source":"OpenStreetMap","name":""},"geometry":{"type":"LineString","coordinates":[[120.6844043,27.7853543],[120.6842234,27.7851468]]}},{"type":"Feature","id":"way/868463205","properties":{"highway":"unclassified","osm_type":"way","osm_id":868463205,"kind":"road","source_url":"https://www.openstreetmap.org/way/868463205","osmId":"way/868463205","source":"OpenStreetMap","name":""},"geometry":{"type":"LineString","coordinates":[[120.6803834,27.768882],[120.6824487,27.767064],[120.6842353,27.7655939],[120.6843775,27.765484],[120.6888056,27.7618331],[120.6921905,27.7588092],[120.6923137,27.7586909],[120.6924118,27.7586017],[120.6925499,27.7584722],[120.693891,27.75673],[120.6948781,27.7557331],[120.6956506,27.7549688],[120.6980538,27.7532598],[120.6982505,27.7531447]]}},{"type":"Feature","id":"way/868463206","properties":{"bridge":"yes","highway":"unclassified","layer":"1","osm_type":"way","osm_id":868463206,"kind":"road","source_url":"https://www.openstreetmap.org/way/868463206","osmId":"way/868463206","source":"OpenStreetMap","name":""},"geometry":{"type":"LineString","coordinates":[[120.6767393,27.7727143],[120.6766155,27.7725784]]}},{"type":"Feature","id":"way/868463207","properties":{"highway":"primary","name":"东新路","oneway":"yes","osm_type":"way","osm_id":868463207,"kind":"road","source_url":"https://www.openstreetmap.org/way/868463207","osmId":"way/868463207","source":"OpenStreetMap"},"geometry":{"type":"LineString","coordinates":[[120.6815875,27.7743067],[120.6816718,27.7743871],[120.6818719,27.7745782]]}},{"type":"Feature","id":"way/868463208","properties":{"bridge":"yes","highway":"primary","layer":"1","name":"人民路","oneway":"yes","osm_type":"way","osm_id":868463208,"kind":"road","source_url":"https://www.openstreetmap.org/way/868463208","osmId":"way/868463208","source":"OpenStreetMap"},"geometry":{"type":"LineString","coordinates":[[120.6823468,27.7750395],[120.6825474,27.7752317]]}},{"type":"Feature","id":"way/868463209","properties":{"highway":"primary","name":"人民路","oneway":"yes","osm_type":"way","osm_id":868463209,"kind":"road","source_url":"https://www.openstreetmap.org/way/868463209","osmId":"way/868463209","source":"OpenStreetMap"},"geometry":{"type":"LineString","coordinates":[[120.6852454,27.7778657],[120.6856291,27.7782605],[120.6864236,27.7790168],[120.6872402,27.7797941]]}},{"type":"Feature","id":"way/868463210","properties":{"bridge":"yes","highway":"primary","layer":"1","name":"人民路","oneway":"yes","osm_type":"way","osm_id":868463210,"kind":"road","source_url":"https://www.openstreetmap.org/way/868463210","osmId":"way/868463210","source":"OpenStreetMap"},"geometry":{"type":"LineString","coordinates":[[120.6872402,27.7797941],[120.6874418,27.7799875]]}},{"type":"Feature","id":"way/868463211","properties":{"highway":"tertiary","osm_type":"way","osm_id":868463211,"kind":"road","source_url":"https://www.openstreetmap.org/way/868463211","osmId":"way/868463211","source":"OpenStreetMap","name":""},"geometry":{"type":"LineString","coordinates":[[120.6853081,27.7863912],[120.6844043,27.7853543]]}},{"type":"Feature","id":"way/868463212","properties":{"bridge":"yes","highway":"tertiary","layer":"1","osm_type":"way","osm_id":868463212,"kind":"road","source_url":"https://www.openstreetmap.org/way/868463212","osmId":"way/868463212","source":"OpenStreetMap","name":""},"geometry":{"type":"LineString","coordinates":[[120.6857219,27.7865388],[120.6853081,27.7863912]]}},{"type":"Feature","id":"way/868463213","properties":{"highway":"primary","name":"东新路","oneway":"yes","osm_type":"way","osm_id":868463213,"kind":"road","source_url":"https://www.openstreetmap.org/way/868463213","osmId":"way/868463213","source":"OpenStreetMap"},"geometry":{"type":"LineString","coordinates":[[120.6784495,27.7718152],[120.6785664,27.7719614],[120.6787031,27.7721092],[120.6788968,27.7722626],[120.6790958,27.772397],[120.6804342,27.773253],[120.6805915,27.7733723],[120.6807556,27.7735175],[120.6809237,27.7736662],[120.6813845,27.7741109]]}},{"type":"Feature","id":"way/868463214","properties":{"bridge":"yes","highway":"primary","layer":"1","name":"东新路","oneway":"yes","osm_type":"way","osm_id":868463214,"kind":"road","source_url":"https://www.openstreetmap.org/way/868463214","osmId":"way/868463214","source":"OpenStreetMap"},"geometry":{"type":"LineString","coordinates":[[120.6782914,27.7716198],[120.6784495,27.7718152]]}},{"type":"Feature","id":"way/868463215","properties":{"highway":"unclassified","osm_type":"way","osm_id":868463215,"kind":"road","source_url":"https://www.openstreetmap.org/way/868463215","osmId":"way/868463215","source":"OpenStreetMap","name":""},"geometry":{"type":"LineString","coordinates":[[120.6790464,27.7761488],[120.6789164,27.775958],[120.6785718,27.7754768],[120.6789446,27.775268],[120.6791256,27.7750867]]}},{"type":"Feature","id":"way/868463216","properties":{"bridge":"yes","highway":"unclassified","layer":"1","osm_type":"way","osm_id":868463216,"kind":"road","source_url":"https://www.openstreetmap.org/way/868463216","osmId":"way/868463216","source":"OpenStreetMap","name":""},"geometry":{"type":"LineString","coordinates":[[120.6791256,27.7750867],[120.6790238,27.7749842]]}},{"type":"Feature","id":"way/868463217","properties":{"highway":"primary","name":"人民路","oneway":"yes","osm_type":"way","osm_id":868463217,"kind":"road","source_url":"https://www.openstreetmap.org/way/868463217","osmId":"way/868463217","source":"OpenStreetMap"},"geometry":{"type":"LineString","coordinates":[[120.6849194,27.777696],[120.6839378,27.7767163],[120.6833444,27.7761476],[120.6824393,27.7752803]]}},{"type":"Feature","id":"way/868463218","properties":{"bridge":"yes","highway":"primary","layer":"1","name":"人民路","oneway":"yes","osm_type":"way","osm_id":868463218,"kind":"road","source_url":"https://www.openstreetmap.org/way/868463218","osmId":"way/868463218","source":"OpenStreetMap"},"geometry":{"type":"LineString","coordinates":[[120.6824393,27.7752803],[120.6822609,27.7751094]]}},{"type":"Feature","id":"way/868635908","properties":{"highway":"unclassified","osm_type":"way","osm_id":868635908,"kind":"road","source_url":"https://www.openstreetmap.org/way/868635908","osmId":"way/868635908","source":"OpenStreetMap","name":""},"geometry":{"type":"LineString","coordinates":[[120.6766155,27.7725784],[120.6761542,27.7720373],[120.676682,27.7716872],[120.677197,27.77126],[120.6776765,27.77097],[120.6777759,27.7709099],[120.6778564,27.7708612],[120.6783664,27.7705528],[120.6797451,27.7695276],[120.6803834,27.768882]]}},{"type":"Feature","id":"way/868687300","properties":{"waterway":"canal","osm_type":"way","osm_id":868687300,"kind":"water","source_url":"https://www.openstreetmap.org/way/868687300","osmId":"way/868687300","source":"OpenStreetMap","name":""},"geometry":{"type":"LineString","coordinates":[[120.6978526,27.7631898],[120.6928017,27.7667275],[120.6925148,27.7669487],[120.6894171,27.7689817],[120.6887051,27.7694396]]}},{"type":"Feature","id":"way/868687301","properties":{"waterway":"canal","osm_type":"way","osm_id":868687301,"kind":"water","source_url":"https://www.openstreetmap.org/way/868687301","osmId":"way/868687301","source":"OpenStreetMap","name":""},"geometry":{"type":"LineString","coordinates":[[120.6999705,27.7638037],[120.6989601,27.7630495],[120.6981564,27.7624663],[120.6970561,27.761693],[120.6997383,27.7598583],[120.6998375,27.7599248],[120.7002559,27.7604351],[120.700415,27.7607836],[120.700728,27.7610996],[120.7035167,27.7590996]]}},{"type":"Feature","id":"way/871909229","properties":{"highway":"primary","oneway":"yes","source":"OpenStreetMap","osm_type":"way","osm_id":871909229,"kind":"road","source_url":"https://www.openstreetmap.org/way/871909229","osmId":"way/871909229","name":""},"geometry":{"type":"LineString","coordinates":[[120.6967149,27.7886203],[120.7002452,27.7860041],[120.7003632,27.7859079],[120.7030024,27.783947],[120.7032012,27.7838003],[120.7080929,27.7801674],[120.711869,27.7776902],[120.715183,27.7751962],[120.7154009,27.7750322],[120.7156148,27.7748736]]}},{"type":"Feature","id":"way/875812147","properties":{"highway":"unclassified","source":"OpenStreetMap","osm_type":"way","osm_id":875812147,"kind":"road","source_url":"https://www.openstreetmap.org/way/875812147","osmId":"way/875812147","name":""},"geometry":{"type":"LineString","coordinates":[[120.6035221,27.8245819],[120.6038332,27.8245392],[120.6050026,27.8241075],[120.6052977,27.8239604],[120.6057698,27.8236852],[120.6060809,27.8235382],[120.6065261,27.8232725],[120.6067675,27.8230922],[120.6073523,27.8225466],[120.6081569,27.8220579],[120.6082857,27.821963],[120.6086612,27.8215171],[120.6088221,27.8212988],[120.6090903,27.8208766],[120.609144,27.8208149],[120.6092137,27.8207674],[120.609321,27.8207247],[120.6095195,27.8206773],[120.6101525,27.8206299],[120.6103027,27.8206061],[120.6110805,27.8203452],[120.6114882,27.8201791],[120.6116974,27.8201602],[120.6120086,27.8201649],[120.6121427,27.8201222],[120.6122178,27.8200653],[120.6122983,27.8199514],[120.6123358,27.8198375],[120.6123519,27.8196952],[120.6123412,27.8196098],[120.6121802,27.8193299],[120.6118637,27.8191733],[120.6115794,27.8191164],[120.61122,27.8191259],[120.6109786,27.8191544],[120.6105816,27.8192872],[120.6104422,27.8193157],[120.6102115,27.8194011],[120.6100345,27.8193963],[120.6097913,27.8193321],[120.6096214,27.8192872],[120.6093049,27.8192445],[120.6090474,27.8192445],[120.6089509,27.8192682],[120.6086934,27.8192919],[120.6082642,27.8193773],[120.6079692,27.819458],[120.6074435,27.8196383],[120.6072342,27.8197806],[120.6069392,27.820127]]}},{"type":"Feature","id":"way/877563919","properties":{"natural":"water","osm_type":"way","osm_id":877563919,"kind":"water","source_url":"https://www.openstreetmap.org/way/877563919","osmId":"way/877563919","source":"OpenStreetMap","name":""},"geometry":{"type":"Polygon","coordinates":[[[120.6368244,27.8160959],[120.6372964,27.8159251],[120.6374788,27.815593],[120.6379402,27.8152893],[120.6394529,27.8149287],[120.6402039,27.8148528],[120.6396782,27.8139608],[120.6395173,27.813828],[120.6389379,27.8141032],[120.6388521,27.8143499],[120.6387019,27.8144448],[120.6370604,27.81509],[120.6368244,27.8160959]]]}},{"type":"Feature","id":"way/878901114","properties":{"highway":"unclassified","osm_type":"way","osm_id":878901114,"kind":"road","source_url":"https://www.openstreetmap.org/way/878901114","osmId":"way/878901114","source":"OpenStreetMap","name":""},"geometry":{"type":"LineString","coordinates":[[120.6913965,27.8147782],[120.6904809,27.8145351],[120.6903609,27.81458],[120.6901212,27.8147804],[120.6898946,27.8149382],[120.6896478,27.8149548]]}},{"type":"Feature","id":"way/878901115","properties":{"bridge":"yes","highway":"primary","lanes":"2","layer":"1","name":"塘下大道","oneway":"yes","source":"OpenStreetMap","osm_type":"way","osm_id":878901115,"kind":"road","source_url":"https://www.openstreetmap.org/way/878901115","osmId":"way/878901115"},"geometry":{"type":"LineString","coordinates":[[120.6923353,27.8148599],[120.6925276,27.8154112]]}},{"type":"Feature","id":"way/878901116","properties":{"highway":"primary","lanes":"2","oneway":"yes","source":"OpenStreetMap","osm_type":"way","osm_id":878901116,"kind":"road","source_url":"https://www.openstreetmap.org/way/878901116","osmId":"way/878901116","name":""},"geometry":{"type":"LineString","coordinates":[[120.6917131,27.8140628],[120.6916172,27.8138855]]}},{"type":"Feature","id":"way/878901117","properties":{"highway":"primary","lanes":"2","name":"塘下大道","oneway":"yes","source":"OpenStreetMap","osm_type":"way","osm_id":878901117,"kind":"road","source_url":"https://www.openstreetmap.org/way/878901117","osmId":"way/878901117"},"geometry":{"type":"LineString","coordinates":[[120.6921155,27.8150141],[120.6920215,27.8147223],[120.6917131,27.8140628],[120.6915925,27.8139514]]}},{"type":"Feature","id":"way/879470931","properties":{"natural":"water","osm_type":"way","osm_id":879470931,"kind":"water","source_url":"https://www.openstreetmap.org/way/879470931","osmId":"way/879470931","source":"OpenStreetMap","name":""},"geometry":{"type":"Polygon","coordinates":[[[120.6850988,27.8304757],[120.6856996,27.8305753],[120.6859544,27.8296526],[120.6863272,27.8289529],[120.6863715,27.8287857],[120.6871426,27.8264955],[120.6877381,27.8253284],[120.6878293,27.8249252],[120.688591,27.8231081],[120.6889343,27.8220217],[120.6892669,27.8207028],[120.6893635,27.8204228],[120.6894761,27.8202426],[120.690777,27.8163379],[120.6911324,27.8153178],[120.6914744,27.8142526],[120.6910506,27.8142479],[120.6909513,27.8145681],[120.6908333,27.8147128],[120.6906751,27.8151043],[120.6905168,27.8150805],[120.69038,27.8149857],[120.6902862,27.8150355],[120.6902781,27.8150782],[120.6903961,27.815211],[120.6901628,27.8165798],[120.6893259,27.8188762],[120.6891704,27.8192225],[120.6889933,27.8198725],[120.6880921,27.8223822],[120.6880197,27.8232884],[120.6877863,27.8236893],[120.6868797,27.8261349],[120.6867188,27.8262867],[120.6863594,27.8273874],[120.6861985,27.827506],[120.685308,27.8301199],[120.6850988,27.8304757]]]}},{"type":"Feature","id":"way/879471702","properties":{"natural":"water","osm_type":"way","osm_id":879471702,"kind":"water","source_url":"https://www.openstreetmap.org/way/879471702","osmId":"way/879471702","source":"OpenStreetMap","name":""},"geometry":{"type":"Polygon","coordinates":[[[120.6904685,27.8063786],[120.6903666,27.8061247],[120.6906348,27.8060749],[120.6947958,27.8034006],[120.698719,27.800879],[120.6992903,27.8005611],[120.6993332,27.8006323],[120.6981048,27.8014864],[120.6928655,27.8049318],[120.6918633,27.8055909],[120.6908494,27.8061888],[120.6904685,27.8063786]]]}},{"type":"Feature","id":"way/879471703","properties":{"natural":"water","osm_type":"way","osm_id":879471703,"kind":"water","source_url":"https://www.openstreetmap.org/way/879471703","osmId":"way/879471703","source":"OpenStreetMap","name":""},"geometry":{"type":"Polygon","coordinates":[[[120.6917372,27.8130949],[120.6917989,27.8125801],[120.6919277,27.8126584],[120.6922442,27.8124971],[120.6933385,27.811885],[120.6941915,27.8112943],[120.6967986,27.8098471],[120.6975388,27.8093062],[120.698601,27.8087558],[120.7010311,27.807375],[120.7017821,27.806986],[120.7025599,27.806668],[120.7035121,27.806158],[120.7036194,27.8062932],[120.7029194,27.8066253],[120.6990731,27.8086657],[120.6966323,27.8102315],[120.6954253,27.8108578],[120.6939769,27.8116762],[120.6932822,27.8121673],[120.6923139,27.8126394],[120.6919384,27.8127699],[120.6917372,27.8130949]]]}},{"type":"Feature","id":"way/879471704","properties":{"natural":"water","osm_type":"way","osm_id":879471704,"kind":"water","source_url":"https://www.openstreetmap.org/way/879471704","osmId":"way/879471704","source":"OpenStreetMap","name":""},"geometry":{"type":"Polygon","coordinates":[[[120.6910506,27.8142479],[120.6914744,27.8142526],[120.6917372,27.8130949],[120.6917989,27.8125801],[120.691638,27.8119253],[120.6916165,27.8116312],[120.6916863,27.8115505],[120.6916487,27.8110238],[120.691359,27.8097332],[120.6913161,27.8096478],[120.6909031,27.8083667],[120.6906288,27.8071117],[120.6904685,27.8063786],[120.6903666,27.8061247],[120.6899482,27.8041152],[120.6898624,27.8038281],[120.6895244,27.8027672],[120.6890845,27.8013868],[120.6890362,27.8013868],[120.6886876,27.8003998],[120.6883013,27.8005018],[120.6887037,27.8017735],[120.6888297,27.8022124],[120.6895673,27.8047416],[120.6898731,27.8061746],[120.6897497,27.8063406],[120.6882477,27.8069622],[120.6869441,27.8073134],[120.6853536,27.8079658],[120.6857505,27.8079705],[120.6864399,27.8077119],[120.6873733,27.8073845],[120.6884032,27.8071141],[120.6890899,27.8067582],[120.6895727,27.8065779],[120.6897819,27.8065115],[120.6898739,27.8065717],[120.6899214,27.8066728],[120.6901199,27.8070002],[120.6902558,27.8075744],[120.6903344,27.8079065],[120.6904417,27.8082861],[120.6905168,27.808547],[120.691064,27.8101555],[120.6911296,27.8108035],[120.6911552,27.811057],[120.6914395,27.8125184],[120.6913966,27.8130403],[120.6913912,27.8134342],[120.6912517,27.8136619],[120.6910506,27.8142479]]]}},{"type":"Feature","id":"way/879471705","properties":{"natural":"water","osm_type":"way","osm_id":879471705,"kind":"water","source_url":"https://www.openstreetmap.org/way/879471705","osmId":"way/879471705","source":"OpenStreetMap","name":""},"geometry":{"type":"Polygon","coordinates":[[[120.690777,27.8163379],[120.6911324,27.8153178],[120.6911539,27.8155004],[120.6913483,27.8155337],[120.6918901,27.8152656],[120.6927913,27.814682],[120.6937462,27.8142882],[120.6946313,27.8137046],[120.695318,27.8134674],[120.6968522,27.8125516],[120.7010043,27.8103453],[120.7025626,27.8094248],[120.7040566,27.8086846],[120.7046011,27.8084877],[120.7051322,27.8081485],[120.7053468,27.8079065],[120.705438,27.8080251],[120.7051912,27.8082671],[120.7046923,27.8085423],[120.7037348,27.808993],[120.7026592,27.809579],[120.7004222,27.8109289],[120.7000494,27.8110808],[120.6987941,27.8117688],[120.697799,27.81235],[120.6972009,27.8126465],[120.6956586,27.813567],[120.6949747,27.8138896],[120.6946582,27.813949],[120.6943175,27.8142479],[120.6934136,27.8147105],[120.6931078,27.8149192],[120.6927806,27.815147],[120.691992,27.8155384],[120.6918311,27.8155858],[120.6912598,27.8158705],[120.690777,27.8163379]]]}},{"type":"Feature","id":"way/881052712","properties":{"natural":"water","osm_type":"way","osm_id":881052712,"kind":"water","source_url":"https://www.openstreetmap.org/way/881052712","osmId":"way/881052712","source":"OpenStreetMap","name":""},"geometry":{"type":"Polygon","coordinates":[[[120.7108694,27.8160129],[120.7114273,27.8157993],[120.7122105,27.8153249],[120.7122669,27.8151043],[120.7122964,27.8146701],[120.712173,27.8147532],[120.7120711,27.8150378],[120.712004,27.8151304],[120.7119423,27.8151446],[120.7114273,27.8146535],[120.7113254,27.8147176],[120.7118672,27.8152632],[120.7118699,27.8154032],[120.7113683,27.815695],[120.7106173,27.8159844],[120.7096329,27.816345],[120.7089838,27.8165371],[120.7073316,27.8170495],[120.7056203,27.8176118],[120.7045528,27.8179723],[120.7042256,27.8181218],[120.7024339,27.8184966],[120.7001567,27.8192367],[120.6959188,27.8203896],[120.6934082,27.8211108],[120.6925124,27.8213954],[120.6898785,27.8220739],[120.6894118,27.8222352],[120.6891328,27.8222968],[120.6889343,27.8220217],[120.688591,27.8231081],[120.6890684,27.8227049],[120.6891221,27.822553],[120.6895566,27.8225103],[120.6910479,27.8220881],[120.6933546,27.8215425],[120.6970453,27.8204798],[120.7002264,27.8194787],[120.7026404,27.8186484],[120.7043248,27.8182309],[120.7062828,27.8176094],[120.7101721,27.8162833],[120.7108694,27.8160129]]]}},{"type":"Feature","id":"way/881147328","properties":{"highway":"tertiary","junction":"roundabout","osm_type":"way","osm_id":881147328,"kind":"road","source_url":"https://www.openstreetmap.org/way/881147328","osmId":"way/881147328","source":"OpenStreetMap","name":""},"geometry":{"type":"LineString","coordinates":[[120.6768483,27.7914404],[120.6769037,27.7914751],[120.6769531,27.7915164],[120.6769955,27.7915634],[120.67703,27.7916151],[120.6770561,27.7916706],[120.677073,27.7917288],[120.6770807,27.7917886],[120.6770788,27.7918522],[120.6770674,27.7919079],[120.6770468,27.7919652],[120.6770173,27.7920193],[120.6769778,27.7920712],[120.6769302,27.7921175],[120.6768756,27.7921571],[120.676815,27.7921893],[120.6767497,27.7922134],[120.6766812,27.7922288],[120.6766108,27.7922352],[120.6765402,27.7922325],[120.6764708,27.7922207],[120.676404,27.7922001],[120.6763414,27.7921712],[120.6762802,27.7921315],[120.6762268,27.7920839],[120.6761824,27.7920294],[120.6761482,27.7919695],[120.6761249,27.7919057],[120.6761132,27.7918394],[120.6761134,27.7917723],[120.6761254,27.791706],[120.6761489,27.7916422],[120.6761834,27.7915824],[120.676228,27.7915282],[120.6762843,27.7914997],[120.676343,27.7914412],[120.6764106,27.7914107],[120.6764827,27.7913899],[120.6765576,27.7913793],[120.6766334,27.7913792],[120.6767084,27.7913895],[120.6767806,27.7914101],[120.6768483,27.7914404]]}},{"type":"Feature","id":"way/881147329","properties":{"landuse":"grass","osm_type":"way","osm_id":881147329,"kind":"park","source_url":"https://www.openstreetmap.org/way/881147329","osmId":"way/881147329","source":"OpenStreetMap","name":""},"geometry":{"type":"Polygon","coordinates":[[[120.6767383,27.7914736],[120.6767985,27.7914955],[120.676854,27.7915256],[120.6769033,27.7915633],[120.6769451,27.7916075],[120.6769783,27.791657],[120.6770021,27.7917106],[120.6770158,27.7917669],[120.6770191,27.7918245],[120.6770119,27.7918817],[120.6769937,27.7919388],[120.6769652,27.7919924],[120.676927,27.7920411],[120.6768802,27.7920835],[120.6768261,27.7921185],[120.6767662,27.7921451],[120.6767022,27.7921626],[120.6766358,27.7921704],[120.6765688,27.7921685],[120.6765032,27.7921568],[120.6764406,27.7921356],[120.6763826,27.7921054],[120.6763311,27.7920672],[120.6762875,27.7920219],[120.676253,27.7919708],[120.6762286,27.7919154],[120.6762149,27.7918571],[120.6762123,27.7917977],[120.6762209,27.7917387],[120.6762405,27.7916818],[120.6762705,27.7916285],[120.67631,27.7915804],[120.6763581,27.7915388],[120.6764133,27.7915048],[120.6764741,27.7914793],[120.6765388,27.7914632],[120.6766056,27.7914568],[120.6766728,27.7914603],[120.6767383,27.7914736]]]}},{"type":"Feature","id":"way/881147330","properties":{"natural":"water","osm_type":"way","osm_id":881147330,"kind":"water","source_url":"https://www.openstreetmap.org/way/881147330","osmId":"way/881147330","source":"OpenStreetMap","name":""},"geometry":{"type":"Polygon","coordinates":[[[120.6763025,27.7896073],[120.6763977,27.7894484],[120.6764728,27.7894946],[120.6762153,27.7901448],[120.6758478,27.7907712],[120.675593,27.7911271],[120.6729886,27.7964682],[120.6729215,27.7967008],[120.6726721,27.7967292],[120.6726238,27.796613],[120.6729591,27.7961218],[120.6736243,27.7947195],[120.6738952,27.7942308],[120.6739408,27.7940243],[120.6746811,27.7927003],[120.6750244,27.7920051],[120.6754455,27.7910346],[120.6755984,27.7907736],[120.67599,27.7901946],[120.6762327,27.78979],[120.6763025,27.7896073]]]}},{"type":"Feature","id":"way/881147331","properties":{"waterway":"canal","osm_type":"way","osm_id":881147331,"kind":"water","source_url":"https://www.openstreetmap.org/way/881147331","osmId":"way/881147331","source":"OpenStreetMap","name":""},"geometry":{"type":"LineString","coordinates":[[120.6776959,27.7871977],[120.6774893,27.7870173],[120.6772694,27.7867516],[120.6772882,27.7866187],[120.6775805,27.7863553],[120.6776878,27.7862129],[120.677712,27.7860871],[120.6775242,27.785679],[120.6768751,27.784642]]}},{"type":"Feature","id":"way/881147332","properties":{"highway":"tertiary","osm_type":"way","osm_id":881147332,"kind":"road","source_url":"https://www.openstreetmap.org/way/881147332","osmId":"way/881147332","source":"OpenStreetMap","name":""},"geometry":{"type":"LineString","coordinates":[[120.6635338,27.7650823],[120.6636679,27.7650538],[120.6641936,27.76489],[120.6644914,27.7647927],[120.6648508,27.7646539],[120.6655924,27.7643121],[120.6659169,27.7640356],[120.6663179,27.7638267],[120.6666532,27.7635728],[120.6670824,27.7631669],[120.6674619,27.762697],[120.6675155,27.7626092]]}},{"type":"Feature","id":"way/881147336","properties":{"natural":"water","osm_type":"way","osm_id":881147336,"kind":"water","source_url":"https://www.openstreetmap.org/way/881147336","osmId":"way/881147336","source":"OpenStreetMap","name":""},"geometry":{"type":"Polygon","coordinates":[[[120.6789216,27.7803481],[120.6786883,27.7804442],[120.6770602,27.7813341],[120.676792,27.7814966],[120.6757446,27.7818988],[120.6750794,27.7821243],[120.6743632,27.7823924],[120.6732394,27.7828658],[120.6731173,27.7829809],[120.6731039,27.7834235],[120.6731965,27.7836893],[120.673399,27.7844308],[120.673454,27.7844629],[120.6735358,27.7844617],[120.6742197,27.7841864],[120.6744947,27.7840951],[120.6745818,27.7841034],[120.6746355,27.7841556],[120.6748742,27.7845234],[120.6749882,27.7845234],[120.6751505,27.7844996],[120.6754321,27.7843715],[120.6755058,27.7844807],[120.6755058,27.7845435],[120.6752349,27.7847037],[120.6751102,27.7848093],[120.6750821,27.7849173],[120.6750177,27.7849398],[120.6745483,27.784203],[120.6743364,27.7842196],[120.6735693,27.7845281],[120.6733748,27.784559],[120.6733091,27.7844356],[120.67301,27.7834164],[120.6730181,27.7829145],[120.673108,27.7828255],[120.6738751,27.7825063],[120.6751424,27.782021],[120.6758049,27.7817968],[120.6766739,27.781448],[120.6770991,27.7812356],[120.6783369,27.7804631],[120.6787607,27.7801677],[120.6789216,27.7803481]]]}},{"type":"Feature","id":"way/881147337","properties":{"natural":"water","osm_type":"way","osm_id":881147337,"kind":"water","source_url":"https://www.openstreetmap.org/way/881147337","osmId":"way/881147337","source":"OpenStreetMap","name":""},"geometry":{"type":"Polygon","coordinates":[[[120.6833741,27.7815097],[120.6833714,27.7813756],[120.6833781,27.7813542],[120.683417,27.7813139],[120.6834653,27.7813388],[120.6834868,27.7813602],[120.6835189,27.7814195],[120.6837054,27.7815631],[120.6837738,27.7815939],[120.6838542,27.7815642],[120.6841131,27.7814171],[120.6841895,27.7814776],[120.6837992,27.7817031],[120.6818707,27.782517],[120.6818345,27.7825028],[120.6818305,27.7824838],[120.6822932,27.7822441],[120.6826727,27.782078],[120.6830871,27.7819273],[120.6834117,27.7817588],[120.6835109,27.7816936],[120.6835069,27.7816722],[120.6833741,27.7815097]]]}},{"type":"Feature","id":"way/881147338","properties":{"natural":"water","osm_type":"way","osm_id":881147338,"kind":"water","source_url":"https://www.openstreetmap.org/way/881147338","osmId":"way/881147338","source":"OpenStreetMap","name":""},"geometry":{"type":"Polygon","coordinates":[[[120.6850827,27.7904153],[120.6853455,27.7903061],[120.6850867,27.7893463],[120.6849888,27.7891245],[120.6828618,27.785138],[120.6809092,27.7824423],[120.6783664,27.779101],[120.6756037,27.7753657],[120.6747186,27.7745019],[120.6742626,27.7742361],[120.6738717,27.7742153],[120.6739006,27.7745944],[120.674445,27.7747249],[120.674901,27.7750477],[120.6753945,27.7755413],[120.6777495,27.7788352],[120.6783718,27.7795994],[120.6787607,27.7801677],[120.6789216,27.7803481],[120.6790101,27.7804299],[120.6804424,27.7821765],[120.6814402,27.7836288],[120.6820759,27.7844474],[120.6823629,27.7849197],[120.6828538,27.785641],[120.6836933,27.7873638],[120.6844524,27.7887662],[120.6850103,27.7900878],[120.6850827,27.7904153]]]}},{"type":"Feature","id":"way/881147339","properties":{"natural":"water","osm_type":"way","osm_id":881147339,"kind":"water","source_url":"https://www.openstreetmap.org/way/881147339","osmId":"way/881147339","source":"OpenStreetMap","name":""},"geometry":{"type":"Polygon","coordinates":[[[120.6883013,27.8005018],[120.6886876,27.8003998],[120.6886232,27.800134],[120.6885641,27.7998754],[120.6867778,27.7940647],[120.6866437,27.7938179],[120.6856513,27.79098],[120.6853455,27.7903061],[120.6850827,27.7904153],[120.6855279,27.7916824],[120.6856795,27.7918793],[120.6860912,27.7931725],[120.6862669,27.7936554],[120.6864157,27.7943435],[120.68692,27.7958917],[120.6882101,27.800274],[120.6883013,27.8005018]]]}},{"type":"Feature","id":"way/881148906","properties":{"waterway":"canal","osm_type":"way","osm_id":881148906,"kind":"water","source_url":"https://www.openstreetmap.org/way/881148906","osmId":"way/881148906","source":"OpenStreetMap","name":""},"geometry":{"type":"LineString","coordinates":[[120.6728411,27.796632],[120.6733292,27.7968265],[120.6740481,27.7967601],[120.6745416,27.7967364],[120.6756306,27.7972346],[120.6768536,27.7976261],[120.6773579,27.7976143],[120.6778943,27.7975431],[120.6785864,27.7971445],[120.6789565,27.7968218],[120.6796056,27.7960863],[120.680877,27.795047],[120.6821537,27.793927],[120.6838328,27.7925888],[120.6844872,27.7920383],[120.6850854,27.7916444],[120.685662,27.791419]]}},{"type":"Feature","id":"way/881148907","properties":{"waterway":"canal","osm_type":"way","osm_id":881148907,"kind":"water","source_url":"https://www.openstreetmap.org/way/881148907","osmId":"way/881148907","source":"OpenStreetMap","name":""},"geometry":{"type":"LineString","coordinates":[[120.6543553,27.7777863],[120.6545109,27.7791105],[120.6551117,27.7816687],[120.6557286,27.7833677],[120.6564045,27.7855699],[120.6565386,27.7863766],[120.6565922,27.7875773],[120.6563938,27.7921522],[120.6560504,27.7939176],[120.6559217,27.7956734],[120.6559351,27.7967909],[120.6557929,27.7973058],[120.6554604,27.7977139],[120.6539208,27.8001008],[120.6535184,27.8009977],[120.6532234,27.8013535],[120.6530169,27.8020606],[120.6528237,27.8023239],[120.6526735,27.8023144]]}},{"type":"Feature","id":"way/881148908","properties":{"natural":"water","osm_type":"way","osm_id":881148908,"kind":"water","source_url":"https://www.openstreetmap.org/way/881148908","osmId":"way/881148908","source":"OpenStreetMap","name":""},"geometry":{"type":"Polygon","coordinates":[[[120.6711473,27.7775122],[120.6712666,27.7774517],[120.6714074,27.7778219],[120.6715013,27.7780034],[120.6717709,27.7781969],[120.6718969,27.7783357],[120.6717883,27.7785065],[120.6717816,27.7788186],[120.6717655,27.7788388],[120.6717212,27.7788661],[120.6716341,27.7788673],[120.6715804,27.7788518],[120.6712358,27.7784484],[120.6714061,27.7782063],[120.6714074,27.778134],[120.6713887,27.7780497],[120.6712465,27.7777946],[120.6711473,27.7775122]]]}},{"type":"Feature","id":"way/881148909","properties":{"waterway":"canal","osm_type":"way","osm_id":881148909,"kind":"water","source_url":"https://www.openstreetmap.org/way/881148909","osmId":"way/881148909","source":"OpenStreetMap","name":""},"geometry":{"type":"LineString","coordinates":[[120.6703466,27.7750097],[120.6709555,27.7768038],[120.671339,27.7778005]]}},{"type":"Feature","id":"way/881148910","properties":{"natural":"water","osm_type":"way","osm_id":881148910,"kind":"water","source_url":"https://www.openstreetmap.org/way/881148910","osmId":"way/881148910","source":"OpenStreetMap","name":""},"geometry":{"type":"Polygon","coordinates":[[[120.6707731,27.7918983],[120.671103,27.7918746],[120.6712264,27.7918248],[120.6713417,27.7918722],[120.6715482,27.7926291],[120.6717575,27.7937467],[120.6717709,27.7942924],[120.6715268,27.7951514],[120.6712854,27.7963544],[120.6713068,27.7967719],[120.6713659,27.7967862],[120.6718808,27.7968313],[120.6719667,27.7967601],[120.6721893,27.7966937],[120.6723422,27.7966581],[120.6726238,27.796613],[120.6726721,27.7967292],[120.6723019,27.7968099],[120.6720954,27.7969096],[120.6714249,27.7969546],[120.6711754,27.796938],[120.6710708,27.796632],[120.671221,27.7956829],[120.6713659,27.7949117],[120.6715241,27.794385],[120.6715214,27.7937301],[120.671441,27.7932057],[120.6711942,27.7920656],[120.6711513,27.7920288],[120.6702581,27.7919648],[120.6700328,27.791877],[120.6707731,27.7918983]]]}},{"type":"Feature","id":"way/881148911","properties":{"highway":"tertiary","osm_type":"way","osm_id":881148911,"kind":"road","source_url":"https://www.openstreetmap.org/way/881148911","osmId":"way/881148911","source":"OpenStreetMap","name":""},"geometry":{"type":"LineString","coordinates":[[120.6721173,27.7869084],[120.6723073,27.7873472],[120.673112,27.7889845],[120.6737691,27.7895226],[120.6747374,27.7903156],[120.6761053,27.791419],[120.6762843,27.7914997]]}},{"type":"Feature","id":"way/881148912","properties":{"highway":"tertiary","osm_type":"way","osm_id":881148912,"kind":"road","source_url":"https://www.openstreetmap.org/way/881148912","osmId":"way/881148912","source":"OpenStreetMap","name":""},"geometry":{"type":"LineString","coordinates":[[120.6766812,27.7922288],[120.67691,27.7936708],[120.6771453,27.7950233],[120.6773606,27.7966189],[120.677374,27.7967292]]}},{"type":"Feature","id":"way/881148913","properties":{"highway":"unclassified","osm_type":"way","osm_id":881148913,"kind":"road","source_url":"https://www.openstreetmap.org/way/881148913","osmId":"way/881148913","source":"OpenStreetMap","name":""},"geometry":{"type":"LineString","coordinates":[[120.6771453,27.7950233],[120.6755957,27.7952321],[120.6739676,27.7954432]]}},{"type":"Feature","id":"way/881149628","properties":{"natural":"water","osm_type":"way","osm_id":881149628,"kind":"water","source_url":"https://www.openstreetmap.org/way/881149628","osmId":"way/881149628","source":"OpenStreetMap","name":""},"geometry":{"type":"Polygon","coordinates":[[[120.6448723,27.7798177],[120.6452009,27.7800763],[120.6452706,27.7802092],[120.6457829,27.7818229],[120.6461464,27.7821563],[120.6461786,27.7821326],[120.6458715,27.7816568],[120.6457078,27.780971],[120.6455109,27.780084],[120.6452036,27.7797536],[120.6448723,27.7798177]]]}},{"type":"Feature","id":"way/881149629","properties":{"waterway":"canal","osm_type":"way","osm_id":881149629,"kind":"water","source_url":"https://www.openstreetmap.org/way/881149629","osmId":"way/881149629","source":"OpenStreetMap","name":""},"geometry":{"type":"LineString","coordinates":[[120.6449541,27.7796231],[120.6453015,27.7800395],[120.6458822,27.7817802],[120.6461531,27.7821172],[120.6462926,27.782345]]}},{"type":"Feature","id":"way/881149630","properties":{"natural":"water","osm_type":"way","osm_id":881149630,"kind":"water","source_url":"https://www.openstreetmap.org/way/881149630","osmId":"way/881149630","source":"OpenStreetMap","name":""},"geometry":{"type":"Polygon","coordinates":[[[120.6488206,27.7790548],[120.6487817,27.7786952],[120.6480521,27.7787569],[120.6464991,27.7790773],[120.6438866,27.7794878],[120.642449,27.7798082],[120.6410783,27.7801641],[120.6393617,27.7804964],[120.6385624,27.7807764],[120.6394744,27.7805913],[120.6406546,27.7804418],[120.6410314,27.7805201],[120.6419903,27.7804133],[120.6422853,27.7803018],[120.642685,27.7802757],[120.6441441,27.7799031],[120.6448281,27.7798296],[120.6448723,27.7798177],[120.6452036,27.7797536],[120.6488206,27.7790548]]]}},{"type":"Feature","id":"way/881149631","properties":{"natural":"water","osm_type":"way","osm_id":881149631,"kind":"water","source_url":"https://www.openstreetmap.org/way/881149631","osmId":"way/881149631","source":"OpenStreetMap","name":""},"geometry":{"type":"Polygon","coordinates":[[[120.6602132,27.7768631],[120.660165,27.7764431],[120.657464,27.7770566],[120.6570442,27.7772393],[120.655801,27.7774979],[120.6554107,27.7774684],[120.6550379,27.7774624],[120.6537437,27.7777044],[120.6534071,27.7777745],[120.6507289,27.7781399],[120.6505358,27.7780996],[120.6501683,27.7778741],[120.6495434,27.7781803],[120.6495461,27.7783096],[120.6493731,27.7783903],[120.6487817,27.7786952],[120.6488206,27.7790548],[120.6496748,27.7788281],[120.6502702,27.7787854],[120.6506806,27.7785861],[120.6518715,27.7782728],[120.6534379,27.7780355],[120.6539261,27.7779904],[120.6540951,27.7781067],[120.6544733,27.7780569],[120.6545725,27.7778646],[120.6547308,27.7777768],[120.6559753,27.7776344],[120.6574399,27.7773378],[120.6577697,27.777333],[120.6599021,27.7769724],[120.6602132,27.7768631]]]}},{"type":"Feature","id":"way/881149632","properties":{"natural":"water","osm_type":"way","osm_id":881149632,"kind":"water","source_url":"https://www.openstreetmap.org/way/881149632","osmId":"way/881149632","source":"OpenStreetMap","name":""},"geometry":{"type":"Polygon","coordinates":[[[120.6602132,27.7768631],[120.660165,27.7764431],[120.6606102,27.77636],[120.6612781,27.7762675],[120.6620532,27.7762794],[120.6625121,27.776204],[120.6644592,27.7757383],[120.6645326,27.7757269],[120.6648804,27.7756731],[120.6683041,27.7751854],[120.6684557,27.775234],[120.6707355,27.7748104],[120.6722242,27.7745196],[120.6731556,27.7743494],[120.6733769,27.774398],[120.6735499,27.774325],[120.6738717,27.7742153],[120.6739006,27.7745944],[120.6725756,27.7746632],[120.6715992,27.7748104],[120.6673506,27.7757098],[120.6668517,27.775743],[120.6661222,27.7759851],[120.665587,27.7760731],[120.6654388,27.7760975],[120.6648306,27.7761975],[120.663974,27.7763482],[120.6637906,27.7763805],[120.6626058,27.7766436],[120.6621659,27.776729],[120.6616965,27.776735],[120.6612888,27.7766899],[120.6607685,27.7767445],[120.6602132,27.7768631]]]}},{"type":"Feature","id":"way/881149633","properties":{"leisure":"park","name":"明镜公园","osm_type":"way","osm_id":881149633,"kind":"park","source_url":"https://www.openstreetmap.org/way/881149633","osmId":"way/881149633","source":"OpenStreetMap"},"geometry":{"type":"Polygon","coordinates":[[[120.6633165,27.7790108],[120.6634648,27.7789876],[120.6644847,27.7788277],[120.6651485,27.7787237],[120.6661785,27.7784721],[120.6659612,27.7775537],[120.6660336,27.7772737],[120.6657869,27.7760753],[120.6626246,27.7766828],[120.6631851,27.778783],[120.6633165,27.7790108]]]}},{"type":"Feature","id":"way/881150462","properties":{"waterway":"canal","osm_type":"way","osm_id":881150462,"kind":"water","source_url":"https://www.openstreetmap.org/way/881150462","osmId":"way/881150462","source":"OpenStreetMap","name":""},"geometry":{"type":"LineString","coordinates":[[120.6619238,27.7764259],[120.6620908,27.7771978],[120.6628847,27.7802164],[120.6634855,27.7827887],[120.6637055,27.7834627],[120.6640541,27.786818],[120.6643492,27.7889062],[120.6642955,27.7890201],[120.664494,27.7894472],[120.6646603,27.7900641],[120.6647193,27.7911271],[120.6647998,27.7914261],[120.664494,27.7927454],[120.6643009,27.7928878],[120.6632388,27.7926932],[120.6626272,27.7927501],[120.6620747,27.7928688],[120.6610233,27.7931962],[120.660916,27.7933386],[120.6605324,27.7936399],[120.6604493,27.7937633],[120.6604251,27.7939555],[120.6601596,27.7943328],[120.6602347,27.7946792],[120.6604171,27.7948311],[120.6604815,27.7950636],[120.6608757,27.7956663],[120.6611413,27.7958181],[120.6610662,27.7959249],[120.6603983,27.796072],[120.6601837,27.796174],[120.6574747,27.7966889],[120.6560343,27.7968692],[120.6559351,27.7967909]]}},{"type":"Feature","id":"way/881150463","properties":{"waterway":"canal","osm_type":"way","osm_id":881150463,"kind":"water","source_url":"https://www.openstreetmap.org/way/881150463","osmId":"way/881150463","source":"OpenStreetMap","name":""},"geometry":{"type":"LineString","coordinates":[[120.6510454,27.7581423],[120.6505787,27.7584769],[120.6495702,27.7589706],[120.6487226,27.7596423],[120.6478161,27.7602666],[120.6458312,27.7613251],[120.6453001,27.7616574],[120.6439805,27.7625878],[120.6428486,27.7634755],[120.6417382,27.7642943]]}},{"type":"Feature","id":"way/881150464","properties":{"waterway":"canal","osm_type":"way","osm_id":881150464,"kind":"water","source_url":"https://www.openstreetmap.org/way/881150464","osmId":"way/881150464","source":"OpenStreetMap","name":""},"geometry":{"type":"LineString","coordinates":[[120.6502055,27.756887],[120.6510454,27.7581423],[120.6514451,27.758382],[120.6521934,27.7586716],[120.6525475,27.7589445],[120.6526199,27.7591344],[120.6526923,27.7592436],[120.6535104,27.7600909],[120.6536149,27.7601434]]}},{"type":"Feature","id":"way/881150465","properties":{"waterway":"canal","osm_type":"way","osm_id":881150465,"kind":"water","source_url":"https://www.openstreetmap.org/way/881150465","osmId":"way/881150465","source":"OpenStreetMap","name":""},"geometry":{"type":"LineString","coordinates":[[120.6511719,27.767717],[120.6519037,27.7689817],[120.6523651,27.7699904],[120.6532073,27.7722402],[120.654071,27.7741744],[120.6549507,27.776557],[120.6551023,27.7770779],[120.6552699,27.77753],[120.6553034,27.7776665]]}},{"type":"Feature","id":"way/881427650","properties":{"waterway":"canal","osm_type":"way","osm_id":881427650,"kind":"water","source_url":"https://www.openstreetmap.org/way/881427650","osmId":"way/881427650","source":"OpenStreetMap","name":""},"geometry":{"type":"LineString","coordinates":[[120.697732,27.8055387],[120.6978688,27.8057333],[120.6980082,27.8059634],[120.6980431,27.8062244],[120.6981128,27.8064308],[120.698255,27.8065186],[120.6988075,27.8064118],[120.6993118,27.8063501],[120.6995371,27.8063762],[120.7002023,27.8061366],[120.700449,27.8059563],[120.7006207,27.8057546]]}},{"type":"Feature","id":"way/881427651","properties":{"waterway":"canal","osm_type":"way","osm_id":881427651,"kind":"water","source_url":"https://www.openstreetmap.org/way/881427651","osmId":"way/881427651","source":"OpenStreetMap","name":""},"geometry":{"type":"LineString","coordinates":[[120.6985527,27.8037404],[120.6986868,27.8039183],[120.6989041,27.8039657],[120.699116,27.804044],[120.6994191,27.8043691],[120.6995988,27.8044806],[120.6998375,27.8047416],[120.6998321,27.8047795],[120.6996712,27.8050168],[120.6996766,27.8051686],[120.7006207,27.8057546],[120.7008648,27.8059136],[120.7011062,27.8060891],[120.7013449,27.8064521],[120.7017526,27.8071093]]}},{"type":"Feature","id":"way/881427659","properties":{"natural":"water","osm_type":"way","osm_id":881427659,"kind":"water","source_url":"https://www.openstreetmap.org/way/881427659","osmId":"way/881427659","source":"OpenStreetMap","name":""},"geometry":{"type":"Polygon","coordinates":[[[120.6944543,27.81797],[120.6947225,27.817747],[120.6948513,27.8177422],[120.6949049,27.8176284],[120.6952053,27.8174338],[120.6959939,27.8170353],[120.6976193,27.8160911],[120.6999958,27.8149809],[120.7007602,27.8144922],[120.7009909,27.8142787],[120.7019055,27.8138374],[120.7019672,27.8139608],[120.70142,27.8142241],[120.7011169,27.8144068],[120.7008407,27.8146298],[120.6998912,27.8152276],[120.6987539,27.8157424],[120.6973779,27.8164517],[120.6951088,27.8178348],[120.6949881,27.8178585],[120.6948808,27.8178229],[120.6945562,27.8180174],[120.6944543,27.81797]]]}},{"type":"Feature","id":"way/881427660","properties":{"natural":"water","osm_type":"way","osm_id":881427660,"kind":"water","source_url":"https://www.openstreetmap.org/way/881427660","osmId":"way/881427660","source":"OpenStreetMap","name":""},"geometry":{"type":"Polygon","coordinates":[[[120.6931078,27.8149192],[120.6927806,27.815147],[120.6928611,27.8151517],[120.6934029,27.8158966],[120.6949049,27.8176284],[120.6952053,27.8174338],[120.6950551,27.8172868],[120.6935799,27.8157638],[120.6931078,27.8149192]]]}},{"type":"Feature","id":"way/881427661","properties":{"waterway":"canal","osm_type":"way","osm_id":881427661,"kind":"water","source_url":"https://www.openstreetmap.org/way/881427661","osmId":"way/881427661","source":"OpenStreetMap","name":""},"geometry":{"type":"LineString","coordinates":[[120.7002988,27.80156],[120.7000065,27.8017474],[120.6994808,27.8019514],[120.6989121,27.8029432],[120.6985527,27.8037404],[120.6977588,27.8042244],[120.6977373,27.8043904],[120.6981397,27.8049219],[120.6981826,27.805031],[120.6981343,27.8051425],[120.697732,27.8055387],[120.6959939,27.8068483],[120.69498,27.8075316],[120.6942129,27.8079539],[120.6925821,27.8087511],[120.6911364,27.8097072]]}},{"type":"Feature","id":"way/881427667","properties":{"waterway":"canal","osm_type":"way","osm_id":881427667,"kind":"water","source_url":"https://www.openstreetmap.org/way/881427667","osmId":"way/881427667","source":"OpenStreetMap","name":""},"geometry":{"type":"LineString","coordinates":[[120.6993601,27.8005516],[120.6995156,27.8006655],[120.7002425,27.8014271],[120.7002988,27.80156],[120.7003847,27.8017877],[120.7006958,27.8022433],[120.7007736,27.8025019],[120.7011276,27.8031994],[120.7023239,27.8039729],[120.7025331,27.8041722],[120.702855,27.8045518],[120.7029623,27.8046324],[120.703268,27.8045518],[120.7036006,27.804547],[120.7038769,27.8044379],[120.7048854,27.8037664],[120.708088,27.8014793],[120.7083374,27.8013701],[120.708662,27.8013369],[120.7088256,27.8012752],[120.7092118,27.8009502],[120.7092789,27.8008102],[120.7093057,27.8006323],[120.7094774,27.8004045],[120.7097536,27.8001388],[120.710156,27.7999418],[120.7110652,27.7992585],[120.7117841,27.7987484],[120.7122293,27.7983498],[120.7124385,27.798243],[120.7130849,27.7977851],[120.7137582,27.7972323],[120.7147291,27.7965133],[120.7151851,27.7963377],[120.71603,27.7956947],[120.7163545,27.7954883],[120.7210484,27.7919932],[120.7241973,27.789694]]}},{"type":"Feature","id":"way/881427668","properties":{"natural":"water","osm_type":"way","osm_id":881427668,"kind":"water","source_url":"https://www.openstreetmap.org/way/881427668","osmId":"way/881427668","source":"OpenStreetMap","name":""},"geometry":{"type":"Polygon","coordinates":[[[120.6899482,27.8041152],[120.690439,27.8037119],[120.6931883,27.8017996],[120.6933564,27.8016856],[120.6943846,27.8009882],[120.6957927,27.8001103],[120.6964365,27.7996785],[120.6964391,27.7995242],[120.6957713,27.7999537],[120.6955004,27.8000818],[120.6943256,27.8008292],[120.6928772,27.8018115],[120.6909484,27.803157],[120.6902754,27.8036265],[120.6898624,27.8038281],[120.6899482,27.8041152]]]}},{"type":"Feature","id":"way/881427669","properties":{"waterway":"canal","osm_type":"way","osm_id":881427669,"kind":"water","source_url":"https://www.openstreetmap.org/way/881427669","osmId":"way/881427669","source":"OpenStreetMap","name":""},"geometry":{"type":"LineString","coordinates":[[120.6954447,27.7981867],[120.6934351,27.7991684],[120.6933358,27.7991541],[120.6931642,27.7990806],[120.6927082,27.798803],[120.6919196,27.7979441]]}},{"type":"Feature","id":"way/881427670","properties":{"waterway":"canal","osm_type":"way","osm_id":881427670,"kind":"water","source_url":"https://www.openstreetmap.org/way/881427670","osmId":"way/881427670","source":"OpenStreetMap","name":""},"geometry":{"type":"LineString","coordinates":[[120.6966853,27.7994019],[120.6966806,27.7994055],[120.6961816,27.7997829],[120.6936443,27.8013773],[120.6905973,27.8035221],[120.689621,27.80412]]}},{"type":"Feature","id":"way/881427671","properties":{"waterway":"canal","osm_type":"way","osm_id":881427671,"kind":"water","source_url":"https://www.openstreetmap.org/way/881427671","osmId":"way/881427671","source":"OpenStreetMap","name":""},"geometry":{"type":"LineString","coordinates":[[120.6986922,27.8009858],[120.6993601,27.8005516],[120.6991911,27.800255],[120.699057,27.7998208],[120.6990623,27.7992324],[120.6987834,27.7986962],[120.6991321,27.7985206],[120.6999689,27.7979132],[120.7012993,27.7967981],[120.7034397,27.7955358],[120.7089919,27.7921047],[120.7121542,27.7900736]]}},{"type":"Feature","id":"way/881427672","properties":{"waterway":"canal","osm_type":"way","osm_id":881427672,"kind":"water","source_url":"https://www.openstreetmap.org/way/881427672","osmId":"way/881427672","source":"OpenStreetMap","name":""},"geometry":{"type":"LineString","coordinates":[[120.6929845,27.7958513],[120.693309,27.7962262],[120.6935853,27.7966533],[120.6951731,27.7957564],[120.6956828,27.7954124],[120.6960824,27.795709],[120.6964633,27.7954907],[120.6985098,27.7939033],[120.6998616,27.7931061],[120.7000762,27.7931156],[120.7003659,27.7930206],[120.7008648,27.792679],[120.701125,27.792418],[120.7034022,27.7909753],[120.7070339,27.7888302],[120.7084018,27.7879807],[120.7181275,27.7819202],[120.7190341,27.7813791]]}},{"type":"Feature","id":"way/881427673","properties":{"waterway":"canal","osm_type":"way","osm_id":881427673,"kind":"water","source_url":"https://www.openstreetmap.org/way/881427673","osmId":"way/881427673","source":"OpenStreetMap","name":""},"geometry":{"type":"LineString","coordinates":[[120.7051563,27.7863055],[120.7046199,27.7866804],[120.7039279,27.7871217],[120.7000655,27.7895468],[120.6989336,27.7903489],[120.6962943,27.7920905],[120.6953609,27.7925769],[120.6946045,27.7926671],[120.6939554,27.7926339],[120.6936496,27.7927762],[120.6925017,27.7935854],[120.6921386,27.7939078]]}},{"type":"Feature","id":"way/881427674","properties":{"natural":"water","osm_type":"way","osm_id":881427674,"kind":"water","source_url":"https://www.openstreetmap.org/way/881427674","osmId":"way/881427674","source":"OpenStreetMap","name":""},"geometry":{"type":"Polygon","coordinates":[[[120.6886232,27.800134],[120.6888968,27.7999869],[120.6905973,27.7988386],[120.6921476,27.7978468],[120.6929147,27.7973248],[120.6929684,27.7973343],[120.6934646,27.7977946],[120.6935102,27.7977851],[120.6934324,27.7976688],[120.693081,27.7972916],[120.6930461,27.7972275],[120.6930676,27.7971729],[120.6936872,27.7966984],[120.6937838,27.7966557],[120.6936121,27.7965228],[120.6929576,27.7956829],[120.6928396,27.7958157],[120.6932688,27.7962713],[120.6933546,27.7964516],[120.6932849,27.7966937],[120.6930757,27.7969167],[120.6923461,27.7975051],[120.6910157,27.7983545],[120.6891087,27.7996334],[120.6888512,27.7997947],[120.6885641,27.7998754],[120.6886232,27.800134]]]}},{"type":"Feature","id":"way/881427675","properties":{"waterway":"canal","osm_type":"way","osm_id":881427675,"kind":"water","source_url":"https://www.openstreetmap.org/way/881427675","osmId":"way/881427675","source":"OpenStreetMap","name":""},"geometry":{"type":"LineString","coordinates":[[120.6797907,27.8035055],[120.6801259,27.8034699],[120.6806195,27.8032967],[120.6810835,27.8030618],[120.6824863,27.802993],[120.686,27.8024307],[120.6889638,27.8019301]]}},{"type":"Feature","id":"way/881427676","properties":{"natural":"water","osm_type":"way","osm_id":881427676,"kind":"water","source_url":"https://www.openstreetmap.org/way/881427676","osmId":"way/881427676","source":"OpenStreetMap","name":""},"geometry":{"type":"Polygon","coordinates":[[[120.6825829,27.8032184],[120.6824058,27.8031069],[120.682084,27.8029835],[120.6829154,27.8028293],[120.6847769,27.8025588],[120.6871587,27.8021318],[120.6879473,27.8020368],[120.688591,27.8019135],[120.6887037,27.8017735],[120.6888297,27.8022124],[120.6886151,27.8021199],[120.6861582,27.8024544],[120.6825829,27.8032184]]]}},{"type":"Feature","id":"way/881427677","properties":{"natural":"water","osm_type":"way","osm_id":881427677,"kind":"water","source_url":"https://www.openstreetmap.org/way/881427677","osmId":"way/881427677","source":"OpenStreetMap","name":""},"geometry":{"type":"Polygon","coordinates":[[[120.6822637,27.8052801],[120.6824809,27.8052849],[120.6827491,27.8051307],[120.6831327,27.8049883],[120.6834707,27.8049385],[120.6840634,27.8046799],[120.6838623,27.8046443],[120.6833741,27.8047226],[120.6831434,27.8048649],[120.6829825,27.8049219],[120.6825238,27.8049409],[120.6822905,27.805069],[120.6822127,27.8051757],[120.6822637,27.8052801]]]}},{"type":"Feature","id":"way/881427678","properties":{"waterway":"canal","osm_type":"way","osm_id":881427678,"kind":"water","source_url":"https://www.openstreetmap.org/way/881427678","osmId":"way/881427678","source":"OpenStreetMap","name":""},"geometry":{"type":"LineString","coordinates":[[120.6809628,27.805598],[120.6817406,27.8054154],[120.6833285,27.8048649],[120.6893152,27.8030903]]}},{"type":"Feature","id":"way/881427679","properties":{"natural":"water","osm_type":"way","osm_id":881427679,"kind":"water","source_url":"https://www.openstreetmap.org/way/881427679","osmId":"way/881427679","source":"OpenStreetMap","name":""},"geometry":{"type":"Polygon","coordinates":[[[120.6862521,27.8094723],[120.6863487,27.8095529],[120.6868315,27.8094438],[120.6875557,27.8090974],[120.6877005,27.8089836],[120.6881994,27.8088887],[120.6891006,27.8086277],[120.6896503,27.8084271],[120.6898677,27.8083477],[120.6904417,27.8082861],[120.6903344,27.8079065],[120.6899857,27.808101],[120.6895648,27.8082626],[120.6889719,27.8084901],[120.6878722,27.8087795],[120.6877702,27.8088554],[120.6871748,27.8090263],[120.6862521,27.8094723]]]}},{"type":"Feature","id":"way/881449182","properties":{"waterway":"canal","osm_type":"way","osm_id":881449182,"kind":"water","source_url":"https://www.openstreetmap.org/way/881449182","osmId":"way/881449182","source":"OpenStreetMap","name":""},"geometry":{"type":"LineString","coordinates":[[120.7000655,27.7895468],[120.6992608,27.7885692],[120.6987512,27.7878811],[120.6992608,27.7875821],[120.7002371,27.786856],[120.7020932,27.7855983],[120.7027799,27.7851522],[120.7031071,27.7850051],[120.7035926,27.7846705],[120.7059932,27.7830782],[120.7064599,27.7829643],[120.706771,27.7827982],[120.7109767,27.7801404],[120.711143,27.7799885],[120.7155418,27.7770174],[120.7163787,27.7764811]]}},{"type":"Feature","id":"way/881449184","properties":{"waterway":"canal","osm_type":"way","osm_id":881449184,"kind":"water","source_url":"https://www.openstreetmap.org/way/881449184","osmId":"way/881449184","source":"OpenStreetMap","name":""},"geometry":{"type":"LineString","coordinates":[[120.6901463,27.7915206],[120.692153,27.7899645],[120.6929845,27.7894804],[120.6935584,27.7890746],[120.6952482,27.7880519],[120.6992501,27.7854607],[120.6996846,27.7851475],[120.7001352,27.7847013],[120.7007843,27.7845827],[120.7012,27.7841034],[120.7021791,27.7835386],[120.7095551,27.778541],[120.7156223,27.7745066]]}},{"type":"Feature","id":"way/881453649","properties":{"waterway":"canal","osm_type":"way","osm_id":881453649,"kind":"water","source_url":"https://www.openstreetmap.org/way/881453649","osmId":"way/881453649","source":"OpenStreetMap","name":""},"geometry":{"type":"LineString","coordinates":[[120.6219703,27.7883604],[120.6222063,27.7885265],[120.6228554,27.7885265],[120.6246149,27.7881326],[120.6260043,27.7877387],[120.6264603,27.7875512]]}},{"type":"Feature","id":"way/881453650","properties":{"waterway":"canal","osm_type":"way","osm_id":881453650,"kind":"water","source_url":"https://www.openstreetmap.org/way/881453650","osmId":"way/881453650","source":"OpenStreetMap","name":""},"geometry":{"type":"LineString","coordinates":[[120.6322753,27.7977685],[120.6326508,27.7977661],[120.6354779,27.7978183],[120.6355959,27.7978942]]}},{"type":"Feature","id":"way/881453651","properties":{"waterway":"canal","osm_type":"way","osm_id":881453651,"kind":"water","source_url":"https://www.openstreetmap.org/way/881453651","osmId":"way/881453651","source":"OpenStreetMap","name":""},"geometry":{"type":"LineString","coordinates":[[120.6294858,27.7979844],[120.6300759,27.7980318],[120.6314009,27.7980413],[120.6317818,27.7979132]]}},{"type":"Feature","id":"way/881453652","properties":{"waterway":"canal","osm_type":"way","osm_id":881453652,"kind":"water","source_url":"https://www.openstreetmap.org/way/881453652","osmId":"way/881453652","source":"OpenStreetMap","name":""},"geometry":{"type":"LineString","coordinates":[[120.6300491,27.8028364],[120.6299847,27.8025991],[120.6298211,27.802267],[120.6296548,27.8020867],[120.6292149,27.8015172],[120.6291962,27.8013322],[120.6291103,27.8011424],[120.6290191,27.8010071],[120.6287965,27.8009478],[120.6280375,27.801038],[120.6279194,27.800981],[120.6278148,27.8008505],[120.6276217,27.8003926],[120.6271926,27.8004519],[120.6269914,27.8003997],[120.6262377,27.8001245],[120.625307,27.7996239],[120.625138,27.7994934],[120.6252426,27.7991517],[120.6252962,27.7987958],[120.6250226,27.7985396],[120.624792,27.7984328],[120.6236869,27.7973556],[120.6232068,27.7970733],[120.6229681,27.7968408],[120.6228769,27.7965655],[120.6229466,27.7961598],[120.6229573,27.7956544],[120.6228527,27.7952676],[120.6226274,27.79499],[120.6221259,27.7944538],[120.6216691,27.7936893]]}},{"type":"Feature","id":"way/881453653","properties":{"waterway":"stream","osm_type":"way","osm_id":881453653,"kind":"water","source_url":"https://www.openstreetmap.org/way/881453653","osmId":"way/881453653","source":"OpenStreetMap","name":""},"geometry":{"type":"LineString","coordinates":[[120.6392974,27.8139584],[120.6390908,27.8136097],[120.6390828,27.8133654],[120.6389272,27.8131898],[120.6386134,27.8129976],[120.6384337,27.8128079],[120.6384578,27.8125801],[120.6385946,27.8124046],[120.6392249,27.811987],[120.6396085,27.8115837],[120.6396702,27.8111614],[120.6396058,27.810993],[120.6393832,27.8107605],[120.6387556,27.8107747],[120.6381628,27.8107178],[120.6380072,27.8107368],[120.63757,27.8106822],[120.6370792,27.8104948],[120.6367949,27.8105399],[120.636304,27.8108103],[120.6359768,27.8110286],[120.6358132,27.8109859],[120.6349254,27.810528],[120.6347886,27.8101816],[120.634692,27.8096526],[120.634464,27.80891],[120.6342736,27.8085802],[120.6340402,27.8083193],[120.6337532,27.8080773],[120.6334582,27.8075031],[120.6331819,27.807152],[120.6326508,27.8068436],[120.632093,27.8063074],[120.6318676,27.8058258],[120.6314144,27.8053228],[120.6307706,27.8047012],[120.6307572,27.8045233],[120.6305104,27.804324],[120.6302476,27.803719],[120.630092,27.8034224],[120.6300491,27.8028364]]}},{"type":"Feature","id":"way/881453654","properties":{"waterway":"canal","osm_type":"way","osm_id":881453654,"kind":"water","source_url":"https://www.openstreetmap.org/way/881453654","osmId":"way/881453654","source":"OpenStreetMap","name":""},"geometry":{"type":"LineString","coordinates":[[120.6302096,27.7778294],[120.6302261,27.7783179],[120.6314385,27.7814978],[120.6316397,27.7821575]]}},{"type":"Feature","id":"way/893314565","properties":{"highway":"primary","oneway":"yes","osm_type":"way","osm_id":893314565,"kind":"road","source_url":"https://www.openstreetmap.org/way/893314565","osmId":"way/893314565","source":"OpenStreetMap","name":""},"geometry":{"type":"LineString","coordinates":[[120.6982491,27.7630891],[120.6980157,27.7629162]]}},{"type":"Feature","id":"way/904722539","properties":{"leisure":"park","name":"莘兴公园","osm_type":"way","osm_id":904722539,"kind":"park","source_url":"https://www.openstreetmap.org/way/904722539","osmId":"way/904722539","source":"OpenStreetMap"},"geometry":{"type":"Polygon","coordinates":[[[120.6723019,27.7835362],[120.6728142,27.7833345],[120.6729484,27.7834959],[120.6739113,27.7830877],[120.6734204,27.7820744],[120.672377,27.7822216],[120.6721437,27.782326],[120.6721598,27.7830925],[120.6723019,27.7835362]]]}},{"type":"Feature","id":"way/904722544","properties":{"highway":"primary","name":"万松路","oneway":"yes","osm_type":"way","osm_id":904722544,"kind":"road","source_url":"https://www.openstreetmap.org/way/904722544","osmId":"way/904722544","source":"OpenStreetMap"},"geometry":{"type":"LineString","coordinates":[[120.6307351,27.7853825],[120.6308357,27.7854199],[120.6313151,27.7853088],[120.6333053,27.784858],[120.634861,27.784483],[120.6357723,27.7841332],[120.6362826,27.7839373],[120.6378861,27.7831925],[120.638654,27.7828456]]}},{"type":"Feature","id":"way/904722545","properties":{"highway":"primary","name":"万松路","oneway":"yes","osm_type":"way","osm_id":904722545,"kind":"road","source_url":"https://www.openstreetmap.org/way/904722545","osmId":"way/904722545","source":"OpenStreetMap"},"geometry":{"type":"LineString","coordinates":[[120.6387095,27.7829825],[120.6379505,27.7833159],[120.6371785,27.7836468],[120.6365561,27.7839135],[120.6357954,27.7842245],[120.6348261,27.7846207],[120.6333559,27.7849793],[120.6308748,27.7855274],[120.6307867,27.7855485]]}},{"type":"Feature","id":"way/904722549","properties":{"natural":"water","osm_type":"way","osm_id":904722549,"kind":"water","source_url":"https://www.openstreetmap.org/way/904722549","osmId":"way/904722549","source":"OpenStreetMap","name":""},"geometry":{"type":"Polygon","coordinates":[[[120.6174937,27.7942901],[120.6202966,27.7933232],[120.6210396,27.7931701],[120.6212836,27.7932769],[120.6215572,27.7932816],[120.6212756,27.7928308],[120.6210691,27.7921902],[120.6210449,27.7919125],[120.6208518,27.7915804],[120.6209296,27.7914546],[120.6211469,27.7913573],[120.6216538,27.7909492],[120.6217155,27.79084],[120.6215921,27.7906858],[120.6215036,27.7908211],[120.6212917,27.7909587],[120.6210718,27.7910868],[120.6208894,27.7912173],[120.6203932,27.7914237],[120.6202993,27.7913692],[120.6198594,27.790916],[120.6189446,27.7903495],[120.6181012,27.7899134],[120.6179777,27.7901013],[120.6185962,27.790374],[120.6192402,27.7907428],[120.6197467,27.7912387],[120.6200176,27.7917251],[120.6203556,27.7920003],[120.6206104,27.79252],[120.6206506,27.7928973],[120.6203905,27.7930467],[120.6191432,27.7934406],[120.6179309,27.793946],[120.6173462,27.7941264],[120.6174937,27.7942901]]]}},{"type":"Feature","id":"way/911027470","properties":{"highway":"tertiary","osm_type":"way","osm_id":911027470,"kind":"road","source_url":"https://www.openstreetmap.org/way/911027470","osmId":"way/911027470","source":"OpenStreetMap","name":""},"geometry":{"type":"LineString","coordinates":[[120.6023794,27.7558684],[120.6028703,27.7562102],[120.6027925,27.756298],[120.6005609,27.7583796],[120.5974442,27.7613133],[120.5961292,27.7602363],[120.5957141,27.7598963],[120.5952314,27.7595569],[120.5944093,27.7588057],[120.5942416,27.7582965],[120.5942205,27.7582815],[120.5941708,27.7582462]]}},{"type":"Feature","id":"way/911027471","properties":{"highway":"tertiary","osm_type":"way","osm_id":911027471,"kind":"road","source_url":"https://www.openstreetmap.org/way/911027471","osmId":"way/911027471","source":"OpenStreetMap","name":""},"geometry":{"type":"LineString","coordinates":[[120.6038776,27.7538918],[120.6034577,27.7543754],[120.6031492,27.7547195],[120.6028971,27.7551088],[120.6026235,27.7554744],[120.6025047,27.7556661]]}},{"type":"Feature","id":"way/911027472","properties":{"natural":"water","osm_type":"way","osm_id":911027472,"kind":"water","source_url":"https://www.openstreetmap.org/way/911027472","osmId":"way/911027472","source":"OpenStreetMap","name":""},"geometry":{"type":"Polygon","coordinates":[[[120.5967807,27.7608156],[120.5969691,27.7609692],[120.5970713,27.7608837],[120.5972993,27.7606582],[120.5975783,27.7601906],[120.5980343,27.75964],[120.5984205,27.7591558],[120.598855,27.7588377],[120.5990535,27.7585956],[120.5997562,27.7579263],[120.5998743,27.7577649],[120.6001103,27.757594],[120.60018,27.7574895],[120.6005555,27.7571572],[120.6009847,27.7566873],[120.6014514,27.756336],[120.6018805,27.7559135],[120.6021059,27.7557141],[120.6022268,27.7556327],[120.6019488,27.7554091],[120.6018189,27.7555622],[120.6014621,27.7558684],[120.6012851,27.7560013],[120.6012556,27.7561674],[120.600923,27.7564119],[120.6008184,27.7565021],[120.6007165,27.7566018],[120.600467,27.756832],[120.6003705,27.7570243],[120.5999145,27.7573519],[120.5996489,27.757575],[120.599429,27.7577601],[120.5993673,27.7578717],[120.5991581,27.758071],[120.5988899,27.7583938],[120.5986565,27.7585196],[120.5984741,27.7586383],[120.5980584,27.7591415],[120.597766,27.7594429],[120.5972618,27.7600387],[120.5969909,27.7605087],[120.5968541,27.760708],[120.5967807,27.7608156]]]}},{"type":"Feature","id":"way/939436838","properties":{"highway":"unclassified","osm_type":"way","osm_id":939436838,"kind":"road","source_url":"https://www.openstreetmap.org/way/939436838","osmId":"way/939436838","source":"OpenStreetMap","name":""},"geometry":{"type":"LineString","coordinates":[[120.6681182,27.7687134],[120.6687256,27.7699081],[120.6688306,27.7700875]]}},{"type":"Feature","id":"way/939436839","properties":{"highway":"unclassified","service":"alley","osm_type":"way","osm_id":939436839,"kind":"road","source_url":"https://www.openstreetmap.org/way/939436839","osmId":"way/939436839","source":"OpenStreetMap","name":""},"geometry":{"type":"LineString","coordinates":[[120.6671643,27.7693527],[120.6665619,27.7696023]]}},{"type":"Feature","id":"way/939436840","properties":{"highway":"unclassified","service":"alley","osm_type":"way","osm_id":939436840,"kind":"road","source_url":"https://www.openstreetmap.org/way/939436840","osmId":"way/939436840","source":"OpenStreetMap","name":""},"geometry":{"type":"LineString","coordinates":[[120.6677413,27.770538],[120.6674795,27.7700004],[120.6671643,27.7693527],[120.6671381,27.7692989]]}},{"type":"Feature","id":"way/939436841","properties":{"highway":"unclassified","service":"alley","osm_type":"way","osm_id":939436841,"kind":"road","source_url":"https://www.openstreetmap.org/way/939436841","osmId":"way/939436841","source":"OpenStreetMap","name":""},"geometry":{"type":"LineString","coordinates":[[120.6674795,27.7700004],[120.6669105,27.770242]]}},{"type":"Feature","id":"way/939436842","properties":{"highway":"service","service":"alley","osm_type":"way","osm_id":939436842,"kind":"road","source_url":"https://www.openstreetmap.org/way/939436842","osmId":"way/939436842","source":"OpenStreetMap","name":""},"geometry":{"type":"LineString","coordinates":[[120.6634653,27.7697093],[120.6636666,27.7700497]]}},{"type":"Feature","id":"way/939436843","properties":{"highway":"service","service":"alley","osm_type":"way","osm_id":939436843,"kind":"road","source_url":"https://www.openstreetmap.org/way/939436843","osmId":"way/939436843","source":"OpenStreetMap","name":""},"geometry":{"type":"LineString","coordinates":[[120.6632323,27.7698072],[120.6634305,27.7702016]]}},{"type":"Feature","id":"way/939436844","properties":{"highway":"service","service":"alley","osm_type":"way","osm_id":939436844,"kind":"road","source_url":"https://www.openstreetmap.org/way/939436844","osmId":"way/939436844","source":"OpenStreetMap","name":""},"geometry":{"type":"LineString","coordinates":[[120.662966,27.7699102],[120.6631838,27.7702917]]}},{"type":"Feature","id":"way/939436845","properties":{"highway":"service","service":"alley","osm_type":"way","osm_id":939436845,"kind":"road","source_url":"https://www.openstreetmap.org/way/939436845","osmId":"way/939436845","source":"OpenStreetMap","name":""},"geometry":{"type":"LineString","coordinates":[[120.6627049,27.7700317],[120.662929,27.7704282]]}},{"type":"Feature","id":"way/939436846","properties":{"highway":"service","service":"alley","osm_type":"way","osm_id":939436846,"kind":"road","source_url":"https://www.openstreetmap.org/way/939436846","osmId":"way/939436846","source":"OpenStreetMap","name":""},"geometry":{"type":"LineString","coordinates":[[120.664184,27.7711616],[120.6637071,27.7713664],[120.6634795,27.7714671]]}},{"type":"Feature","id":"way/939436847","properties":{"highway":"service","service":"alley","osm_type":"way","osm_id":939436847,"kind":"road","source_url":"https://www.openstreetmap.org/way/939436847","osmId":"way/939436847","source":"OpenStreetMap","name":""},"geometry":{"type":"LineString","coordinates":[[120.6633181,27.7705621],[120.6637071,27.7713664]]}},{"type":"Feature","id":"way/939436848","properties":{"highway":"service","service":"alley","osm_type":"way","osm_id":939436848,"kind":"road","source_url":"https://www.openstreetmap.org/way/939436848","osmId":"way/939436848","source":"OpenStreetMap","name":""},"geometry":{"type":"LineString","coordinates":[[120.664076,27.7709136],[120.6646253,27.7706977]]}},{"type":"Feature","id":"way/939436849","properties":{"highway":"service","service":"alley","osm_type":"way","osm_id":939436849,"kind":"road","source_url":"https://www.openstreetmap.org/way/939436849","osmId":"way/939436849","source":"OpenStreetMap","name":""},"geometry":{"type":"LineString","coordinates":[[120.6641758,27.7711427],[120.6647406,27.7709472],[120.6652225,27.7707958]]}},{"type":"Feature","id":"way/939436850","properties":{"highway":"service","service":"alley","osm_type":"way","osm_id":939436850,"kind":"road","source_url":"https://www.openstreetmap.org/way/939436850","osmId":"way/939436850","source":"OpenStreetMap","name":""},"geometry":{"type":"LineString","coordinates":[[120.6642987,27.7714249],[120.664866,27.7712187],[120.6658105,27.7708445]]}},{"type":"Feature","id":"way/939436851","properties":{"highway":"service","service":"alley","osm_type":"way","osm_id":939436851,"kind":"road","source_url":"https://www.openstreetmap.org/way/939436851","osmId":"way/939436851","source":"OpenStreetMap","name":""},"geometry":{"type":"LineString","coordinates":[[120.6645486,27.7705317],[120.6646253,27.7706977],[120.6647406,27.7709472],[120.664866,27.7712187]]}},{"type":"Feature","id":"way/939436852","properties":{"highway":"unclassified","osm_type":"way","osm_id":939436852,"kind":"road","source_url":"https://www.openstreetmap.org/way/939436852","osmId":"way/939436852","source":"OpenStreetMap","name":""},"geometry":{"type":"LineString","coordinates":[[120.6655363,27.7687511],[120.665507,27.7690321],[120.6653686,27.7691093],[120.6653439,27.7691311],[120.6653344,27.7691596],[120.6653098,27.7692452],[120.6652927,27.7692788],[120.6651979,27.7693358]]}},{"type":"Feature","id":"way/939436853","properties":{"highway":"unclassified","osm_type":"way","osm_id":939436853,"kind":"road","source_url":"https://www.openstreetmap.org/way/939436853","osmId":"way/939436853","source":"OpenStreetMap","name":""},"geometry":{"type":"LineString","coordinates":[[120.6666975,27.7683514],[120.6669143,27.7688055],[120.6671381,27.7692989]]}},{"type":"Feature","id":"way/939436854","properties":{"highway":"unclassified","osm_type":"way","osm_id":939436854,"kind":"road","source_url":"https://www.openstreetmap.org/way/939436854","osmId":"way/939436854","source":"OpenStreetMap","name":""},"geometry":{"type":"LineString","coordinates":[[120.665892,27.7691294],[120.6661784,27.7690707],[120.6663282,27.7690287],[120.6669143,27.7688055]]}},{"type":"Feature","id":"way/939436855","properties":{"highway":"unclassified","osm_type":"way","osm_id":939436855,"kind":"road","source_url":"https://www.openstreetmap.org/way/939436855","osmId":"way/939436855","source":"OpenStreetMap","name":""},"geometry":{"type":"LineString","coordinates":[[120.666461,27.7693761],[120.666552,27.7695842],[120.6665619,27.7696023],[120.6669105,27.770242]]}},{"type":"Feature","id":"way/939436856","properties":{"highway":"unclassified","osm_type":"way","osm_id":939436856,"kind":"road","source_url":"https://www.openstreetmap.org/way/939436856","osmId":"way/939436856","source":"OpenStreetMap","name":""},"geometry":{"type":"LineString","coordinates":[[120.6643785,27.7705819],[120.6645255,27.770534],[120.6645486,27.7705317],[120.6645928,27.7705273],[120.6648451,27.7705693],[120.6649684,27.770571],[120.6652529,27.7704854],[120.6653629,27.7704233],[120.665452,27.7703327],[120.6655355,27.7702219],[120.6655924,27.7701716],[120.6657289,27.7700843],[120.6659224,27.769997],[120.6660456,27.7699265],[120.6660874,27.7698829],[120.6661765,27.7698057],[120.6662562,27.7697487],[120.666552,27.7695842]]}},{"type":"Feature","id":"way/939436857","properties":{"highway":"unclassified","osm_type":"way","osm_id":939436857,"kind":"road","source_url":"https://www.openstreetmap.org/way/939436857","osmId":"way/939436857","source":"OpenStreetMap","name":""},"geometry":{"type":"LineString","coordinates":[[120.6660874,27.7698829],[120.6664269,27.770581],[120.6665008,27.7708411],[120.6664951,27.7709234]]}},{"type":"Feature","id":"way/939436858","properties":{"highway":"unclassified","osm_type":"way","osm_id":939436858,"kind":"road","source_url":"https://www.openstreetmap.org/way/939436858","osmId":"way/939436858","source":"OpenStreetMap","name":""},"geometry":{"type":"LineString","coordinates":[[120.6642895,27.7692819],[120.6645246,27.7697134]]}},{"type":"Feature","id":"way/939436859","properties":{"bridge":"yes","highway":"unclassified","layer":"1","osm_type":"way","osm_id":939436859,"kind":"road","source_url":"https://www.openstreetmap.org/way/939436859","osmId":"way/939436859","source":"OpenStreetMap","name":""},"geometry":{"type":"LineString","coordinates":[[120.6644693,27.7699244],[120.6645246,27.7697134]]}},{"type":"Feature","id":"way/939436860","properties":{"highway":"unclassified","osm_type":"way","osm_id":939436860,"kind":"road","source_url":"https://www.openstreetmap.org/way/939436860","osmId":"way/939436860","source":"OpenStreetMap","name":""},"geometry":{"type":"LineString","coordinates":[[120.6630793,27.7714302],[120.6628347,27.7709099],[120.662829,27.770868],[120.6628404,27.7708294],[120.6629911,27.7706942],[120.6630775,27.7706532],[120.6633181,27.7705621],[120.663379,27.7705391],[120.6636901,27.7704048],[120.6638361,27.7703629],[120.6638873,27.7703209],[120.663984,27.7702219],[120.6641244,27.7701346],[120.6644487,27.7699316],[120.6644693,27.7699244],[120.6645113,27.7699098],[120.6646858,27.7698846],[120.6649096,27.769877]]}},{"type":"Feature","id":"way/939436861","properties":{"highway":"unclassified","osm_type":"way","osm_id":939436861,"kind":"road","source_url":"https://www.openstreetmap.org/way/939436861","osmId":"way/939436861","source":"OpenStreetMap","name":""},"geometry":{"type":"LineString","coordinates":[[120.6634018,27.7717759],[120.66428,27.7713821]]}},{"type":"Feature","id":"way/939436862","properties":{"highway":"tertiary","osm_type":"way","osm_id":939436862,"kind":"road","source_url":"https://www.openstreetmap.org/way/939436862","osmId":"way/939436862","source":"OpenStreetMap","name":""},"geometry":{"type":"LineString","coordinates":[[120.6700759,27.7703169],[120.6725064,27.7690921],[120.6730803,27.768786],[120.6733641,27.7684809],[120.6740481,27.7679564],[120.6744343,27.7676408],[120.6745757,27.7675252],[120.6746541,27.7674486]]}},{"type":"Feature","id":"way/939436863","properties":{"bridge":"yes","highway":"tertiary","layer":"1","osm_type":"way","osm_id":939436863,"kind":"road","source_url":"https://www.openstreetmap.org/way/939436863","osmId":"way/939436863","source":"OpenStreetMap","name":""},"geometry":{"type":"LineString","coordinates":[[120.6632607,27.7725508],[120.6635429,27.7724635]]}},{"type":"Feature","id":"way/939436864","properties":{"highway":"tertiary","osm_type":"way","osm_id":939436864,"kind":"road","source_url":"https://www.openstreetmap.org/way/939436864","osmId":"way/939436864","source":"OpenStreetMap","name":""},"geometry":{"type":"LineString","coordinates":[[120.6613847,27.7731074],[120.6615566,27.7730788],[120.6632607,27.7725508]]}},{"type":"Feature","id":"way/939436865","properties":{"highway":"unclassified","osm_type":"way","osm_id":939436865,"kind":"road","source_url":"https://www.openstreetmap.org/way/939436865","osmId":"way/939436865","source":"OpenStreetMap","name":""},"geometry":{"type":"LineString","coordinates":[[120.6644828,27.7716651],[120.6646455,27.7720861],[120.6653706,27.7736715],[120.6657011,27.7743618],[120.665873,27.7747526],[120.666106,27.7753728]]}},{"type":"Feature","id":"way/939436866","properties":{"highway":"unclassified","osm_type":"way","osm_id":939436866,"kind":"road","source_url":"https://www.openstreetmap.org/way/939436866","osmId":"way/939436866","source":"OpenStreetMap","name":""},"geometry":{"type":"LineString","coordinates":[[120.6697333,27.7697104],[120.6688306,27.7700875],[120.6678341,27.7705038],[120.6677413,27.770538],[120.6667208,27.7709133],[120.6666355,27.7709284],[120.6664951,27.7709234],[120.6664022,27.7709401],[120.6651827,27.7713983],[120.6644828,27.7716651]]}},{"type":"Feature","id":"way/939436867","properties":{"highway":"unclassified","osm_type":"way","osm_id":939436867,"kind":"road","source_url":"https://www.openstreetmap.org/way/939436867","osmId":"way/939436867","source":"OpenStreetMap","name":""},"geometry":{"type":"LineString","coordinates":[[120.6638361,27.7703629],[120.664076,27.7709136],[120.6641758,27.7711427],[120.664184,27.7711616],[120.66428,27.7713821],[120.6642987,27.7714249],[120.664407,27.7716735],[120.6644392,27.7716785],[120.6644828,27.7716651]]}},{"type":"Feature","id":"way/939436868","properties":{"waterway":"canal","osm_type":"way","osm_id":939436868,"kind":"water","source_url":"https://www.openstreetmap.org/way/939436868","osmId":"way/939436868","source":"OpenStreetMap","name":""},"geometry":{"type":"LineString","coordinates":[[120.6623602,27.7702823],[120.6633225,27.7723791],[120.6645241,27.7753693],[120.6647159,27.7759819]]}},{"type":"Feature","id":"way/939436869","properties":{"layer":"-1","tunnel":"y]","waterway":"canal","osm_type":"way","osm_id":939436869,"kind":"water","source_url":"https://www.openstreetmap.org/way/939436869","osmId":"way/939436869","source":"OpenStreetMap","name":""},"geometry":{"type":"LineString","coordinates":[[120.6620899,27.7698532],[120.6623602,27.7702823]]}},{"type":"Feature","id":"way/939436870","properties":{"natural":"water","osm_type":"way","osm_id":939436870,"kind":"water","source_url":"https://www.openstreetmap.org/way/939436870","osmId":"way/939436870","source":"OpenStreetMap","name":""},"geometry":{"type":"Polygon","coordinates":[[[120.6622504,27.7703273],[120.6623602,27.7702823],[120.6624676,27.7702383],[120.6626031,27.7704294],[120.6626527,27.7704804],[120.6629021,27.7704851],[120.6632052,27.7703689],[120.6634721,27.7702549],[120.6637122,27.7700959],[120.6638745,27.7699381],[120.6640689,27.769785],[120.6640837,27.7697589],[120.6640756,27.7697103],[120.6640528,27.7696758],[120.6642956,27.7695679],[120.6643385,27.7695679],[120.6643734,27.7695738],[120.6644605,27.769677],[120.6645477,27.7697411],[120.6647448,27.7697399],[120.6654194,27.7696474],[120.6656917,27.7695192],[120.6657212,27.7694789],[120.6657332,27.7694243],[120.6657533,27.76934],[120.6656823,27.7691668],[120.6656957,27.7691549],[120.6656595,27.7690707],[120.6656581,27.769041],[120.6656742,27.7690089],[120.6657171,27.7689662],[120.665752,27.7688986],[120.6658003,27.7688737],[120.6658432,27.7688796],[120.6659076,27.7688725],[120.6659451,27.7688594],[120.6659921,27.7688132],[120.6659666,27.768742],[120.6660135,27.7687206],[120.6660752,27.7688262],[120.6660269,27.7689437],[120.6658606,27.7690291],[120.6658271,27.7690707],[120.6658271,27.7691063],[120.6658848,27.7693044],[120.665929,27.76934],[120.6660055,27.7693911],[120.6662522,27.769321],[120.6662657,27.7693922],[120.6662053,27.7695287],[120.666216,27.769569],[120.6662013,27.7696272],[120.666153,27.7696592],[120.6658003,27.7698443],[120.665693,27.7699606],[120.6654918,27.7700876],[120.665469,27.7701386],[120.6654328,27.7702098],[120.6653242,27.7703166],[120.6651271,27.7704163],[120.6649447,27.7704756],[120.6647851,27.7704697],[120.6646617,27.7704543],[120.6646201,27.7704495],[120.6645692,27.7703427],[120.6645732,27.7703095],[120.6645973,27.770287],[120.6646268,27.7702739],[120.6646577,27.7702632],[120.6646724,27.7702751],[120.6647422,27.7702502],[120.664887,27.7703617],[120.6649313,27.7703546],[120.6652075,27.770249],[120.6652317,27.7702122],[120.6652236,27.7701446],[120.6652612,27.7699974],[120.6652679,27.7699606],[120.6652504,27.7699215],[120.665178,27.7698123],[120.6651378,27.7697732],[120.6651056,27.7697554],[120.66506,27.7697482],[120.6650077,27.7697672],[120.6650023,27.769785],[120.6645946,27.7697981],[120.6644873,27.7698159],[120.6643707,27.7698562],[120.6643076,27.769855],[120.6642822,27.7698538],[120.6640354,27.7700283],[120.6637886,27.7702003],[120.6637685,27.7702537],[120.6636599,27.770287],[120.6636116,27.7703012],[120.6635352,27.7703214],[120.6633622,27.7703878],[120.6633072,27.7704246],[120.6628874,27.7705931],[120.6628539,27.7706275],[120.6627855,27.7707438],[120.6627533,27.770872],[120.6627949,27.7709479],[120.662937,27.7712351],[120.6630376,27.7714653],[120.6631127,27.7717204],[120.6631637,27.7718438],[120.6633072,27.7721286],[120.6636143,27.7725973],[120.6637041,27.7727955],[120.6634171,27.7728608],[120.6633809,27.7727836],[120.6633729,27.7726958],[120.6633394,27.7726033],[120.663165,27.7722496],[120.6631328,27.7722449],[120.6630778,27.7722235],[120.6629598,27.7719898],[120.6629639,27.7719233],[120.6627788,27.7715258],[120.6625682,27.7710132],[120.6622504,27.7703273]]]}},{"type":"Feature","id":"way/939442990","properties":{"highway":"service","oneway":"yes","osm_type":"way","osm_id":939442990,"kind":"road","source_url":"https://www.openstreetmap.org/way/939442990","osmId":"way/939442990","source":"OpenStreetMap","name":""},"geometry":{"type":"LineString","coordinates":[[120.6665964,27.7411401],[120.6668032,27.7413799]]}},{"type":"Feature","id":"way/939442991","properties":{"highway":"service","oneway":"yes","osm_type":"way","osm_id":939442991,"kind":"road","source_url":"https://www.openstreetmap.org/way/939442991","osmId":"way/939442991","source":"OpenStreetMap","name":""},"geometry":{"type":"LineString","coordinates":[[120.6665919,27.7415218],[120.6663947,27.7412788]]}},{"type":"Feature","id":"way/939442992","properties":{"highway":"service","osm_type":"way","osm_id":939442992,"kind":"road","source_url":"https://www.openstreetmap.org/way/939442992","osmId":"way/939442992","source":"OpenStreetMap","name":""},"geometry":{"type":"LineString","coordinates":[[120.6668447,27.7404331],[120.6670401,27.7402727],[120.6687131,27.738941],[120.6687668,27.7389362],[120.6691289,27.7393089],[120.6691557,27.7393683],[120.6691396,27.7394324],[120.6691155,27.7394561],[120.6676228,27.7406324],[120.6675625,27.7406538],[120.667486,27.7406514],[120.667423,27.7406241],[120.6670401,27.7402727]]}},{"type":"Feature","id":"way/939443001","properties":{"highway":"unclassified","osm_type":"way","osm_id":939443001,"kind":"road","source_url":"https://www.openstreetmap.org/way/939443001","osmId":"way/939443001","source":"OpenStreetMap","name":""},"geometry":{"type":"LineString","coordinates":[[120.6616512,27.7398597],[120.6609024,27.7404858]]}},{"type":"Feature","id":"way/939443002","properties":{"highway":"unclassified","osm_type":"way","osm_id":939443002,"kind":"road","source_url":"https://www.openstreetmap.org/way/939443002","osmId":"way/939443002","source":"OpenStreetMap","name":""},"geometry":{"type":"LineString","coordinates":[[120.6612065,27.7407823],[120.6619376,27.7401652]]}},{"type":"Feature","id":"way/939443003","properties":{"highway":"service","osm_type":"way","osm_id":939443003,"kind":"road","source_url":"https://www.openstreetmap.org/way/939443003","osmId":"way/939443003","source":"OpenStreetMap","name":""},"geometry":{"type":"LineString","coordinates":[[120.6643689,27.7407296],[120.6642628,27.7408081],[120.6637147,27.7412462],[120.6637185,27.7412748],[120.6639082,27.7414493]]}},{"type":"Feature","id":"way/939443004","properties":{"highway":"service","osm_type":"way","osm_id":939443004,"kind":"road","source_url":"https://www.openstreetmap.org/way/939443004","osmId":"way/939443004","source":"OpenStreetMap","name":""},"geometry":{"type":"LineString","coordinates":[[120.6636825,27.7415402],[120.6638475,27.7414544],[120.6639082,27.7414493],[120.6640599,27.7414628],[120.6641206,27.7414443],[120.6645246,27.7411338],[120.6645322,27.7411036],[120.6645227,27.7410482],[120.6642628,27.7408081]]}},{"type":"Feature","id":"way/939443005","properties":{"highway":"service","osm_type":"way","osm_id":939443005,"kind":"road","source_url":"https://www.openstreetmap.org/way/939443005","osmId":"way/939443005","source":"OpenStreetMap","name":""},"geometry":{"type":"LineString","coordinates":[[120.6650979,27.7421775],[120.6646936,27.7417113]]}},{"type":"Feature","id":"way/939443006","properties":{"highway":"service","osm_type":"way","osm_id":939443006,"kind":"road","source_url":"https://www.openstreetmap.org/way/939443006","osmId":"way/939443006","source":"OpenStreetMap","name":""},"geometry":{"type":"LineString","coordinates":[[120.6649538,27.7422731],[120.6645539,27.7418075]]}},{"type":"Feature","id":"way/939443007","properties":{"highway":"service","osm_type":"way","osm_id":939443007,"kind":"road","source_url":"https://www.openstreetmap.org/way/939443007","osmId":"way/939443007","source":"OpenStreetMap","name":""},"geometry":{"type":"LineString","coordinates":[[120.664498,27.7421812],[120.6643349,27.7420016],[120.664333,27.7419596],[120.6644088,27.7419074],[120.6645539,27.7418075],[120.6646936,27.7417113],[120.6647863,27.7416474],[120.6648337,27.7416508],[120.6648697,27.7416743],[120.6652157,27.7420993]]}},{"type":"Feature","id":"way/939443008","properties":{"highway":"service","osm_type":"way","osm_id":939443008,"kind":"road","source_url":"https://www.openstreetmap.org/way/939443008","osmId":"way/939443008","source":"OpenStreetMap","name":""},"geometry":{"type":"LineString","coordinates":[[120.6647951,27.7423785],[120.6644088,27.7419074]]}},{"type":"Feature","id":"way/939443009","properties":{"highway":"service","osm_type":"way","osm_id":939443009,"kind":"road","source_url":"https://www.openstreetmap.org/way/939443009","osmId":"way/939443009","source":"OpenStreetMap","name":""},"geometry":{"type":"LineString","coordinates":[[120.6659574,27.7415793],[120.6655552,27.7410994]]}},{"type":"Feature","id":"way/939443010","properties":{"highway":"service","osm_type":"way","osm_id":939443010,"kind":"road","source_url":"https://www.openstreetmap.org/way/939443010","osmId":"way/939443010","source":"OpenStreetMap","name":""},"geometry":{"type":"LineString","coordinates":[[120.6654587,27.7419305],[120.6653211,27.7417834]]}},{"type":"Feature","id":"way/939443011","properties":{"highway":"service","osm_type":"way","osm_id":939443011,"kind":"road","source_url":"https://www.openstreetmap.org/way/939443011","osmId":"way/939443011","source":"OpenStreetMap","name":""},"geometry":{"type":"LineString","coordinates":[[120.6665904,27.7403681],[120.6664895,27.7404757],[120.6655552,27.7410994],[120.6650082,27.7414645],[120.6649779,27.7415014],[120.6649798,27.7415383],[120.6653827,27.741985]]}},{"type":"Feature","id":"way/939443012","properties":{"highway":"service","osm_type":"way","osm_id":939443012,"kind":"road","source_url":"https://www.openstreetmap.org/way/939443012","osmId":"way/939443012","source":"OpenStreetMap","name":""},"geometry":{"type":"LineString","coordinates":[[120.6637543,27.7432133],[120.6646013,27.7426146],[120.6646991,27.7425304],[120.6647028,27.7425001],[120.6647028,27.7424632],[120.6647256,27.7424246],[120.6647951,27.7423785],[120.6649538,27.7422731],[120.6650979,27.7421775],[120.6652157,27.7420993],[120.6653173,27.7420318],[120.6653827,27.741985],[120.6654587,27.7419305],[120.665746,27.7417246],[120.6659574,27.7415793],[120.6663947,27.7412788],[120.6665964,27.7411401],[120.6668327,27.7409777],[120.6668365,27.7409374],[120.6664895,27.7404757]]}},{"type":"Feature","id":"way/939443014","properties":{"highway":"unclassified","osm_type":"way","osm_id":939443014,"kind":"road","source_url":"https://www.openstreetmap.org/way/939443014","osmId":"way/939443014","source":"OpenStreetMap","name":""},"geometry":{"type":"LineString","coordinates":[[120.660165,27.7405086],[120.660579,27.7401705],[120.6608121,27.7399802],[120.6614999,27.7394186]]}},{"type":"Feature","id":"way/939443015","properties":{"highway":"unclassified","osm_type":"way","osm_id":939443015,"kind":"road","source_url":"https://www.openstreetmap.org/way/939443015","osmId":"way/939443015","source":"OpenStreetMap","name":""},"geometry":{"type":"LineString","coordinates":[[120.6594479,27.7398093],[120.660165,27.7405086],[120.6610386,27.7413604],[120.6610652,27.7413688],[120.6614735,27.7410427],[120.661949,27.740647]]}},{"type":"Feature","id":"way/939443016","properties":{"highway":"unclassified","osm_type":"way","osm_id":939443016,"kind":"road","source_url":"https://www.openstreetmap.org/way/939443016","osmId":"way/939443016","source":"OpenStreetMap","name":""},"geometry":{"type":"LineString","coordinates":[[120.6609944,27.7389079],[120.6602018,27.7393699],[120.6594479,27.7398093],[120.659013,27.7400628],[120.6589808,27.7401081],[120.6589599,27.7402206],[120.6589694,27.7402676],[120.6589827,27.7403062],[120.6596086,27.7409155],[120.6609191,27.7421595],[120.6618472,27.7430405]]}},{"type":"Feature","id":"way/939443017","properties":{"highway":"unclassified","osm_type":"way","osm_id":939443017,"kind":"road","source_url":"https://www.openstreetmap.org/way/939443017","osmId":"way/939443017","source":"OpenStreetMap","name":""},"geometry":{"type":"LineString","coordinates":[[120.6592908,27.7411536],[120.6594187,27.7410578],[120.6596086,27.7409155]]}},{"type":"Feature","id":"way/939443018","properties":{"highway":"service","osm_type":"way","osm_id":939443018,"kind":"road","source_url":"https://www.openstreetmap.org/way/939443018","osmId":"way/939443018","source":"OpenStreetMap","name":""},"geometry":{"type":"LineString","coordinates":[[120.6634474,27.741315],[120.6639632,27.7408853]]}},{"type":"Feature","id":"way/939443019","properties":{"highway":"unclassified","osm_type":"way","osm_id":939443019,"kind":"road","source_url":"https://www.openstreetmap.org/way/939443019","osmId":"way/939443019","source":"OpenStreetMap","name":""},"geometry":{"type":"LineString","coordinates":[[120.6631662,27.7403059],[120.6635232,27.7406403],[120.6635763,27.7406352],[120.6639701,27.7403274]]}},{"type":"Feature","id":"way/939443020","properties":{"highway":"unclassified","osm_type":"way","osm_id":939443020,"kind":"road","source_url":"https://www.openstreetmap.org/way/939443020","osmId":"way/939443020","source":"OpenStreetMap","name":""},"geometry":{"type":"LineString","coordinates":[[120.6637394,27.7416071],[120.663912,27.7416189],[120.664003,27.7415937],[120.6641092,27.7415282],[120.6646953,27.7410935],[120.6647066,27.7410683],[120.6643689,27.7407296],[120.6640087,27.7403683],[120.6639701,27.7403274],[120.6636071,27.7399423]]}},{"type":"Feature","id":"way/939443021","properties":{"highway":"service","osm_type":"way","osm_id":939443021,"kind":"road","source_url":"https://www.openstreetmap.org/way/939443021","osmId":"way/939443021","source":"OpenStreetMap","name":""},"geometry":{"type":"LineString","coordinates":[[120.6631536,27.7435395],[120.6629561,27.7432605],[120.6629656,27.7432287],[120.6632026,27.7430809],[120.6632519,27.7430877],[120.6634586,27.7433619]]}},{"type":"Feature","id":"way/939443022","properties":{"highway":"service","osm_type":"way","osm_id":939443022,"kind":"road","source_url":"https://www.openstreetmap.org/way/939443022","osmId":"way/939443022","source":"OpenStreetMap","name":""},"geometry":{"type":"LineString","coordinates":[[120.6633414,27.74266],[120.6621804,27.743425],[120.6621823,27.7434536],[120.6625464,27.7438296],[120.6625843,27.7438346],[120.6626697,27.7438212],[120.6631536,27.7435395],[120.6634586,27.7433619],[120.663742,27.7431969]]}},{"type":"Feature","id":"way/939443023","properties":{"highway":"unclassified","osm_type":"way","osm_id":939443023,"kind":"road","source_url":"https://www.openstreetmap.org/way/939443023","osmId":"way/939443023","source":"OpenStreetMap","name":""},"geometry":{"type":"LineString","coordinates":[[120.6632878,27.7425881],[120.6633414,27.74266],[120.663742,27.7431969],[120.6637543,27.7432133],[120.663866,27.7433631]]}},{"type":"Feature","id":"way/939443024","properties":{"bridge":"yes","highway":"unclassified","layer":"1","osm_type":"way","osm_id":939443024,"kind":"road","source_url":"https://www.openstreetmap.org/way/939443024","osmId":"way/939443024","source":"OpenStreetMap","name":""},"geometry":{"type":"LineString","coordinates":[[120.6631179,27.7423605],[120.6632878,27.7425881]]}},{"type":"Feature","id":"way/939443025","properties":{"highway":"unclassified","osm_type":"way","osm_id":939443025,"kind":"road","source_url":"https://www.openstreetmap.org/way/939443025","osmId":"way/939443025","source":"OpenStreetMap","name":""},"geometry":{"type":"LineString","coordinates":[[120.6629932,27.7421933],[120.6631179,27.7423605]]}},{"type":"Feature","id":"way/939443026","properties":{"highway":"unclassified","osm_type":"way","osm_id":939443026,"kind":"road","source_url":"https://www.openstreetmap.org/way/939443026","osmId":"way/939443026","source":"OpenStreetMap","name":""},"geometry":{"type":"LineString","coordinates":[[120.660579,27.7401705],[120.6609024,27.7404858],[120.6612065,27.7407823],[120.6614735,27.7410427],[120.66184,27.7413999],[120.6627962,27.7423321]]}},{"type":"Feature","id":"way/939443027","properties":{"highway":"unclassified","osm_type":"way","osm_id":939443027,"kind":"road","source_url":"https://www.openstreetmap.org/way/939443027","osmId":"way/939443027","source":"OpenStreetMap","name":""},"geometry":{"type":"LineString","coordinates":[[120.660788,27.7386995],[120.6608559,27.738768],[120.6609944,27.7389079],[120.6612534,27.7391696],[120.6614999,27.7394186],[120.6621064,27.7400309],[120.6627511,27.7406483],[120.6634474,27.741315],[120.6636825,27.7415402],[120.6637261,27.741582],[120.6637394,27.7416071],[120.6637413,27.7416491],[120.6637109,27.7416877],[120.6629932,27.7421933],[120.6627962,27.7423321],[120.6626697,27.7424213]]}},{"type":"Feature","id":"way/939443028","properties":{"highway":"unclassified","osm_type":"way","osm_id":939443028,"kind":"road","source_url":"https://www.openstreetmap.org/way/939443028","osmId":"way/939443028","source":"OpenStreetMap","name":""},"geometry":{"type":"LineString","coordinates":[[120.6651029,27.7362927],[120.6636332,27.7374894],[120.6636047,27.7375264],[120.6635895,27.7375734],[120.6635727,27.7376564],[120.663563,27.7377043],[120.6635497,27.7377463],[120.6635099,27.7377866],[120.6633107,27.7379511],[120.663288,27.7379712],[120.663288,27.7379897],[120.6632918,27.7380115],[120.6638285,27.7385906],[120.6638323,27.7386242],[120.6638152,27.7386561],[120.6631969,27.7391535],[120.6621064,27.7400309]]}},{"type":"Feature","id":"way/939443030","properties":{"highway":"unclassified","osm_type":"way","osm_id":939443030,"kind":"road","source_url":"https://www.openstreetmap.org/way/939443030","osmId":"way/939443030","source":"OpenStreetMap","name":""},"geometry":{"type":"LineString","coordinates":[[120.668204,27.7383741],[120.6679538,27.7385697],[120.667635,27.7388189],[120.6662959,27.7398899],[120.6661876,27.7399765],[120.6650385,27.7408954]]}},{"type":"Feature","id":"way/939443033","properties":{"highway":"unclassified","oneway":"yes","osm_type":"way","osm_id":939443033,"kind":"road","source_url":"https://www.openstreetmap.org/way/939443033","osmId":"way/939443033","source":"OpenStreetMap","name":""},"geometry":{"type":"LineString","coordinates":[[120.6647209,27.7383309],[120.6651025,27.7387086],[120.665453,27.7390555],[120.6662959,27.7398899],[120.6668447,27.7404331],[120.6673975,27.7409803],[120.6675964,27.7411772]]}},{"type":"Feature","id":"way/939443034","properties":{"highway":"unclassified","oneway":"yes","osm_type":"way","osm_id":939443034,"kind":"road","source_url":"https://www.openstreetmap.org/way/939443034","osmId":"way/939443034","source":"OpenStreetMap","name":""},"geometry":{"type":"LineString","coordinates":[[120.667494,27.7412467],[120.6672927,27.741051],[120.6665904,27.7403681],[120.6661876,27.7399765],[120.6653374,27.7391499],[120.6649841,27.7388063],[120.6645971,27.7384301]]}},{"type":"Feature","id":"way/939443035","properties":{"highway":"unclassified","osm_type":"way","osm_id":939443035,"kind":"road","source_url":"https://www.openstreetmap.org/way/939443035","osmId":"way/939443035","source":"OpenStreetMap","name":""},"geometry":{"type":"LineString","coordinates":[[120.6607065,27.742335],[120.6609191,27.7421595],[120.66184,27.7413999],[120.6627511,27.7406483],[120.6631662,27.7403059],[120.6636071,27.7399423],[120.6638322,27.7397565],[120.6649841,27.7388063],[120.6651025,27.7387086]]}},{"type":"Feature","id":"way/952621380","properties":{"highway":"trunk","lanes":"2","name":"瑞友线","oneway":"yes","ref":"G322;S330","source":"OpenStreetMap","osm_type":"way","osm_id":952621380,"kind":"road","source_url":"https://www.openstreetmap.org/way/952621380","osmId":"way/952621380"},"geometry":{"type":"LineString","coordinates":[[120.6109224,27.7534341],[120.6114367,27.7524004],[120.6116514,27.7518886],[120.6125232,27.7498333],[120.6131929,27.7482142],[120.6147661,27.7446754],[120.6158183,27.7426997],[120.6173926,27.740038],[120.6176818,27.7396576]]}},{"type":"Feature","id":"way/952621381","properties":{"highway":"trunk","lanes":"2","name":"瑞友线","oneway":"yes","ref":"G322;S330","source":"OpenStreetMap","osm_type":"way","osm_id":952621381,"kind":"road","source_url":"https://www.openstreetmap.org/way/952621381","osmId":"way/952621381"},"geometry":{"type":"LineString","coordinates":[[120.6176937,27.7397816],[120.6174677,27.7400789],[120.6159186,27.7427727],[120.6148473,27.7447056],[120.6132751,27.7482421],[120.6115183,27.7524297],[120.6112356,27.7529979],[120.6110356,27.7533999]]}},{"type":"Feature","id":"way/954219765","properties":{"bridge":"yes","highway":"tertiary","layer":"1","osm_type":"way","osm_id":954219765,"kind":"road","source_url":"https://www.openstreetmap.org/way/954219765","osmId":"way/954219765","source":"OpenStreetMap","name":""},"geometry":{"type":"LineString","coordinates":[[120.6864956,27.7931296],[120.6859976,27.7933029]]}},{"type":"Feature","id":"way/954219766","properties":{"highway":"tertiary","osm_type":"way","osm_id":954219766,"kind":"road","source_url":"https://www.openstreetmap.org/way/954219766","osmId":"way/954219766","source":"OpenStreetMap","name":""},"geometry":{"type":"LineString","coordinates":[[120.6859976,27.7933029],[120.6857136,27.7934134],[120.6848145,27.7937633],[120.6843135,27.7940753],[120.6812799,27.7961135],[120.6809915,27.7963926],[120.6809049,27.7964821]]}},{"type":"Feature","id":"way/954221622","properties":{"bridge":"yes","highway":"secondary","layer":"1","osm_type":"way","osm_id":954221622,"kind":"road","source_url":"https://www.openstreetmap.org/way/954221622","osmId":"way/954221622","source":"OpenStreetMap","name":""},"geometry":{"type":"LineString","coordinates":[[120.6900984,27.8074676],[120.690785,27.807209]]}},{"type":"Feature","id":"way/954221623","properties":{"highway":"secondary","osm_type":"way","osm_id":954221623,"kind":"road","source_url":"https://www.openstreetmap.org/way/954221623","osmId":"way/954221623","source":"OpenStreetMap","name":""},"geometry":{"type":"LineString","coordinates":[[120.6890519,27.807872],[120.6892058,27.8078266],[120.6900984,27.8074676]]}},{"type":"Feature","id":"way/954221624","properties":{"bridge":"yes","highway":"tertiary","layer":"1","osm_type":"way","osm_id":954221624,"kind":"road","source_url":"https://www.openstreetmap.org/way/954221624","osmId":"way/954221624","source":"OpenStreetMap","name":""},"geometry":{"type":"LineString","coordinates":[[120.690262,27.8051496],[120.6896371,27.8052825]]}},{"type":"Feature","id":"way/954221625","properties":{"highway":"tertiary","osm_type":"way","osm_id":954221625,"kind":"road","source_url":"https://www.openstreetmap.org/way/954221625","osmId":"way/954221625","source":"OpenStreetMap","name":""},"geometry":{"type":"LineString","coordinates":[[120.6896371,27.8052825],[120.688286,27.8057425],[120.6881153,27.8057809]]}},{"type":"Feature","id":"way/954221626","properties":{"bridge":"yes","highway":"tertiary","layer":"1","osm_type":"way","osm_id":954221626,"kind":"road","source_url":"https://www.openstreetmap.org/way/954221626","osmId":"way/954221626","source":"OpenStreetMap","name":""},"geometry":{"type":"LineString","coordinates":[[120.688245,27.8004638],[120.6887653,27.8003165]]}},{"type":"Feature","id":"way/954221627","properties":{"highway":"tertiary","osm_type":"way","osm_id":954221627,"kind":"road","source_url":"https://www.openstreetmap.org/way/954221627","osmId":"way/954221627","source":"OpenStreetMap","name":""},"geometry":{"type":"LineString","coordinates":[[120.6887653,27.8003165],[120.6894472,27.8001234],[120.6919016,27.7984519]]}},{"type":"Feature","id":"way/954221981","properties":{"bridge":"yes","highway":"primary","lanes":"2","layer":"1","oneway":"yes","source":"OpenStreetMap","osm_type":"way","osm_id":954221981,"kind":"road","source_url":"https://www.openstreetmap.org/way/954221981","osmId":"way/954221981","name":""},"geometry":{"type":"LineString","coordinates":[[120.6916172,27.8138855],[120.6910841,27.8137758]]}},{"type":"Feature","id":"way/954221982","properties":{"bridge":"yes","highway":"primary","lanes":"2","layer":"1","name":"塘下大道","oneway":"yes","source":"OpenStreetMap","osm_type":"way","osm_id":954221982,"kind":"road","source_url":"https://www.openstreetmap.org/way/954221982","osmId":"way/954221982"},"geometry":{"type":"LineString","coordinates":[[120.6915925,27.8139514],[120.6911109,27.8138671]]}},{"type":"Feature","id":"way/954221983","properties":{"highway":"primary","lanes":"2","name":"塘下大道","oneway":"yes","source":"OpenStreetMap","osm_type":"way","osm_id":954221983,"kind":"road","source_url":"https://www.openstreetmap.org/way/954221983","osmId":"way/954221983"},"geometry":{"type":"LineString","coordinates":[[120.6911109,27.8138671],[120.6908857,27.8138375]]}},{"type":"Feature","id":"way/954221984","properties":{"highway":"primary","lanes":"2","oneway":"yes","source":"OpenStreetMap","osm_type":"way","osm_id":954221984,"kind":"road","source_url":"https://www.openstreetmap.org/way/954221984","osmId":"way/954221984","name":""},"geometry":{"type":"LineString","coordinates":[[120.6910841,27.8137758],[120.6909406,27.8137093],[120.6907676,27.813624]]}},{"type":"Feature","id":"way/954221985","properties":{"bridge":"yes","highway":"primary","lanes":"2","layer":"1","name":"塘下大道","oneway":"yes","source":"OpenStreetMap","osm_type":"way","osm_id":954221985,"kind":"road","source_url":"https://www.openstreetmap.org/way/954221985","osmId":"way/954221985"},"geometry":{"type":"LineString","coordinates":[[120.6913537,27.8127782],[120.6918754,27.8129229]]}},{"type":"Feature","id":"way/954221986","properties":{"highway":"primary","lanes":"2","layer":"1","name":"塘下大道","oneway":"yes","source":"OpenStreetMap","osm_type":"way","osm_id":954221986,"kind":"road","source_url":"https://www.openstreetmap.org/way/954221986","osmId":"way/954221986"},"geometry":{"type":"LineString","coordinates":[[120.6911297,27.8126833],[120.6913537,27.8127782]]}},{"type":"Feature","id":"way/954318639","properties":{"highway":"secondary","name":"卓敬路","osm_type":"way","osm_id":954318639,"kind":"road","source_url":"https://www.openstreetmap.org/way/954318639","osmId":"way/954318639","source":"OpenStreetMap"},"geometry":{"type":"LineString","coordinates":[[120.663433,27.7974098],[120.6633574,27.7972894],[120.6626701,27.7963235],[120.662524,27.7959095],[120.6624354,27.7954539],[120.6625038,27.7949141],[120.6626038,27.7943108],[120.6626212,27.7942371],[120.6626165,27.7936708],[120.6625602,27.7932413],[120.6624502,27.7928806],[120.6621364,27.7921237],[120.6617984,27.7912648]]}},{"type":"Feature","id":"way/954318640","properties":{"highway":"secondary","name":"文庄路","osm_type":"way","osm_id":954318640,"kind":"road","source_url":"https://www.openstreetmap.org/way/954318640","osmId":"way/954318640","source":"OpenStreetMap"},"geometry":{"type":"LineString","coordinates":[[120.6555957,27.798336],[120.6566995,27.7983498],[120.6576061,27.7982501],[120.6585449,27.7980935],[120.6587206,27.7980634],[120.6594542,27.7978302],[120.6604493,27.7974102],[120.6613129,27.7969689],[120.6620264,27.7965798],[120.6626701,27.7963235]]}},{"type":"Feature","id":"way/954318646","properties":{"waterway":"ditch","osm_type":"way","osm_id":954318646,"kind":"water","source_url":"https://www.openstreetmap.org/way/954318646","osmId":"way/954318646","source":"OpenStreetMap","name":""},"geometry":{"type":"LineString","coordinates":[[120.6136139,27.7958969],[120.6126416,27.7967174],[120.6119013,27.7975526],[120.6113595,27.7980224],[120.6106648,27.7982644],[120.6103832,27.7983901],[120.6102812,27.7984684],[120.6101337,27.7986084],[120.6096804,27.7988765],[120.6095409,27.7989192],[120.6093264,27.7989453],[120.6089857,27.7991541],[120.6081596,27.7997829],[120.6077197,27.8000083],[120.6073013,27.8002503],[120.6069231,27.8004852],[120.6067514,27.8004591],[120.6056866,27.8005706],[120.6053352,27.8007058],[120.6048873,27.8008173],[120.6044126,27.8009265],[120.6042784,27.8009929],[120.6041095,27.8012136],[120.6040773,27.8014271],[120.6040826,27.8018897],[120.6041256,27.8023738],[120.6040826,27.8025991],[120.6040424,27.8026917],[120.6038251,27.8027083],[120.6018484,27.8029906],[120.6011322,27.8032397],[120.599718,27.8034113],[120.5982378,27.8034527],[120.5952555,27.8035078],[120.593555,27.8041816],[120.5932599,27.8041389],[120.5929005,27.8039776],[120.5921066,27.8038685],[120.5907547,27.8038542],[120.5899233,27.8034746]]}},{"type":"Feature","id":"way/987512132","properties":{"natural":"water","osm_type":"way","osm_id":987512132,"kind":"water","source_url":"https://www.openstreetmap.org/way/987512132","osmId":"way/987512132","source":"OpenStreetMap","name":""},"geometry":{"type":"Polygon","coordinates":[[[120.6564555,27.8003632],[120.6566919,27.8010042],[120.6568847,27.8010207],[120.6565644,27.8003467],[120.6565831,27.8000909],[120.6565862,27.7998598],[120.6564773,27.7995517],[120.6564338,27.7992793],[120.6564711,27.7985063],[120.6564555,27.7981184],[120.6563218,27.7975379],[120.6561414,27.7971445],[120.656185,27.7969024],[120.6561134,27.7966603],[120.6561414,27.7964484],[120.6560606,27.7962283],[120.6560606,27.7960523],[120.6561445,27.795923],[120.6560699,27.7958047],[120.6560699,27.7956231],[120.6561197,27.795502],[120.6561601,27.7953865],[120.6557041,27.7954194],[120.6557315,27.795511],[120.655768,27.7958046],[120.6557528,27.7966504],[120.6557375,27.7968901],[120.6556553,27.7972133],[120.6558211,27.7974829],[120.655989,27.7980303],[120.6559673,27.7985338],[120.6559797,27.7989272],[120.6561103,27.7994939],[120.6562067,27.799747],[120.6562503,27.7999616],[120.656356,27.8000799],[120.6564555,27.8003632]]]}},{"type":"Feature","id":"way/987512133","properties":{"highway":"secondary","oneway":"yes","osm_type":"way","osm_id":987512133,"kind":"road","source_url":"https://www.openstreetmap.org/way/987512133","osmId":"way/987512133","source":"OpenStreetMap","name":""},"geometry":{"type":"LineString","coordinates":[[120.6574663,27.7963317],[120.6572673,27.7962669],[120.6570402,27.7962641],[120.6568169,27.7963163]]}},{"type":"Feature","id":"way/987512134","properties":{"highway":"secondary","oneway":"yes","osm_type":"way","osm_id":987512134,"kind":"road","source_url":"https://www.openstreetmap.org/way/987512134","osmId":"way/987512134","source":"OpenStreetMap","name":""},"geometry":{"type":"LineString","coordinates":[[120.6572523,27.7958102],[120.656971,27.7960614]]}},{"type":"Feature","id":"way/987512135","properties":{"highway":"secondary","oneway":"yes","osm_type":"way","osm_id":987512135,"kind":"road","source_url":"https://www.openstreetmap.org/way/987512135","osmId":"way/987512135","source":"OpenStreetMap","name":""},"geometry":{"type":"LineString","coordinates":[[120.6572496,27.7960311],[120.6569777,27.7958099]]}},{"type":"Feature","id":"way/987512136","properties":{"highway":"secondary","name":"文定路","osm_type":"way","osm_id":987512136,"kind":"road","source_url":"https://www.openstreetmap.org/way/987512136","osmId":"way/987512136","source":"OpenStreetMap"},"geometry":{"type":"LineString","coordinates":[[120.6572496,27.7960311],[120.6574663,27.7963317],[120.6587206,27.7980634],[120.6599951,27.7997832],[120.6600862,27.799908]]}},{"type":"Feature","id":"way/987512137","properties":{"natural":"water","osm_type":"way","osm_id":987512137,"kind":"water","source_url":"https://www.openstreetmap.org/way/987512137","osmId":"way/987512137","source":"OpenStreetMap","name":""},"geometry":{"type":"Polygon","coordinates":[[[120.6529537,27.7956754],[120.6531185,27.7957056],[120.6535665,27.7956941],[120.6538283,27.7956268],[120.6542333,27.7954571],[120.6545683,27.7953628],[120.6547662,27.7953547],[120.6553417,27.7954086],[120.6557041,27.7954194],[120.6561601,27.7953865],[120.656213,27.7952902],[120.6562316,27.7945061],[120.6563032,27.7941705],[120.6562441,27.7940522],[120.6563405,27.7938926],[120.6562845,27.793711],[120.6562378,27.7935845],[120.656356,27.7933974],[120.6559362,27.7934029],[120.6558615,27.7935322],[120.6558553,27.7940109],[120.6558429,27.7946217],[120.655657,27.795032],[120.6553422,27.7950839],[120.6546953,27.7951224],[120.6542599,27.7952297],[120.6541137,27.7953122],[120.6536596,27.7954608],[120.6532025,27.7955543],[120.6530408,27.7955351],[120.6528946,27.7955708],[120.6529537,27.7956754]]]}},{"type":"Feature","id":"way/987512138","properties":{"highway":"tertiary","name":"文庄路","osm_type":"way","osm_id":987512138,"kind":"road","source_url":"https://www.openstreetmap.org/way/987512138","osmId":"way/987512138","source":"OpenStreetMap"},"geometry":{"type":"LineString","coordinates":[[120.644482,27.7989107],[120.6468394,27.7986218],[120.6491159,27.7983605],[120.6509353,27.7982284],[120.6527498,27.7981876],[120.6545522,27.7982669],[120.6555957,27.798336]]}},{"type":"Feature","id":"way/987512139","properties":{"highway":"tertiary","oneway":"yes","osm_type":"way","osm_id":987512139,"kind":"road","source_url":"https://www.openstreetmap.org/way/987512139","osmId":"way/987512139","source":"OpenStreetMap","name":""},"geometry":{"type":"LineString","coordinates":[[120.6492621,27.8004843],[120.6499152,27.8004293],[120.6510068,27.8003853],[120.651859,27.800344],[120.6521907,27.8003539]]}},{"type":"Feature","id":"way/987512140","properties":{"highway":"tertiary","osm_type":"way","osm_id":987512140,"kind":"road","source_url":"https://www.openstreetmap.org/way/987512140","osmId":"way/987512140","source":"OpenStreetMap","name":""},"geometry":{"type":"LineString","coordinates":[[120.6490596,27.7958776],[120.649075,27.7959824],[120.6490973,27.7967923],[120.6491159,27.7983605],[120.6491937,27.7988392],[120.6492621,27.8004843]]}},{"type":"Feature","id":"way/987512141","properties":{"leisure":"park","osm_type":"way","osm_id":987512141,"kind":"park","source_url":"https://www.openstreetmap.org/way/987512141","osmId":"way/987512141","source":"OpenStreetMap","name":""},"geometry":{"type":"Polygon","coordinates":[[[120.6535665,27.7956941],[120.6538283,27.7956268],[120.6542333,27.7954571],[120.6545683,27.7953628],[120.6547662,27.7953547],[120.6553417,27.7954086],[120.6557041,27.7954194],[120.6557315,27.795511],[120.655768,27.7958046],[120.6557528,27.7966504],[120.6557375,27.7968901],[120.6556553,27.7972133],[120.6552808,27.797849],[120.6550616,27.7981588],[120.6542881,27.7981561],[120.6530945,27.7980807],[120.6529544,27.7979218],[120.6532407,27.7966154],[120.6534873,27.7958288],[120.6535665,27.7956941]]]}},{"type":"Feature","id":"way/987512142","properties":{"highway":"unclassified","osm_type":"way","osm_id":987512142,"kind":"road","source_url":"https://www.openstreetmap.org/way/987512142","osmId":"way/987512142","source":"OpenStreetMap","name":""},"geometry":{"type":"LineString","coordinates":[[120.6301522,27.7963087],[120.6289361,27.7963496]]}},{"type":"Feature","id":"way/987512143","properties":{"waterway":"canal","osm_type":"way","osm_id":987512143,"kind":"water","source_url":"https://www.openstreetmap.org/way/987512143","osmId":"way/987512143","source":"OpenStreetMap","name":""},"geometry":{"type":"LineString","coordinates":[[120.6118681,27.7958629],[120.6120917,27.7960713],[120.612366,27.7960027],[120.6138149,27.795412],[120.6148106,27.7944836],[120.6147808,27.7943439],[120.6149657,27.7942041],[120.6151595,27.7941672],[120.6153264,27.7944019],[120.6155163,27.794839]]}},{"type":"Feature","id":"way/987512148","properties":{"highway":"unclassified","osm_type":"way","osm_id":987512148,"kind":"road","source_url":"https://www.openstreetmap.org/way/987512148","osmId":"way/987512148","source":"OpenStreetMap","name":""},"geometry":{"type":"LineString","coordinates":[[120.62893,27.7764765],[120.62832,27.7771454],[120.6281323,27.7773809]]}},{"type":"Feature","id":"way/987512149","properties":{"highway":"unclassified","osm_type":"way","osm_id":987512149,"kind":"road","source_url":"https://www.openstreetmap.org/way/987512149","osmId":"way/987512149","source":"OpenStreetMap","name":""},"geometry":{"type":"LineString","coordinates":[[120.6273617,27.7765071],[120.6277304,27.7760607],[120.6283773,27.7753135],[120.6286381,27.7750122],[120.6290818,27.7751671],[120.629689,27.775428],[120.6299758,27.7756167],[120.6303603,27.7761485],[120.6306434,27.7766676],[120.6307551,27.7769558]]}},{"type":"Feature","id":"way/987512150","properties":{"highway":"unclassified","osm_type":"way","osm_id":987512150,"kind":"road","source_url":"https://www.openstreetmap.org/way/987512150","osmId":"way/987512150","source":"OpenStreetMap","name":""},"geometry":{"type":"LineString","coordinates":[[120.6243434,27.7774133],[120.624829,27.7777161],[120.6253252,27.7781577],[120.6259177,27.7787642]]}},{"type":"Feature","id":"way/987512151","properties":{"highway":"unclassified","osm_type":"way","osm_id":987512151,"kind":"road","source_url":"https://www.openstreetmap.org/way/987512151","osmId":"way/987512151","source":"OpenStreetMap","name":""},"geometry":{"type":"LineString","coordinates":[[120.6235059,27.7857907],[120.6247589,27.7856287],[120.6255553,27.7854845]]}},{"type":"Feature","id":"way/987512152","properties":{"highway":"unclassified","osm_type":"way","osm_id":987512152,"kind":"road","source_url":"https://www.openstreetmap.org/way/987512152","osmId":"way/987512152","source":"OpenStreetMap","name":""},"geometry":{"type":"LineString","coordinates":[[120.6233448,27.7852814],[120.6240438,27.7851535],[120.6253587,27.7848831]]}},{"type":"Feature","id":"way/987512153","properties":{"highway":"tertiary","name":"解放东路","osm_type":"way","osm_id":987512153,"kind":"road","source_url":"https://www.openstreetmap.org/way/987512153","osmId":"way/987512153","source":"OpenStreetMap"},"geometry":{"type":"LineString","coordinates":[[120.6297221,27.7827209],[120.6298273,27.7826939],[120.6310114,27.7824822],[120.6351909,27.7817351],[120.637726,27.7812273]]}},{"type":"Feature","id":"way/987512154","properties":{"highway":"secondary","name":"邮电南路","osm_type":"way","osm_id":987512154,"kind":"road","source_url":"https://www.openstreetmap.org/way/987512154","osmId":"way/987512154","source":"OpenStreetMap"},"geometry":{"type":"LineString","coordinates":[[120.6250264,27.7836097],[120.6249344,27.7831127],[120.6246031,27.782027],[120.6245122,27.7817252],[120.6243166,27.7813503],[120.6239544,27.7807949],[120.6235518,27.7803805],[120.6226084,27.7795623],[120.6225337,27.7795234]]}},{"type":"Feature","id":"way/987512155","properties":{"highway":"tertiary","name":"解放中路","osm_type":"way","osm_id":987512155,"kind":"road","source_url":"https://www.openstreetmap.org/way/987512155","osmId":"way/987512155","source":"OpenStreetMap"},"geometry":{"type":"LineString","coordinates":[[120.6250264,27.7836097],[120.6297221,27.7827209]]}},{"type":"Feature","id":"way/987512158","properties":{"highway":"unclassified","osm_type":"way","osm_id":987512158,"kind":"road","source_url":"https://www.openstreetmap.org/way/987512158","osmId":"way/987512158","source":"OpenStreetMap","name":""},"geometry":{"type":"LineString","coordinates":[[120.6230194,27.7905208],[120.623317,27.790473],[120.6234717,27.7905221],[120.6247297,27.7904472],[120.6254682,27.7904266],[120.6266272,27.7903506]]}},{"type":"Feature","id":"way/987512159","properties":{"highway":"tertiary","osm_type":"way","osm_id":987512159,"kind":"road","source_url":"https://www.openstreetmap.org/way/987512159","osmId":"way/987512159","source":"OpenStreetMap","name":""},"geometry":{"type":"LineString","coordinates":[[120.6229844,27.7908612],[120.6229761,27.790598]]}},{"type":"Feature","id":"way/987512160","properties":{"highway":"unclassified","osm_type":"way","osm_id":987512160,"kind":"road","source_url":"https://www.openstreetmap.org/way/987512160","osmId":"way/987512160","source":"OpenStreetMap","name":""},"geometry":{"type":"LineString","coordinates":[[120.6266395,27.7904798],[120.6271203,27.790442],[120.6285452,27.7903298],[120.6289913,27.790158],[120.6307456,27.7895331],[120.6310842,27.7894789]]}},{"type":"Feature","id":"way/987512161","properties":{"highway":"unclassified","osm_type":"way","osm_id":987512161,"kind":"road","source_url":"https://www.openstreetmap.org/way/987512161","osmId":"way/987512161","source":"OpenStreetMap","name":""},"geometry":{"type":"LineString","coordinates":[[120.6250651,27.7882989],[120.625331,27.7892052],[120.6254682,27.7904266],[120.6255704,27.791524],[120.6256391,27.7918523],[120.6256635,27.7919229]]}},{"type":"Feature","id":"way/987512162","properties":{"highway":"unclassified","osm_type":"way","osm_id":987512162,"kind":"road","source_url":"https://www.openstreetmap.org/way/987512162","osmId":"way/987512162","source":"OpenStreetMap","name":""},"geometry":{"type":"LineString","coordinates":[[120.626188,27.7795633],[120.6264109,27.7793838],[120.6267053,27.7792624],[120.6272254,27.7791385],[120.627837,27.7789059],[120.6286691,27.7786038],[120.628759,27.7785932],[120.6295688,27.778332],[120.6292495,27.7773762],[120.629228,27.7772789]]}},{"type":"Feature","id":"way/987512164","properties":{"highway":"secondary","name":"滨江大道","oneway":"yes","osm_type":"way","osm_id":987512164,"kind":"road","source_url":"https://www.openstreetmap.org/way/987512164","osmId":"way/987512164","source":"OpenStreetMap"},"geometry":{"type":"LineString","coordinates":[[120.5898696,27.8030096],[120.5918217,27.8028088],[120.5929595,27.8026917],[120.5946279,27.8024734],[120.5981631,27.801796],[120.598442,27.8017426],[120.6023258,27.8009882],[120.605303,27.8002906],[120.6065315,27.7997876],[120.6077063,27.7991328],[120.6084895,27.7984732],[120.6092911,27.7977893],[120.6099969,27.7971872],[120.6105655,27.7964849],[120.6110054,27.7957968],[120.6112587,27.7954181],[120.6114873,27.7951577],[120.611736,27.7949074],[120.612076,27.7946293],[120.6125276,27.7943083],[120.6136078,27.7935827],[120.6143652,27.7930164],[120.6154911,27.7919343],[120.6159088,27.79158]]}},{"type":"Feature","id":"way/987512165","properties":{"highway":"secondary","name":"滨江大道","oneway":"yes","osm_type":"way","osm_id":987512165,"kind":"road","source_url":"https://www.openstreetmap.org/way/987512165","osmId":"way/987512165","source":"OpenStreetMap"},"geometry":{"type":"LineString","coordinates":[[120.6159176,27.7917191],[120.615454,27.7921518],[120.6150168,27.7926321],[120.6143737,27.7931858],[120.6136879,27.7936863],[120.612279,27.7946394],[120.6117074,27.7951172],[120.6114216,27.795456],[120.6108606,27.7963188],[120.6101578,27.7972868],[120.6094111,27.7979191],[120.6091547,27.7981362],[120.607717,27.7993273],[120.6065744,27.7999679],[120.6054103,27.8004235],[120.6033504,27.8008933],[120.6008398,27.8014579],[120.5984044,27.8019182],[120.5982045,27.8019524],[120.5926645,27.8029005],[120.5918254,27.8029775],[120.5898213,27.8031614]]}},{"type":"Feature","id":"way/987512166","properties":{"highway":"unclassified","osm_type":"way","osm_id":987512166,"kind":"road","source_url":"https://www.openstreetmap.org/way/987512166","osmId":"way/987512166","source":"OpenStreetMap","name":""},"geometry":{"type":"LineString","coordinates":[[120.622186,27.7840307],[120.6216672,27.7842339],[120.6214634,27.7843525],[120.6212059,27.7843264]]}},{"type":"Feature","id":"way/987512167","properties":{"highway":"unclassified","osm_type":"way","osm_id":987512167,"kind":"road","source_url":"https://www.openstreetmap.org/way/987512167","osmId":"way/987512167","source":"OpenStreetMap","name":""},"geometry":{"type":"LineString","coordinates":[[120.6193437,27.7852755],[120.6195751,27.785361],[120.6197969,27.7854413],[120.6200954,27.7854726],[120.6201759,27.7854156],[120.6202859,27.7851641],[120.6204119,27.7849814],[120.6206346,27.7845542],[120.6205916,27.7843478],[120.6204039,27.7840701],[120.6203744,27.7838067],[120.6202805,27.7832942],[120.6202751,27.7831328],[120.6204522,27.782905],[120.6212797,27.7821744]]}},{"type":"Feature","id":"way/994940890","properties":{"highway":"unclassified","osm_type":"way","osm_id":994940890,"kind":"road","source_url":"https://www.openstreetmap.org/way/994940890","osmId":"way/994940890","source":"OpenStreetMap","name":""},"geometry":{"type":"LineString","coordinates":[[120.6873384,27.7957327],[120.6875802,27.7954762],[120.6877971,27.7952415],[120.6881431,27.794926],[120.6885632,27.7946838]]}},{"type":"Feature","id":"way/994940891","properties":{"highway":"unclassified","osm_type":"way","osm_id":994940891,"kind":"road","source_url":"https://www.openstreetmap.org/way/994940891","osmId":"way/994940891","source":"OpenStreetMap","name":""},"geometry":{"type":"LineString","coordinates":[[120.6796047,27.7942825],[120.6804854,27.7951704],[120.6806785,27.7953673],[120.6812799,27.7961135]]}},{"type":"Feature","id":"way/994940892","properties":{"highway":"tertiary","name":"民公路","osm_type":"way","osm_id":994940892,"kind":"road","source_url":"https://www.openstreetmap.org/way/994940892","osmId":"way/994940892","source":"OpenStreetMap"},"geometry":{"type":"LineString","coordinates":[[120.656654,27.7915534],[120.6570931,27.79154],[120.6573269,27.7915374],[120.6587344,27.7914544],[120.6587754,27.791452],[120.6605431,27.7913478],[120.6617984,27.7912648],[120.6633058,27.7911556]]}},{"type":"Feature","id":"way/994940893","properties":{"highway":"tertiary","name":"华泰路","osm_type":"way","osm_id":994940893,"kind":"road","source_url":"https://www.openstreetmap.org/way/994940893","osmId":"way/994940893","source":"OpenStreetMap"},"geometry":{"type":"LineString","coordinates":[[120.6602295,27.7810198],[120.6603286,27.7813246],[120.6607175,27.7826036],[120.6609401,27.7834033],[120.6609723,27.7836501],[120.6609079,27.7848034],[120.6608553,27.7865565]]}},{"type":"Feature","id":"way/994940894","properties":{"highway":"tertiary","osm_type":"way","osm_id":994940894,"kind":"road","source_url":"https://www.openstreetmap.org/way/994940894","osmId":"way/994940894","source":"OpenStreetMap","name":""},"geometry":{"type":"LineString","coordinates":[[120.6622705,27.7838044],[120.6641796,27.7834901]]}},{"type":"Feature","id":"way/994940895","properties":{"highway":"tertiary","osm_type":"way","osm_id":994940895,"kind":"road","source_url":"https://www.openstreetmap.org/way/994940895","osmId":"way/994940895","source":"OpenStreetMap","name":""},"geometry":{"type":"LineString","coordinates":[[120.648871,27.7807573],[120.6490123,27.7812296],[120.6491947,27.7816995],[120.6493825,27.7819558],[120.6497472,27.7823853],[120.6500772,27.7826701],[120.6504366,27.7829335],[120.6506994,27.7830498],[120.6509972,27.7831162],[120.6542006,27.7831378],[120.6563106,27.7832515],[120.6573163,27.7833343],[120.6575761,27.7833448],[120.6609401,27.7834033],[120.6622088,27.7834389],[120.6622705,27.7838044],[120.6626567,27.7861251],[120.6627077,27.7864739],[120.6627132,27.7868311]]}},{"type":"Feature","id":"way/994940896","properties":{"highway":"unclassified","osm_type":"way","osm_id":994940896,"kind":"road","source_url":"https://www.openstreetmap.org/way/994940896","osmId":"way/994940896","source":"OpenStreetMap","name":""},"geometry":{"type":"LineString","coordinates":[[120.6376112,27.780924],[120.6377274,27.7809104],[120.6382889,27.7807906],[120.6385249,27.7807028],[120.6387851,27.7806055],[120.6392893,27.7804584],[120.6399867,27.7803042],[120.6408799,27.7801641],[120.6414163,27.780036],[120.6425857,27.7797275]]}},{"type":"Feature","id":"way/994940897","properties":{"highway":"unclassified","osm_type":"way","osm_id":994940897,"kind":"road","source_url":"https://www.openstreetmap.org/way/994940897","osmId":"way/994940897","source":"OpenStreetMap","name":""},"geometry":{"type":"LineString","coordinates":[[120.6388231,27.7788877],[120.6391498,27.7796349],[120.6396326,27.7794688],[120.6401557,27.7794356],[120.6408289,27.7793881],[120.6413814,27.7793834],[120.6414163,27.780036]]}},{"type":"Feature","id":"way/994940898","properties":{"highway":"unclassified","osm_type":"way","osm_id":994940898,"kind":"road","source_url":"https://www.openstreetmap.org/way/994940898","osmId":"way/994940898","source":"OpenStreetMap","name":""},"geometry":{"type":"LineString","coordinates":[[120.6408289,27.7793881],[120.6409577,27.7787925],[120.6415129,27.7788827],[120.6418186,27.7789966],[120.6419447,27.7790749],[120.6423202,27.7791841],[120.6424045,27.7791831]]}},{"type":"Feature","id":"way/994940899","properties":{"highway":"tertiary","osm_type":"way","osm_id":994940899,"kind":"road","source_url":"https://www.openstreetmap.org/way/994940899","osmId":"way/994940899","source":"OpenStreetMap","name":""},"geometry":{"type":"LineString","coordinates":[[120.6413435,27.7818019],[120.641301,27.7817032],[120.6411722,27.7812605],[120.6410093,27.7807211]]}},{"type":"Feature","id":"way/994940900","properties":{"highway":"unclassified","osm_type":"way","osm_id":994940900,"kind":"road","source_url":"https://www.openstreetmap.org/way/994940900","osmId":"way/994940900","source":"OpenStreetMap","name":""},"geometry":{"type":"LineString","coordinates":[[120.6488139,27.7729471],[120.6489748,27.7732369],[120.6490767,27.7738422],[120.6491759,27.7740272],[120.6493775,27.7743374],[120.6494475,27.7744485]]}},{"type":"Feature","id":"way/994940901","properties":{"highway":"tertiary","osm_type":"way","osm_id":994940901,"kind":"road","source_url":"https://www.openstreetmap.org/way/994940901","osmId":"way/994940901","source":"OpenStreetMap","name":""},"geometry":{"type":"LineString","coordinates":[[120.6571323,27.7764996],[120.6573044,27.7764791],[120.6587889,27.7763553],[120.6598726,27.7762722],[120.6606464,27.7762319]]}},{"type":"Feature","id":"way/994940902","properties":{"highway":"unclassified","osm_type":"way","osm_id":994940902,"kind":"road","source_url":"https://www.openstreetmap.org/way/994940902","osmId":"way/994940902","source":"OpenStreetMap","name":""},"geometry":{"type":"LineString","coordinates":[[120.6621767,27.7761341],[120.6623162,27.7761127],[120.6632066,27.7759424],[120.6638852,27.7757834],[120.6648964,27.7755888],[120.6654489,27.7755223],[120.666106,27.7753728],[120.6670743,27.7752471],[120.6681687,27.7750667],[120.6684369,27.7751355],[120.6689116,27.7750596],[120.6693193,27.7749789],[120.6695808,27.7749623],[120.6714866,27.7745992],[120.6720485,27.7745019],[120.6724226,27.7744188],[120.6730583,27.7742918],[120.6731804,27.7742966],[120.6733574,27.7743322],[120.6734821,27.774299],[120.6738496,27.7741625],[120.6743163,27.7741483],[120.6741339,27.7738801]]}},{"type":"Feature","id":"way/994940903","properties":{"highway":"unclassified","osm_type":"way","osm_id":994940903,"kind":"road","source_url":"https://www.openstreetmap.org/way/994940903","osmId":"way/994940903","source":"OpenStreetMap","name":""},"geometry":{"type":"LineString","coordinates":[[120.6581952,27.7591071],[120.6585664,27.7594928],[120.658679,27.7595687],[120.6610152,27.761],[120.6626252,27.7619868]]}},{"type":"Feature","id":"way/994940904","properties":{"highway":"tertiary","osm_type":"way","osm_id":994940904,"kind":"road","source_url":"https://www.openstreetmap.org/way/994940904","osmId":"way/994940904","source":"OpenStreetMap","name":""},"geometry":{"type":"LineString","coordinates":[[120.6551955,27.7703425],[120.6570991,27.7699429],[120.6589445,27.769575],[120.6600538,27.7693353]]}},{"type":"Feature","id":"way/994940905","properties":{"highway":"unclassified","name":"开发五路","osm_type":"way","osm_id":994940905,"kind":"road","source_url":"https://www.openstreetmap.org/way/994940905","osmId":"way/994940905","source":"OpenStreetMap"},"geometry":{"type":"LineString","coordinates":[[120.6701719,27.7518325],[120.6684423,27.7532634]]}},{"type":"Feature","id":"way/994940906","properties":{"highway":"tertiary","name":"集贤路","oneway":"yes","osm_type":"way","osm_id":994940906,"kind":"road","source_url":"https://www.openstreetmap.org/way/994940906","osmId":"way/994940906","source":"OpenStreetMap"},"geometry":{"type":"LineString","coordinates":[[120.6649247,27.7536747],[120.6654557,27.753251],[120.6661656,27.752659],[120.6670904,27.7519234],[120.6688486,27.7505221],[120.6690033,27.7503988]]}},{"type":"Feature","id":"way/994940907","properties":{"highway":"tertiary","name":"集贤路","oneway":"yes","osm_type":"way","osm_id":994940907,"kind":"road","source_url":"https://www.openstreetmap.org/way/994940907","osmId":"way/994940907","source":"OpenStreetMap"},"geometry":{"type":"LineString","coordinates":[[120.6690945,27.7504915],[120.6689426,27.7506147],[120.6671991,27.7520292],[120.6655469,27.7533697],[120.6650851,27.7538253]]}},{"type":"Feature","id":"way/994940908","properties":{"waterway":"canal","osm_type":"way","osm_id":994940908,"kind":"water","source_url":"https://www.openstreetmap.org/way/994940908","osmId":"way/994940908","source":"OpenStreetMap","name":""},"geometry":{"type":"LineString","coordinates":[[120.6689165,27.7499372],[120.6694025,27.7494168],[120.670867,27.7480234],[120.6718218,27.7471285],[120.6725353,27.7463807],[120.6735197,27.7453861],[120.6743753,27.7444983],[120.6754643,27.7434419],[120.6755676,27.7433429]]}},{"type":"Feature","id":"way/994940909","properties":{"waterway":"canal","osm_type":"way","osm_id":994940909,"kind":"water","source_url":"https://www.openstreetmap.org/way/994940909","osmId":"way/994940909","source":"OpenStreetMap","name":""},"geometry":{"type":"LineString","coordinates":[[120.6716421,27.7522296],[120.6727767,27.7511614],[120.6764567,27.7476246],[120.6781787,27.7460246],[120.679121,27.7450999]]}},{"type":"Feature","id":"way/994940910","properties":{"waterway":"canal","osm_type":"way","osm_id":994940910,"kind":"water","source_url":"https://www.openstreetmap.org/way/994940910","osmId":"way/994940910","source":"OpenStreetMap","name":""},"geometry":{"type":"LineString","coordinates":[[120.6684357,27.7495505],[120.6684835,27.7495409],[120.6685186,27.7495594],[120.6689165,27.7499372],[120.6691644,27.7501966],[120.6696787,27.7506131],[120.6703064,27.7510926],[120.6716421,27.7522296],[120.672023,27.7525714],[120.6726935,27.7534235]]}},{"type":"Feature","id":"way/994940911","properties":{"waterway":"canal","osm_type":"way","osm_id":994940911,"kind":"water","source_url":"https://www.openstreetmap.org/way/994940911","osmId":"way/994940911","source":"OpenStreetMap","name":""},"geometry":{"type":"LineString","coordinates":[[120.6556828,27.7589435],[120.6564608,27.7585624],[120.6565574,27.7584413],[120.6567505,27.7583108],[120.6570697,27.758128],[120.6574157,27.75781],[120.6580621,27.757359],[120.6583437,27.757143],[120.6592235,27.7562315],[120.6611413,27.7545249],[120.6615812,27.7541451],[120.6619835,27.7540407],[120.6623054,27.7538912],[120.662764,27.753528],[120.6630027,27.7534141],[120.6632441,27.7533737],[120.6633916,27.7533001],[120.6634372,27.7532075],[120.6634104,27.7529773],[120.6634721,27.7527993],[120.6638959,27.7524765],[120.6644458,27.7520516],[120.6647864,27.7517454],[120.6649446,27.7515151],[120.6650922,27.7510546],[120.6654569,27.7506321],[120.6664869,27.7496328],[120.6666532,27.749507],[120.6671467,27.748961],[120.6675035,27.7486168],[120.6685442,27.7476008],[120.6695715,27.7465041],[120.6710708,27.7449588],[120.6719318,27.7441185],[120.6729028,27.7431072],[120.6737047,27.7423309],[120.673914,27.7420935],[120.6742948,27.7418941],[120.6748956,27.7417398],[120.6753838,27.7415642],[120.6757057,27.7413742],[120.6758746,27.7413814],[120.6763709,27.7413861],[120.6767544,27.7413814],[120.6771353,27.7412722],[120.6773847,27.7412674],[120.6775698,27.7412769],[120.6777897,27.7412722],[120.6779212,27.7411867],[120.677989,27.741071]]}},{"type":"Feature","id":"way/994940912","properties":{"highway":"unclassified","osm_type":"way","osm_id":994940912,"kind":"road","source_url":"https://www.openstreetmap.org/way/994940912","osmId":"way/994940912","source":"OpenStreetMap","name":""},"geometry":{"type":"LineString","coordinates":[[120.6427033,27.7688397],[120.6427704,27.7687447],[120.6429478,27.7685782],[120.6430015,27.7684691],[120.64309,27.7681866],[120.6431329,27.7680419],[120.6432134,27.7680039],[120.6440663,27.7678757],[120.6445196,27.7678828],[120.6451312,27.7679161],[120.6453027,27.7680753]]}},{"type":"Feature","id":"way/994940913","properties":{"highway":"tertiary","osm_type":"way","osm_id":994940913,"kind":"road","source_url":"https://www.openstreetmap.org/way/994940913","osmId":"way/994940913","source":"OpenStreetMap","name":""},"geometry":{"type":"LineString","coordinates":[[120.6416057,27.76267],[120.6424195,27.7636084],[120.6425911,27.7638268],[120.6431494,27.7647194]]}},{"type":"Feature","id":"way/994940914","properties":{"highway":"unclassified","osm_type":"way","osm_id":994940914,"kind":"road","source_url":"https://www.openstreetmap.org/way/994940914","osmId":"way/994940914","source":"OpenStreetMap","name":""},"geometry":{"type":"LineString","coordinates":[[120.6443368,27.7621705],[120.6453972,27.7614203],[120.6461289,27.7610379],[120.6469899,27.7605822],[120.647631,27.7602286],[120.6479931,27.7600197],[120.6484249,27.759723],[120.6486127,27.7595711],[120.6487555,27.7593536]]}},{"type":"Feature","id":"way/994940915","properties":{"highway":"unclassified","osm_type":"way","osm_id":994940915,"kind":"road","source_url":"https://www.openstreetmap.org/way/994940915","osmId":"way/994940915","source":"OpenStreetMap","name":""},"geometry":{"type":"LineString","coordinates":[[120.6440395,27.7579595],[120.6436452,27.7576747]]}},{"type":"Feature","id":"way/994940916","properties":{"highway":"unclassified","osm_type":"way","osm_id":994940916,"kind":"road","source_url":"https://www.openstreetmap.org/way/994940916","osmId":"way/994940916","source":"OpenStreetMap","name":""},"geometry":{"type":"LineString","coordinates":[[120.6384901,27.7664768],[120.639064,27.7669098],[120.6392974,27.7670166],[120.6396514,27.7670617],[120.6398982,27.7670071],[120.6402013,27.7668552],[120.640389,27.7667033],[120.6405285,27.7664778],[120.6420279,27.7661028],[120.6434763,27.7657373]]}},{"type":"Feature","id":"way/994940917","properties":{"highway":"unclassified","osm_type":"way","osm_id":994940917,"kind":"road","source_url":"https://www.openstreetmap.org/way/994940917","osmId":"way/994940917","source":"OpenStreetMap","name":""},"geometry":{"type":"LineString","coordinates":[[120.6455461,27.7709163],[120.6468666,27.7702728]]}},{"type":"Feature","id":"way/994940918","properties":{"highway":"unclassified","osm_type":"way","osm_id":994940918,"kind":"road","source_url":"https://www.openstreetmap.org/way/994940918","osmId":"way/994940918","source":"OpenStreetMap","name":""},"geometry":{"type":"LineString","coordinates":[[120.645268,27.7704603],[120.6455461,27.7709163],[120.6462701,27.7721034],[120.6464589,27.7724111],[120.646652,27.7726769],[120.6468236,27.7727694],[120.6469846,27.7728145],[120.6478858,27.7730329],[120.6482667,27.7730898],[120.6485912,27.7730376],[120.6488139,27.7729471],[120.6497821,27.7725511],[120.6511294,27.771963]]}},{"type":"Feature","id":"way/994940919","properties":{"highway":"unclassified","osm_type":"way","osm_id":994940919,"kind":"road","source_url":"https://www.openstreetmap.org/way/994940919","osmId":"way/994940919","source":"OpenStreetMap","name":""},"geometry":{"type":"LineString","coordinates":[[120.6440793,27.770986],[120.6441774,27.7709461],[120.645268,27.7704603],[120.6455013,27.7703273],[120.6455898,27.7702229],[120.6456113,27.7701043],[120.6455791,27.7699358],[120.6455255,27.7698432],[120.6452653,27.769473],[120.644871,27.7690031],[120.6445283,27.7685849]]}},{"type":"Feature","id":"way/994940920","properties":{"waterway":"canal","osm_type":"way","osm_id":994940920,"kind":"water","source_url":"https://www.openstreetmap.org/way/994940920","osmId":"way/994940920","source":"OpenStreetMap","name":""},"geometry":{"type":"LineString","coordinates":[[120.6506941,27.7745066],[120.6513861,27.7759922],[120.6518742,27.7768655],[120.6521156,27.777428],[120.6523575,27.7780903]]}},{"type":"Feature","id":"way/994940921","properties":{"highway":"unclassified","osm_type":"way","osm_id":994940921,"kind":"road","source_url":"https://www.openstreetmap.org/way/994940921","osmId":"way/994940921","source":"OpenStreetMap","name":""},"geometry":{"type":"LineString","coordinates":[[120.6497204,27.7761868],[120.6498438,27.7764384],[120.6499914,27.7766948],[120.6502408,27.7771717],[120.650399,27.7772642],[120.6508496,27.7772595],[120.651193,27.7772168],[120.6517562,27.7770506],[120.6527594,27.7768062],[120.6533119,27.7766971]]}},{"type":"Feature","id":"way/994940922","properties":{"highway":"unclassified","osm_type":"way","osm_id":994940922,"kind":"road","source_url":"https://www.openstreetmap.org/way/994940922","osmId":"way/994940922","source":"OpenStreetMap","name":""},"geometry":{"type":"LineString","coordinates":[[120.650863,27.7751545],[120.6505305,27.7744022],[120.6505385,27.77435],[120.6505278,27.7742883],[120.6503807,27.7740086]]}},{"type":"Feature","id":"way/994940923","properties":{"highway":"unclassified","osm_type":"way","osm_id":994940923,"kind":"road","source_url":"https://www.openstreetmap.org/way/994940923","osmId":"way/994940923","source":"OpenStreetMap","name":""},"geometry":{"type":"LineString","coordinates":[[120.6499618,27.7754796],[120.6500691,27.7754725],[120.650863,27.7751545],[120.6513113,27.7761097]]}},{"type":"Feature","id":"way/994940924","properties":{"highway":"unclassified","osm_type":"way","osm_id":994940924,"kind":"road","source_url":"https://www.openstreetmap.org/way/994940924","osmId":"way/994940924","source":"OpenStreetMap","name":""},"geometry":{"type":"LineString","coordinates":[[120.6488372,27.7746974],[120.6491303,27.7748934],[120.6499618,27.7754796],[120.6497204,27.7761868],[120.6490847,27.7764645]]}},{"type":"Feature","id":"way/994940925","properties":{"highway":"unclassified","osm_type":"way","osm_id":994940925,"kind":"road","source_url":"https://www.openstreetmap.org/way/994940925","osmId":"way/994940925","source":"OpenStreetMap","name":""},"geometry":{"type":"LineString","coordinates":[[120.6384681,27.7741602],[120.6386858,27.7742717],[120.6400672,27.7748151],[120.6416076,27.7754044],[120.6427708,27.7758593],[120.6437767,27.7762367],[120.6439993,27.7763529],[120.6441122,27.7765442]]}},{"type":"Feature","id":"way/994940926","properties":{"highway":"tertiary","osm_type":"way","osm_id":994940926,"kind":"road","source_url":"https://www.openstreetmap.org/way/994940926","osmId":"way/994940926","source":"OpenStreetMap","name":""},"geometry":{"type":"LineString","coordinates":[[120.6408512,27.7769812],[120.6412151,27.7762295],[120.6416076,27.7754044],[120.641714,27.7751806],[120.6427113,27.7731721]]}},{"type":"Feature","id":"way/994940927","properties":{"highway":"tertiary","osm_type":"way","osm_id":994940927,"kind":"road","source_url":"https://www.openstreetmap.org/way/994940927","osmId":"way/994940927","source":"OpenStreetMap","name":""},"geometry":{"type":"LineString","coordinates":[[120.6396783,27.7758071],[120.6399786,27.7758427],[120.6412151,27.7762295],[120.6432361,27.7768997]]}},{"type":"Feature","id":"way/994940928","properties":{"highway":"unclassified","osm_type":"way","osm_id":994940928,"kind":"road","source_url":"https://www.openstreetmap.org/way/994940928","osmId":"way/994940928","source":"OpenStreetMap","name":""},"geometry":{"type":"LineString","coordinates":[[120.6477061,27.7787284],[120.6474298,27.7782752],[120.6471589,27.7778599],[120.6467244,27.7772595],[120.6463703,27.7768252],[120.6459224,27.7763767],[120.6454919,27.7759712],[120.6454235,27.7758844],[120.6453162,27.775679],[120.6451365,27.7754939],[120.6450024,27.7753254],[120.6448898,27.7751165],[120.6448173,27.7748839],[120.6447905,27.7746395],[120.6448576,27.7740628],[120.6447932,27.7738065],[120.6443098,27.7732069]]}},{"type":"Feature","id":"way/994940929","properties":{"highway":"tertiary","osm_type":"way","osm_id":994940929,"kind":"road","source_url":"https://www.openstreetmap.org/way/994940929","osmId":"way/994940929","source":"OpenStreetMap","name":""},"geometry":{"type":"LineString","coordinates":[[120.645968,27.7783482],[120.6462818,27.7782111],[120.6471589,27.7778599],[120.6482716,27.7774402],[120.6483789,27.7774023],[120.6494898,27.776894],[120.6499914,27.7766948],[120.6513113,27.7761097],[120.6515738,27.7759922],[120.6530114,27.7754371],[120.6550473,27.7750074]]}},{"type":"Feature","id":"way/994940930","properties":{"highway":"tertiary","osm_type":"way","osm_id":994940930,"kind":"road","source_url":"https://www.openstreetmap.org/way/994940930","osmId":"way/994940930","source":"OpenStreetMap","name":""},"geometry":{"type":"LineString","coordinates":[[120.6617977,27.7747995],[120.6619695,27.7747649],[120.6638208,27.7741886],[120.6641615,27.7740746],[120.6653706,27.7736715]]}},{"type":"Feature","id":"way/994940931","properties":{"highway":"tertiary","osm_type":"way","osm_id":994940931,"kind":"road","source_url":"https://www.openstreetmap.org/way/994940931","osmId":"way/994940931","source":"OpenStreetMap","name":""},"geometry":{"type":"LineString","coordinates":[[120.665873,27.7747526],[120.6667444,27.7744829],[120.667753,27.7741933],[120.6680882,27.7742147],[120.6684315,27.7741483],[120.6689358,27.7740367],[120.6706792,27.7737591],[120.6718594,27.7733817]]}},{"type":"Feature","id":"way/994940932","properties":{"waterway":"canal","osm_type":"way","osm_id":994940932,"kind":"water","source_url":"https://www.openstreetmap.org/way/994940932","osmId":"way/994940932","source":"OpenStreetMap","name":""},"geometry":{"type":"LineString","coordinates":[[120.678935,27.7631194],[120.679214,27.7633426],[120.6802171,27.7640783],[120.6809735,27.7645673]]}},{"type":"Feature","id":"way/994940933","properties":{"highway":"unclassified","osm_type":"way","osm_id":994940933,"kind":"road","source_url":"https://www.openstreetmap.org/way/994940933","osmId":"way/994940933","source":"OpenStreetMap","name":""},"geometry":{"type":"LineString","coordinates":[[120.6748608,27.7651203],[120.6752685,27.7654549],[120.6757539,27.7657943]]}},{"type":"Feature","id":"way/994940934","properties":{"highway":"unclassified","osm_type":"way","osm_id":994940934,"kind":"road","source_url":"https://www.openstreetmap.org/way/994940934","osmId":"way/994940934","source":"OpenStreetMap","name":""},"geometry":{"type":"LineString","coordinates":[[120.6740646,27.7669819],[120.6745255,27.7663829],[120.6752685,27.7654549],[120.6757459,27.7648877]]}},{"type":"Feature","id":"way/994940935","properties":{"highway":"tertiary","osm_type":"way","osm_id":994940935,"kind":"road","source_url":"https://www.openstreetmap.org/way/994940935","osmId":"way/994940935","source":"OpenStreetMap","name":""},"geometry":{"type":"LineString","coordinates":[[120.674467,27.7674357],[120.6745414,27.7673603],[120.6747374,27.7670723],[120.6757539,27.7657943],[120.6761858,27.7651938],[120.6763145,27.7650609],[120.676918,27.7644581],[120.6773204,27.7641139],[120.6782538,27.7630934],[120.6786507,27.7627065],[120.6794447,27.7620846],[120.6798041,27.761769],[120.6800316,27.7615289],[120.680169,27.7613838],[120.6802493,27.761299],[120.6806356,27.7609288],[120.6810218,27.7606297],[120.6817675,27.7599556],[120.6822851,27.7594073],[120.6826848,27.7590181],[120.6830522,27.7587048],[120.6833419,27.7584722],[120.6841037,27.7578052]]}},{"type":"Feature","id":"way/994940936","properties":{"highway":"unclassified","osm_type":"way","osm_id":994940936,"kind":"road","source_url":"https://www.openstreetmap.org/way/994940936","osmId":"way/994940936","source":"OpenStreetMap","name":""},"geometry":{"type":"LineString","coordinates":[[120.67045,27.7680187],[120.6702439,27.768127]]}},{"type":"Feature","id":"way/994940937","properties":{"highway":"unclassified","osm_type":"way","osm_id":994940937,"kind":"road","source_url":"https://www.openstreetmap.org/way/994940937","osmId":"way/994940937","source":"OpenStreetMap","name":""},"geometry":{"type":"LineString","coordinates":[[120.6730188,27.7661541],[120.6729579,27.7662444],[120.672206,27.7670439],[120.6713477,27.767547],[120.67045,27.7680187]]}},{"type":"Feature","id":"way/994940938","properties":{"bridge":"yes","highway":"tertiary","layer":"1","osm_type":"way","osm_id":994940938,"kind":"road","source_url":"https://www.openstreetmap.org/way/994940938","osmId":"way/994940938","source":"OpenStreetMap","name":""},"geometry":{"type":"LineString","coordinates":[[120.6724348,27.7748923],[120.6722751,27.7743808],[120.6720807,27.7738983]]}},{"type":"Feature","id":"way/994940939","properties":{"highway":"tertiary","name":"码头南路","osm_type":"way","osm_id":994940939,"kind":"road","source_url":"https://www.openstreetmap.org/way/994940939","osmId":"way/994940939","source":"OpenStreetMap"},"geometry":{"type":"LineString","coordinates":[[120.6733294,27.7770046],[120.6726775,27.7755176]]}},{"type":"Feature","id":"way/994940940","properties":{"highway":"tertiary","name":"码头南路","osm_type":"way","osm_id":994940940,"kind":"road","source_url":"https://www.openstreetmap.org/way/994940940","osmId":"way/994940940","source":"OpenStreetMap"},"geometry":{"type":"LineString","coordinates":[[120.6740428,27.7784141],[120.6733294,27.7770046]]}},{"type":"Feature","id":"way/994940941","properties":{"highway":"unclassified","osm_type":"way","osm_id":994940941,"kind":"road","source_url":"https://www.openstreetmap.org/way/994940941","osmId":"way/994940941","source":"OpenStreetMap","name":""},"geometry":{"type":"LineString","coordinates":[[120.6663474,27.778522],[120.6662214,27.7779833],[120.6660631,27.7774707],[120.6658539,27.7771883],[120.6657252,27.7769652],[120.665701,27.7767326],[120.6657493,27.7764763],[120.6659102,27.7762912],[120.6661677,27.7761299],[120.6667042,27.7759898],[120.6673935,27.7758332],[120.6684831,27.7756137],[120.6690484,27.775501],[120.6703413,27.7752589],[120.6705934,27.7752162],[120.670757,27.7751165],[120.6718272,27.7748934],[120.6722832,27.7748436],[120.6726721,27.7747866],[120.6732702,27.7747582],[120.6737959,27.7747155],[120.6741232,27.7747226],[120.6743753,27.7747819],[120.6745899,27.7749006],[120.6748313,27.7750928]]}},{"type":"Feature","id":"way/994940942","properties":{"highway":"tertiary","osm_type":"way","osm_id":994940942,"kind":"road","source_url":"https://www.openstreetmap.org/way/994940942","osmId":"way/994940942","source":"OpenStreetMap","name":""},"geometry":{"type":"LineString","coordinates":[[120.6641796,27.7834901],[120.6643762,27.7834645],[120.6648856,27.783363],[120.6674445,27.7828552]]}},{"type":"Feature","id":"way/994940943","properties":{"highway":"tertiary","osm_type":"way","osm_id":994940943,"kind":"road","source_url":"https://www.openstreetmap.org/way/994940943","osmId":"way/994940943","source":"OpenStreetMap","name":""},"geometry":{"type":"LineString","coordinates":[[120.6705494,27.7930528],[120.6705011,27.7929577],[120.6699738,27.7920241],[120.6697297,27.7917251],[120.6695715,27.7913454],[120.6692174,27.7901661],[120.6687829,27.7886594],[120.6685128,27.7875904],[120.6681794,27.7863529],[120.6679648,27.7855793],[120.6678817,27.7853302],[120.6677851,27.7846254],[120.6674445,27.7828552],[120.6672084,27.7819487],[120.6670341,27.7812368],[120.6668862,27.7805829],[120.6668335,27.7803729],[120.6663474,27.778522],[120.6632218,27.7790952]]}},{"type":"Feature","id":"way/994940944","properties":{"highway":"tertiary","name":"市场南路","osm_type":"way","osm_id":994940944,"kind":"road","source_url":"https://www.openstreetmap.org/way/994940944","osmId":"way/994940944","source":"OpenStreetMap"},"geometry":{"type":"LineString","coordinates":[[120.6749533,27.7780094],[120.6750555,27.7781939],[120.6754762,27.779025],[120.6759437,27.7799716],[120.676696,27.781181],[120.6768202,27.7813211]]}},{"type":"Feature","id":"way/994940945","properties":{"highway":"tertiary","name":"市场南路","osm_type":"way","osm_id":994940945,"kind":"road","source_url":"https://www.openstreetmap.org/way/994940945","osmId":"way/994940945","source":"OpenStreetMap"},"geometry":{"type":"LineString","coordinates":[[120.6773223,27.7818953],[120.6776154,27.7822429],[120.6781738,27.783088]]}},{"type":"Feature","id":"way/994940946","properties":{"highway":"unclassified","osm_type":"way","osm_id":994940946,"kind":"road","source_url":"https://www.openstreetmap.org/way/994940946","osmId":"way/994940946","source":"OpenStreetMap","name":""},"geometry":{"type":"LineString","coordinates":[[120.6788782,27.7826492],[120.6795895,27.7835101],[120.6800848,27.7840946]]}},{"type":"Feature","id":"way/994940947","properties":{"highway":"unclassified","osm_type":"way","osm_id":994940947,"kind":"road","source_url":"https://www.openstreetmap.org/way/994940947","osmId":"way/994940947","source":"OpenStreetMap","name":""},"geometry":{"type":"LineString","coordinates":[[120.6799355,27.7847013],[120.6797424,27.7845851],[120.6797665,27.7844949],[120.6800374,27.7841793],[120.6800848,27.7840946],[120.6801715,27.7839396],[120.6804398,27.7836098],[120.6804612,27.7836572]]}},{"type":"Feature","id":"way/994940948","properties":{"highway":"unclassified","osm_type":"way","osm_id":994940948,"kind":"road","source_url":"https://www.openstreetmap.org/way/994940948","osmId":"way/994940948","source":"OpenStreetMap","name":""},"geometry":{"type":"LineString","coordinates":[[120.6772363,27.7882137],[120.677543,27.7876556],[120.6776261,27.787556],[120.6777951,27.7873804],[120.6783611,27.7867943],[120.678581,27.7865499],[120.6789055,27.7861133],[120.6791496,27.7857977],[120.6793749,27.7855153],[120.6797183,27.7850431],[120.6799355,27.7847013],[120.6803432,27.7842149],[120.6807268,27.7837047],[120.6808448,27.7835789]]}},{"type":"Feature","id":"way/994940949","properties":{"highway":"unclassified","osm_type":"way","osm_id":994940949,"kind":"road","source_url":"https://www.openstreetmap.org/way/994940949","osmId":"way/994940949","source":"OpenStreetMap","name":""},"geometry":{"type":"LineString","coordinates":[[120.6776261,27.787556],[120.6774142,27.7873946],[120.6768,27.7867445],[120.6759417,27.7858119],[120.6756493,27.7855082],[120.675395,27.7851367]]}},{"type":"Feature","id":"way/994940950","properties":{"highway":"unclassified","osm_type":"way","osm_id":994940950,"kind":"road","source_url":"https://www.openstreetmap.org/way/994940950","osmId":"way/994940950","source":"OpenStreetMap","name":""},"geometry":{"type":"LineString","coordinates":[[120.6726104,27.792622],[120.6725693,27.7925438],[120.6723127,27.7918058],[120.6721383,27.7913644],[120.6721598,27.7911983],[120.6722805,27.7910275],[120.6724334,27.7909183],[120.6727043,27.7906597],[120.6737691,27.7895226],[120.6747374,27.7884363],[120.6748286,27.7883912],[120.6757432,27.7876034],[120.6760704,27.7873211],[120.6761858,27.7873187],[120.6763199,27.7873543],[120.6766874,27.7878004],[120.6768697,27.7879594]]}},{"type":"Feature","id":"way/995239370","properties":{"highway":"unclassified","osm_type":"way","osm_id":995239370,"kind":"road","source_url":"https://www.openstreetmap.org/way/995239370","osmId":"way/995239370","source":"OpenStreetMap","name":""},"geometry":{"type":"LineString","coordinates":[[120.6121808,27.7711948],[120.6125101,27.7713384],[120.6126067,27.7711983],[120.6132955,27.7714161]]}},{"type":"Feature","id":"way/995239371","properties":{"highway":"unclassified","osm_type":"way","osm_id":995239371,"kind":"road","source_url":"https://www.openstreetmap.org/way/995239371","osmId":"way/995239371","source":"OpenStreetMap","name":""},"geometry":{"type":"LineString","coordinates":[[120.6132955,27.7714161],[120.6150368,27.772029],[120.6153593,27.7720694]]}},{"type":"Feature","id":"way/995239372","properties":{"highway":"unclassified","osm_type":"way","osm_id":995239372,"kind":"road","source_url":"https://www.openstreetmap.org/way/995239372","osmId":"way/995239372","source":"OpenStreetMap","name":""},"geometry":{"type":"LineString","coordinates":[[120.6125718,27.7707593],[120.6134532,27.7710608],[120.615414,27.7717431]]}},{"type":"Feature","id":"way/995239373","properties":{"highway":"unclassified","osm_type":"way","osm_id":995239373,"kind":"road","source_url":"https://www.openstreetmap.org/way/995239373","osmId":"way/995239373","source":"OpenStreetMap","name":""},"geometry":{"type":"LineString","coordinates":[[120.6126329,27.7697607],[120.6138422,27.7701789],[120.6155589,27.7708034]]}},{"type":"Feature","id":"way/995239374","properties":{"highway":"unclassified","osm_type":"way","osm_id":995239374,"kind":"road","source_url":"https://www.openstreetmap.org/way/995239374","osmId":"way/995239374","source":"OpenStreetMap","name":""},"geometry":{"type":"LineString","coordinates":[[120.6140175,27.7697791],[120.6156142,27.7702964]]}},{"type":"Feature","id":"way/995239375","properties":{"highway":"unclassified","osm_type":"way","osm_id":995239375,"kind":"road","source_url":"https://www.openstreetmap.org/way/995239375","osmId":"way/995239375","source":"OpenStreetMap","name":""},"geometry":{"type":"LineString","coordinates":[[120.6130135,27.7719729],[120.6131995,27.7716326],[120.6132955,27.7714161],[120.6134532,27.7710608],[120.6136511,27.7706148],[120.6138422,27.7701789],[120.6140175,27.7697791],[120.6127551,27.7693837]]}},{"type":"Feature","id":"way/995239379","properties":{"name":"瑞平塘河","name:en":"Ruiping River","waterway":"canal","osm_type":"way","osm_id":995239379,"kind":"water","source_url":"https://www.openstreetmap.org/way/995239379","osmId":"way/995239379","source":"OpenStreetMap"},"geometry":{"type":"LineString","coordinates":[[120.604561,27.7653704],[120.6061023,27.7669881],[120.6061221,27.7672467]]}},{"type":"Feature","id":"way/995239380","properties":{"highway":"tertiary","osm_type":"way","osm_id":995239380,"kind":"road","source_url":"https://www.openstreetmap.org/way/995239380","osmId":"way/995239380","source":"OpenStreetMap","name":""},"geometry":{"type":"LineString","coordinates":[[120.5983791,27.7644371],[120.5985358,27.7645981],[120.598906,27.7648378],[120.5995604,27.765284],[120.599995,27.7647975],[120.6010168,27.7654954]]}},{"type":"Feature","id":"way/995239381","properties":{"highway":"unclassified","osm_type":"way","osm_id":995239381,"kind":"road","source_url":"https://www.openstreetmap.org/way/995239381","osmId":"way/995239381","source":"OpenStreetMap","name":""},"geometry":{"type":"LineString","coordinates":[[120.5985868,27.7698408],[120.5993995,27.7689319],[120.6002873,27.7679113],[120.6013173,27.7667294],[120.6018859,27.7661005]]}},{"type":"Feature","id":"way/995239382","properties":{"highway":"tertiary","osm_type":"way","osm_id":995239382,"kind":"road","source_url":"https://www.openstreetmap.org/way/995239382","osmId":"way/995239382","source":"OpenStreetMap","name":""},"geometry":{"type":"LineString","coordinates":[[120.6009015,27.7711865],[120.6030178,27.7686874],[120.6031734,27.7686447],[120.6032699,27.7685711],[120.6034148,27.7683029],[120.6038251,27.7678401],[120.6041998,27.7673657],[120.6047586,27.7666582],[120.6048444,27.7666273],[120.6049275,27.7666487],[120.6051931,27.766803],[120.6055284,27.7670593],[120.6069141,27.7680601]]}},{"type":"Feature","id":"way/995239455","properties":{"highway":"unclassified","osm_type":"way","osm_id":995239455,"kind":"road","source_url":"https://www.openstreetmap.org/way/995239455","osmId":"way/995239455","source":"OpenStreetMap","name":""},"geometry":{"type":"LineString","coordinates":[[120.6152472,27.7691452],[120.6157047,27.7690624],[120.6162384,27.7690458],[120.6165817,27.769079],[120.6170216,27.7691858],[120.6173059,27.7693306],[120.6174186,27.7694635],[120.6174561,27.7696059],[120.6174508,27.769753],[120.6168537,27.7716747],[120.6166247,27.7723826],[120.6161338,27.7732939],[120.6154096,27.7745422],[120.6148785,27.7752542],[120.6147927,27.7754701],[120.6137466,27.7770411],[120.613457,27.7775205],[120.6124404,27.7794119],[120.6119174,27.7803777],[120.6112817,27.7816568],[120.6106755,27.7830094],[120.6097233,27.7852448],[120.6086022,27.7878384],[120.6085405,27.7879048],[120.607768,27.789134],[120.6069633,27.79028],[120.6063277,27.7910453],[120.6058073,27.7915993],[120.6052387,27.792081],[120.6045386,27.7926552],[120.6036964,27.7932294],[120.6029883,27.7936138],[120.60202,27.7940481],[120.5996677,27.7950138],[120.5980155,27.7955215],[120.5966261,27.7958679],[120.5954459,27.796072],[120.5942658,27.7962357],[120.5932519,27.7963022],[120.5922568,27.7964279],[120.5921093,27.7964089],[120.5918705,27.7956141]]}},{"type":"Feature","id":"way/995239456","properties":{"highway":"tertiary","osm_type":"way","osm_id":995239456,"kind":"road","source_url":"https://www.openstreetmap.org/way/995239456","osmId":"way/995239456","source":"OpenStreetMap","name":""},"geometry":{"type":"LineString","coordinates":[[120.5994322,27.7847669],[120.5999199,27.7858451],[120.600805,27.7878906],[120.6009364,27.7880187]]}},{"type":"Feature","id":"way/995239457","properties":{"highway":"tertiary","osm_type":"way","osm_id":995239457,"kind":"road","source_url":"https://www.openstreetmap.org/way/995239457","osmId":"way/995239457","source":"OpenStreetMap","name":""},"geometry":{"type":"LineString","coordinates":[[120.5986217,27.7932976],[120.5991018,27.7923729],[120.5995041,27.7917132],[120.5998394,27.7909112],[120.600062,27.7907451],[120.6002739,27.7901211],[120.6003785,27.7897224],[120.6003919,27.7894638],[120.6004161,27.7892526],[120.6004912,27.7888919],[120.6009364,27.7880187],[120.6015909,27.786996],[120.6027576,27.7852044],[120.6027224,27.7840191]]}},{"type":"Feature","id":"way/995239458","properties":{"highway":"tertiary","osm_type":"way","osm_id":995239458,"kind":"road","source_url":"https://www.openstreetmap.org/way/995239458","osmId":"way/995239458","source":"OpenStreetMap","name":""},"geometry":{"type":"LineString","coordinates":[[120.5874061,27.7891378],[120.5877775,27.7902824],[120.588035,27.7911817],[120.5884454,27.7923824],[120.5887216,27.7934477],[120.5890239,27.794673],[120.5891374,27.7950944],[120.5895692,27.7956425],[120.590001,27.7958371],[120.5902103,27.7959368],[120.5904248,27.7959059],[120.5904785,27.7959368],[120.5905938,27.7959984],[120.5907413,27.7959534],[120.5910391,27.7958015],[120.5915621,27.7956259],[120.5917311,27.7955832],[120.5918705,27.7956141],[120.5919993,27.7956236],[120.5921683,27.7955642],[120.5929917,27.7952368],[120.5934718,27.7949758],[120.5938768,27.7948667],[120.5946292,27.7946151],[120.5951522,27.7944289],[120.5956122,27.7942462],[120.5968782,27.7936993],[120.5969748,27.7936257],[120.5973396,27.7932769],[120.5974254,27.7932579],[120.5977499,27.7933528],[120.5979109,27.7933552],[120.5983669,27.7932959],[120.5986217,27.7932976],[120.5990937,27.7933006],[120.5995283,27.7932294],[120.6002095,27.7931179],[120.6007621,27.7929518],[120.6014568,27.7926718],[120.601953,27.7922352],[120.6023124,27.7918746],[120.60283,27.7912126],[120.6032217,27.7905363],[120.6036776,27.7898102],[120.6036589,27.7897462],[120.6036025,27.789656],[120.6027415,27.7890438],[120.6019074,27.7884529],[120.6009364,27.7880187]]}},{"type":"Feature","id":"way/995601637","properties":{"highway":"unclassified","osm_type":"way","osm_id":995601637,"kind":"road","source_url":"https://www.openstreetmap.org/way/995601637","osmId":"way/995601637","source":"OpenStreetMap","name":""},"geometry":{"type":"LineString","coordinates":[[120.6399062,27.764587],[120.6401208,27.7647714],[120.6403381,27.7651274],[120.6404212,27.7651297],[120.641191,27.7648212],[120.6413385,27.7647951],[120.6415129,27.7644937],[120.6416362,27.764496],[120.6417999,27.7644225],[120.6425911,27.7638268],[120.6436425,27.7630032],[120.6440127,27.7627326],[120.6445806,27.7623767]]}},{"type":"Feature","id":"way/995601638","properties":{"highway":"unclassified","osm_type":"way","osm_id":995601638,"kind":"road","source_url":"https://www.openstreetmap.org/way/995601638","osmId":"way/995601638","source":"OpenStreetMap","name":""},"geometry":{"type":"LineString","coordinates":[[120.6405285,27.7664778],[120.6406331,27.766288],[120.6407618,27.7660957],[120.6409228,27.7659937],[120.6413144,27.7659533],[120.6414324,27.7658774]]}},{"type":"Feature","id":"way/995601639","properties":{"highway":"unclassified","osm_type":"way","osm_id":995601639,"kind":"road","source_url":"https://www.openstreetmap.org/way/995601639","osmId":"way/995601639","source":"OpenStreetMap","name":""},"geometry":{"type":"LineString","coordinates":[[120.6460404,27.7622226],[120.6463006,27.7620728],[120.6466734,27.7619873],[120.6469899,27.7620775],[120.6471808,27.7621442],[120.6476364,27.7625],[120.6477973,27.7625403]]}},{"type":"Feature","id":"way/995601640","properties":{"highway":"unclassified","osm_type":"way","osm_id":995601640,"kind":"road","source_url":"https://www.openstreetmap.org/way/995601640","osmId":"way/995601640","source":"OpenStreetMap","name":""},"geometry":{"type":"LineString","coordinates":[[120.6495514,27.7620419],[120.6500906,27.7617001],[120.6505385,27.7614248]]}},{"type":"Feature","id":"way/995601641","properties":{"highway":"unclassified","osm_type":"way","osm_id":995601641,"kind":"road","source_url":"https://www.openstreetmap.org/way/995601641","osmId":"way/995601641","source":"OpenStreetMap","name":""},"geometry":{"type":"LineString","coordinates":[[120.6455587,27.7591052],[120.6465849,27.7583867],[120.6468613,27.7587429],[120.6479931,27.7600197],[120.6488593,27.7609859],[120.6489667,27.7610783],[120.6495514,27.7620419],[120.6497258,27.7622911]]}},{"type":"Feature","id":"way/995601642","properties":{"highway":"unclassified","osm_type":"way","osm_id":995601642,"kind":"road","source_url":"https://www.openstreetmap.org/way/995601642","osmId":"way/995601642","source":"OpenStreetMap","name":""},"geometry":{"type":"LineString","coordinates":[[120.6458637,27.7594487],[120.6455587,27.7591052],[120.6453592,27.7588804]]}},{"type":"Feature","id":"way/995601643","properties":{"highway":"unclassified","osm_type":"way","osm_id":995601643,"kind":"road","source_url":"https://www.openstreetmap.org/way/995601643","osmId":"way/995601643","source":"OpenStreetMap","name":""},"geometry":{"type":"LineString","coordinates":[[120.6478841,27.7537013],[120.6493396,27.752467],[120.6504637,27.7515383]]}},{"type":"Feature","id":"way/995601644","properties":{"highway":"unclassified","osm_type":"way","osm_id":995601644,"kind":"road","source_url":"https://www.openstreetmap.org/way/995601644","osmId":"way/995601644","source":"OpenStreetMap","name":""},"geometry":{"type":"LineString","coordinates":[[120.6339638,27.7633888],[120.6348234,27.76393],[120.6362343,27.7648544],[120.6364438,27.7650006]]}},{"type":"Feature","id":"way/995601645","properties":{"highway":"unclassified","osm_type":"way","osm_id":995601645,"kind":"road","source_url":"https://www.openstreetmap.org/way/995601645","osmId":"way/995601645","source":"OpenStreetMap","name":""},"geometry":{"type":"LineString","coordinates":[[120.6375405,27.7657919],[120.6382191,27.7646764],[120.6386964,27.7639172]]}},{"type":"Feature","id":"way/995601646","properties":{"highway":"unclassified","osm_type":"way","osm_id":995601646,"kind":"road","source_url":"https://www.openstreetmap.org/way/995601646","osmId":"way/995601646","source":"OpenStreetMap","name":""},"geometry":{"type":"LineString","coordinates":[[120.6364297,27.7650258],[120.6375405,27.7657919],[120.638372,27.7663781],[120.6384901,27.7664768]]}},{"type":"Feature","id":"way/995601647","properties":{"highway":"unclassified","osm_type":"way","osm_id":995601647,"kind":"road","source_url":"https://www.openstreetmap.org/way/995601647","osmId":"way/995601647","source":"OpenStreetMap","name":""},"geometry":{"type":"LineString","coordinates":[[120.6322646,27.7675173],[120.6328247,27.7668129],[120.6341739,27.765263]]}},{"type":"Feature","id":"way/995601648","properties":{"highway":"unclassified","osm_type":"way","osm_id":995601648,"kind":"road","source_url":"https://www.openstreetmap.org/way/995601648","osmId":"way/995601648","source":"OpenStreetMap","name":""},"geometry":{"type":"LineString","coordinates":[[120.6323849,27.7697273],[120.6335011,27.7682507],[120.6340209,27.7676398]]}},{"type":"Feature","id":"way/995601649","properties":{"highway":"unclassified","osm_type":"way","osm_id":995601649,"kind":"road","source_url":"https://www.openstreetmap.org/way/995601649","osmId":"way/995601649","source":"OpenStreetMap","name":""},"geometry":{"type":"LineString","coordinates":[[120.6301081,27.771063],[120.6316316,27.7718795]]}},{"type":"Feature","id":"way/995601650","properties":{"highway":"unclassified","osm_type":"way","osm_id":995601650,"kind":"road","source_url":"https://www.openstreetmap.org/way/995601650","osmId":"way/995601650","source":"OpenStreetMap","name":""},"geometry":{"type":"LineString","coordinates":[[120.631658,27.7724299],[120.6316316,27.7718795],[120.632785,27.7718913],[120.6329352,27.7719008],[120.6330907,27.7719673],[120.6340981,27.7724023]]}},{"type":"Feature","id":"way/995601651","properties":{"highway":"unclassified","osm_type":"way","osm_id":995601651,"kind":"road","source_url":"https://www.openstreetmap.org/way/995601651","osmId":"way/995601651","source":"OpenStreetMap","name":""},"geometry":{"type":"LineString","coordinates":[[120.6290423,27.7714937],[120.6295819,27.7717724],[120.6310699,27.7726355]]}},{"type":"Feature","id":"way/995601652","properties":{"highway":"unclassified","osm_type":"way","osm_id":995601652,"kind":"road","source_url":"https://www.openstreetmap.org/way/995601652","osmId":"way/995601652","source":"OpenStreetMap","name":""},"geometry":{"type":"LineString","coordinates":[[120.628549,27.7720672],[120.6291253,27.7723842],[120.6295556,27.7726603],[120.6306325,27.7732993]]}},{"type":"Feature","id":"way/995601653","properties":{"highway":"unclassified","osm_type":"way","osm_id":995601653,"kind":"road","source_url":"https://www.openstreetmap.org/way/995601653","osmId":"way/995601653","source":"OpenStreetMap","name":""},"geometry":{"type":"LineString","coordinates":[[120.6273933,27.7745515],[120.6283773,27.7753135]]}},{"type":"Feature","id":"way/995601654","properties":{"highway":"unclassified","osm_type":"way","osm_id":995601654,"kind":"road","source_url":"https://www.openstreetmap.org/way/995601654","osmId":"way/995601654","source":"OpenStreetMap","name":""},"geometry":{"type":"LineString","coordinates":[[120.6286381,27.7750122],[120.62934,27.7740091]]}},{"type":"Feature","id":"way/995601655","properties":{"highway":"unclassified","osm_type":"way","osm_id":995601655,"kind":"road","source_url":"https://www.openstreetmap.org/way/995601655","osmId":"way/995601655","source":"OpenStreetMap","name":""},"geometry":{"type":"LineString","coordinates":[[120.6299758,27.7756167],[120.6304648,27.7753538],[120.6310576,27.7750362]]}},{"type":"Feature","id":"way/995601656","properties":{"highway":"tertiary","osm_type":"way","osm_id":995601656,"kind":"road","source_url":"https://www.openstreetmap.org/way/995601656","osmId":"way/995601656","source":"OpenStreetMap","name":""},"geometry":{"type":"LineString","coordinates":[[120.6321656,27.7768162],[120.6314284,27.7756042],[120.6310576,27.7750362]]}},{"type":"Feature","id":"way/995601657","properties":{"highway":"secondary","lanes":"2","name":"滨江大道","oneway":"yes","osm_type":"way","osm_id":995601657,"kind":"road","source_url":"https://www.openstreetmap.org/way/995601657","osmId":"way/995601657","source":"OpenStreetMap"},"geometry":{"type":"LineString","coordinates":[[120.6329213,27.764271],[120.6328386,27.7645027],[120.6326507,27.7649741],[120.6323644,27.7655786],[120.6319767,27.7662376],[120.6318214,27.7664621],[120.6312872,27.7674318],[120.6307225,27.7685643],[120.6306819,27.7686319],[120.6299967,27.7697727],[120.6298961,27.7699367],[120.6293041,27.7710937],[120.6290423,27.7714937],[120.628549,27.7720672],[120.6283009,27.7723871],[120.6277127,27.7731626]]}},{"type":"Feature","id":"way/995601658","properties":{"highway":"unclassified","osm_type":"way","osm_id":995601658,"kind":"road","source_url":"https://www.openstreetmap.org/way/995601658","osmId":"way/995601658","source":"OpenStreetMap","name":""},"geometry":{"type":"LineString","coordinates":[[120.6388398,27.757226],[120.6375973,27.7595025]]}},{"type":"Feature","id":"way/995601659","properties":{"highway":"unclassified","osm_type":"way","osm_id":995601659,"kind":"road","source_url":"https://www.openstreetmap.org/way/995601659","osmId":"way/995601659","source":"OpenStreetMap","name":""},"geometry":{"type":"LineString","coordinates":[[120.6404643,27.7557382],[120.6388398,27.757226]]}},{"type":"Feature","id":"way/995601660","properties":{"natural":"water","osm_type":"way","osm_id":995601660,"kind":"water","source_url":"https://www.openstreetmap.org/way/995601660","osmId":"way/995601660","source":"OpenStreetMap","name":""},"geometry":{"type":"Polygon","coordinates":[[[120.6454235,27.7670308],[120.6455791,27.7670118],[120.6454611,27.7665419],[120.645555,27.7664636],[120.6465822,27.7659913],[120.6469256,27.7659153],[120.6474647,27.7657373],[120.6473681,27.7655593],[120.6468692,27.7657088],[120.6466734,27.7656685],[120.6463623,27.7652152],[120.6462148,27.7652721],[120.6464294,27.7657824],[120.6463757,27.7658821],[120.6462845,27.7659462],[120.6458259,27.7661906],[120.6452572,27.7664446],[120.6450936,27.7665134],[120.6449997,27.7665799],[120.6450105,27.7667175],[120.6452009,27.766644],[120.645276,27.7666724],[120.6453404,27.7667792],[120.6454235,27.7670308]]]}},{"type":"Feature","id":"way/995601661","properties":{"highway":"unclassified","osm_type":"way","osm_id":995601661,"kind":"road","source_url":"https://www.openstreetmap.org/way/995601661","osmId":"way/995601661","source":"OpenStreetMap","name":""},"geometry":{"type":"LineString","coordinates":[[120.667374,27.7560962],[120.667552,27.7559556],[120.6688043,27.7549664],[120.6685495,27.7547219],[120.6674391,27.7556334],[120.6673935,27.7557877],[120.667552,27.7559556]]}},{"type":"Feature","id":"way/995601663","properties":{"highway":"unclassified","osm_type":"way","osm_id":995601663,"kind":"road","source_url":"https://www.openstreetmap.org/way/995601663","osmId":"way/995601663","source":"OpenStreetMap","name":""},"geometry":{"type":"LineString","coordinates":[[120.6659853,27.7508434],[120.6670904,27.7519234]]}},{"type":"Feature","id":"way/995611343","properties":{"highway":"secondary","name":"望东西路","oneway":"yes","osm_type":"way","osm_id":995611343,"kind":"road","source_url":"https://www.openstreetmap.org/way/995611343","osmId":"way/995611343","source":"OpenStreetMap"},"geometry":{"type":"LineString","coordinates":[[120.6672357,27.7681106],[120.6671936,27.7681335],[120.6666975,27.7683514],[120.6655363,27.7687511],[120.6642895,27.7692819],[120.6634653,27.7697093],[120.6632323,27.7698072],[120.662966,27.7699102],[120.6627049,27.7700317],[120.6624542,27.7701457]]}},{"type":"Feature","id":"way/995611344","properties":{"highway":"secondary","name":"望东西路","oneway":"yes","osm_type":"way","osm_id":995611344,"kind":"road","source_url":"https://www.openstreetmap.org/way/995611344","osmId":"way/995611344","source":"OpenStreetMap"},"geometry":{"type":"LineString","coordinates":[[120.6624181,27.7700723],[120.6634247,27.7696458],[120.6642543,27.769216],[120.6655064,27.7686816],[120.6666802,27.7682716],[120.6671519,27.7680615]]}},{"type":"Feature","id":"way/995611345","properties":{"highway":"secondary","osm_type":"way","osm_id":995611345,"kind":"road","source_url":"https://www.openstreetmap.org/way/995611345","osmId":"way/995611345","source":"OpenStreetMap","name":""},"geometry":{"type":"LineString","coordinates":[[120.6336911,27.7769181],[120.6337181,27.7770188],[120.6338893,27.7772711],[120.6341206,27.7776959],[120.6345422,27.7785293],[120.6345669,27.7785843],[120.6348073,27.7791198],[120.6350036,27.7794786],[120.6351538,27.7796684],[120.6353362,27.7797918],[120.6354817,27.7798581],[120.6355905,27.7799076],[120.6357943,27.7799456],[120.6359982,27.7799266],[120.6361698,27.7798791],[120.6365059,27.7797536],[120.6388231,27.7788877],[120.6412224,27.777728],[120.6412801,27.7777003],[120.6414799,27.7776123]]}},{"type":"Feature","id":"way/995611346","properties":{"highway":"unclassified","osm_type":"way","osm_id":995611346,"kind":"road","source_url":"https://www.openstreetmap.org/way/995611346","osmId":"way/995611346","source":"OpenStreetMap","name":""},"geometry":{"type":"LineString","coordinates":[[120.6715972,27.7729178],[120.6726828,27.7724751]]}},{"type":"Feature","id":"way/995611347","properties":{"highway":"unclassified","osm_type":"way","osm_id":995611347,"kind":"road","source_url":"https://www.openstreetmap.org/way/995611347","osmId":"way/995611347","source":"OpenStreetMap","name":""},"geometry":{"type":"LineString","coordinates":[[120.6753945,27.7741364],[120.6764379,27.7735265],[120.6771064,27.7731242],[120.6780928,27.7725606],[120.6784147,27.7723494],[120.6786185,27.7721809]]}},{"type":"Feature","id":"way/995611348","properties":{"highway":"unclassified","osm_type":"way","osm_id":995611348,"kind":"road","source_url":"https://www.openstreetmap.org/way/995611348","osmId":"way/995611348","source":"OpenStreetMap","name":""},"geometry":{"type":"LineString","coordinates":[[120.6774759,27.7741839],[120.6780103,27.773924],[120.678412,27.7736404],[120.6788895,27.7733437],[120.6793132,27.7730874],[120.6796003,27.7728513]]}},{"type":"Feature","id":"way/995611349","properties":{"highway":"unclassified","osm_type":"way","osm_id":995611349,"kind":"road","source_url":"https://www.openstreetmap.org/way/995611349","osmId":"way/995611349","source":"OpenStreetMap","name":""},"geometry":{"type":"LineString","coordinates":[[120.6802627,27.7732797],[120.6801528,27.7734007],[120.6799275,27.7735526],[120.6795922,27.7737068],[120.6790584,27.7739655],[120.6784073,27.7743678],[120.6766257,27.7753064]]}},{"type":"Feature","id":"way/995611350","properties":{"highway":"unclassified","osm_type":"way","osm_id":995611350,"kind":"road","source_url":"https://www.openstreetmap.org/way/995611350","osmId":"way/995611350","source":"OpenStreetMap","name":""},"geometry":{"type":"LineString","coordinates":[[120.6771064,27.7731242],[120.6767393,27.7727143]]}},{"type":"Feature","id":"way/995611351","properties":{"highway":"tertiary","oneway":"yes","osm_type":"way","osm_id":995611351,"kind":"road","source_url":"https://www.openstreetmap.org/way/995611351","osmId":"way/995611351","source":"OpenStreetMap","name":""},"geometry":{"type":"LineString","coordinates":[[120.6999073,27.7744757],[120.698022,27.7757],[120.6961288,27.7769669],[120.6958721,27.7771387],[120.6936599,27.778619],[120.6924261,27.7794141],[120.6912893,27.7801805]]}},{"type":"Feature","id":"way/995611352","properties":{"highway":"unclassified","osm_type":"way","osm_id":995611352,"kind":"road","source_url":"https://www.openstreetmap.org/way/995611352","osmId":"way/995611352","source":"OpenStreetMap","name":""},"geometry":{"type":"LineString","coordinates":[[120.6912893,27.7801805],[120.6911658,27.7800682]]}},{"type":"Feature","id":"way/995611353","properties":{"highway":"tertiary","oneway":"yes","osm_type":"way","osm_id":995611353,"kind":"road","source_url":"https://www.openstreetmap.org/way/995611353","osmId":"way/995611353","source":"OpenStreetMap","name":""},"geometry":{"type":"LineString","coordinates":[[120.6911658,27.7800682],[120.6916058,27.7797845],[120.6923252,27.7793199],[120.6935586,27.7785139],[120.6957753,27.7770411],[120.6960339,27.7768692],[120.6979338,27.7756069],[120.6998121,27.7743677],[120.6998548,27.7744161],[120.6999073,27.7744757]]}},{"type":"Feature","id":"way/995611354","properties":{"highway":"unclassified","osm_type":"way","osm_id":995611354,"kind":"road","source_url":"https://www.openstreetmap.org/way/995611354","osmId":"way/995611354","source":"OpenStreetMap","name":""},"geometry":{"type":"LineString","coordinates":[[120.6842867,27.7813306],[120.6843477,27.7812225],[120.6846535,27.7811679],[120.6849244,27.7811205],[120.6852302,27.7810469],[120.6855118,27.7808523],[120.6857827,27.7807005],[120.6859946,27.7806435],[120.686169,27.7806293],[120.6863379,27.7806459],[120.6865418,27.7805818],[120.6868771,27.7803801],[120.6873666,27.7800754]]}},{"type":"Feature","id":"way/995611355","properties":{"highway":"unclassified","osm_type":"way","osm_id":995611355,"kind":"road","source_url":"https://www.openstreetmap.org/way/995611355","osmId":"way/995611355","source":"OpenStreetMap","name":""},"geometry":{"type":"LineString","coordinates":[[120.6901815,27.7755721],[120.6894646,27.7749528]]}},{"type":"Feature","id":"way/995611356","properties":{"highway":"unclassified","osm_type":"way","osm_id":995611356,"kind":"road","source_url":"https://www.openstreetmap.org/way/995611356","osmId":"way/995611356","source":"OpenStreetMap","name":""},"geometry":{"type":"LineString","coordinates":[[120.6879712,27.7806579],[120.6880608,27.7805813],[120.6883228,27.7804181],[120.6895646,27.7796516],[120.6902164,27.7792054],[120.6905839,27.7789515],[120.692587,27.7776254]]}},{"type":"Feature","id":"way/995611357","properties":{"highway":"unclassified","osm_type":"way","osm_id":995611357,"kind":"road","source_url":"https://www.openstreetmap.org/way/995611357","osmId":"way/995611357","source":"OpenStreetMap","name":""},"geometry":{"type":"LineString","coordinates":[[120.689393,27.7760468],[120.6903011,27.7768943]]}},{"type":"Feature","id":"way/995611358","properties":{"highway":"unclassified","osm_type":"way","osm_id":995611358,"kind":"road","source_url":"https://www.openstreetmap.org/way/995611358","osmId":"way/995611358","source":"OpenStreetMap","name":""},"geometry":{"type":"LineString","coordinates":[[120.6864236,27.7790168],[120.6875128,27.7781636],[120.68773,27.7780189],[120.6884998,27.7775476],[120.6893072,27.7770649],[120.689621,27.7773497],[120.6903011,27.7768943],[120.6910962,27.7763621]]}},{"type":"Feature","id":"way/995611359","properties":{"highway":"unclassified","osm_type":"way","osm_id":995611359,"kind":"road","source_url":"https://www.openstreetmap.org/way/995611359","osmId":"way/995611359","source":"OpenStreetMap","name":""},"geometry":{"type":"LineString","coordinates":[[120.6842306,27.7768528],[120.6855789,27.7759448],[120.6863454,27.7754255],[120.6866893,27.7751545],[120.6875959,27.7743927]]}},{"type":"Feature","id":"way/995611360","properties":{"highway":"unclassified","osm_type":"way","osm_id":995611360,"kind":"road","source_url":"https://www.openstreetmap.org/way/995611360","osmId":"way/995611360","source":"OpenStreetMap","name":""},"geometry":{"type":"LineString","coordinates":[[120.68381,27.7808567],[120.6854126,27.7798367],[120.6862843,27.7792647],[120.6864192,27.7791626]]}},{"type":"Feature","id":"way/995611361","properties":{"highway":"tertiary","osm_type":"way","osm_id":995611361,"kind":"road","source_url":"https://www.openstreetmap.org/way/995611361","osmId":"way/995611361","source":"OpenStreetMap","name":""},"geometry":{"type":"LineString","coordinates":[[120.6942075,27.7717157],[120.6948942,27.7724277],[120.6962138,27.7738089],[120.6979338,27.7756069],[120.698022,27.7757],[120.6986734,27.7764146]]}},{"type":"Feature","id":"way/995611362","properties":{"waterway":"canal","osm_type":"way","osm_id":995611362,"kind":"water","source_url":"https://www.openstreetmap.org/way/995611362","osmId":"way/995611362","source":"OpenStreetMap","name":""},"geometry":{"type":"LineString","coordinates":[[120.6961146,27.7827199],[120.6958571,27.7823853],[120.6955031,27.781989],[120.6951168,27.7815809]]}},{"type":"Feature","id":"way/995611363","properties":{"waterway":"canal","osm_type":"way","osm_id":995611363,"kind":"water","source_url":"https://www.openstreetmap.org/way/995611363","osmId":"way/995611363","source":"OpenStreetMap","name":""},"geometry":{"type":"LineString","coordinates":[[120.6811801,27.7896109],[120.6821564,27.7886309],[120.6828725,27.7878929],[120.6837456,27.7870961]]}},{"type":"Feature","id":"way/995611364","properties":{"highway":"unclassified","osm_type":"way","osm_id":995611364,"kind":"road","source_url":"https://www.openstreetmap.org/way/995611364","osmId":"way/995611364","source":"OpenStreetMap","name":""},"geometry":{"type":"LineString","coordinates":[[120.6809467,27.7901211],[120.6813142,27.7896465],[120.6823468,27.7886309],[120.6830174,27.7879546],[120.6833124,27.7876462],[120.6835538,27.7874445]]}},{"type":"Feature","id":"way/995611365","properties":{"highway":"unclassified","osm_type":"way","osm_id":995611365,"kind":"road","source_url":"https://www.openstreetmap.org/way/995611365","osmId":"way/995611365","source":"OpenStreetMap","name":""},"geometry":{"type":"LineString","coordinates":[[120.6798932,27.7893463],[120.6804129,27.7897034],[120.6809467,27.7901211],[120.6816406,27.7908012]]}},{"type":"Feature","id":"way/995611366","properties":{"highway":"unclassified","osm_type":"way","osm_id":995611366,"kind":"road","source_url":"https://www.openstreetmap.org/way/995611366","osmId":"way/995611366","source":"OpenStreetMap","name":""},"geometry":{"type":"LineString","coordinates":[[120.6812739,27.7876034],[120.6821322,27.7884458],[120.6823468,27.7886309],[120.6832076,27.7893613]]}},{"type":"Feature","id":"way/995611367","properties":{"highway":"unclassified","osm_type":"way","osm_id":995611367,"kind":"road","source_url":"https://www.openstreetmap.org/way/995611367","osmId":"way/995611367","source":"OpenStreetMap","name":""},"geometry":{"type":"LineString","coordinates":[[120.6747374,27.7903156],[120.6758237,27.7890343],[120.676749,27.7880495],[120.6768697,27.7879594],[120.6769589,27.7880176],[120.6772363,27.7882137],[120.6785418,27.7891363]]}},{"type":"Feature","id":"way/995611368","properties":{"highway":"tertiary","osm_type":"way","osm_id":995611368,"kind":"road","source_url":"https://www.openstreetmap.org/way/995611368","osmId":"way/995611368","source":"OpenStreetMap","name":""},"geometry":{"type":"LineString","coordinates":[[120.6817669,27.7928011],[120.6815237,27.7926926],[120.6811581,27.7926085],[120.6799044,27.7923836],[120.6773247,27.7919457],[120.6770173,27.7920193]]}},{"type":"Feature","id":"way/995611369","properties":{"highway":"unclassified","osm_type":"way","osm_id":995611369,"kind":"road","source_url":"https://www.openstreetmap.org/way/995611369","osmId":"way/995611369","source":"OpenStreetMap","name":""},"geometry":{"type":"LineString","coordinates":[[120.6753919,27.7938843],[120.6756118,27.7951775],[120.6755957,27.7952321],[120.6755072,27.7954907],[120.6751397,27.796677],[120.6751414,27.7968911]]}},{"type":"Feature","id":"way/995613307","properties":{"natural":"water","osm_type":"way","osm_id":995613307,"kind":"water","source_url":"https://www.openstreetmap.org/way/995613307","osmId":"way/995613307","source":"OpenStreetMap","name":""},"geometry":{"type":"Polygon","coordinates":[[[120.6596405,27.7705338],[120.6598216,27.7711829],[120.6599745,27.7718581],[120.6600443,27.7722093],[120.660342,27.7730305],[120.6605083,27.7735027],[120.6606799,27.7741174],[120.6608301,27.7747392],[120.6609347,27.7756434],[120.6610393,27.7760349],[120.6611574,27.7762722],[120.6612781,27.7762675],[120.6606102,27.77636],[120.6606692,27.7762651],[120.6606638,27.7754511],[120.660637,27.7750026],[120.6605458,27.7745612],[120.6603017,27.7737282],[120.6602856,27.7735431],[120.6599879,27.7726436],[120.659709,27.7717631],[120.6595937,27.7712114],[120.6594408,27.7708055],[120.6593723,27.7705754],[120.6596405,27.7705338]]]}},{"type":"Feature","id":"way/995613308","properties":{"natural":"water","osm_type":"way","osm_id":995613308,"kind":"water","source_url":"https://www.openstreetmap.org/way/995613308","osmId":"way/995613308","source":"OpenStreetMap","name":""},"geometry":{"type":"Polygon","coordinates":[[[120.6617233,27.7695631],[120.6607979,27.7700568],[120.6603822,27.7702633],[120.6601167,27.7703392],[120.6597371,27.7705066],[120.6596405,27.7705338],[120.6593723,27.7705754],[120.6592409,27.7701149],[120.6594569,27.7700734],[120.6595548,27.7703535],[120.6598082,27.7702669],[120.6603031,27.7701067],[120.6607402,27.7699346],[120.661616,27.7695014],[120.6616697,27.7694492],[120.6617367,27.7694326],[120.6617233,27.7695631]]]}},{"type":"Feature","id":"way/995613309","properties":{"natural":"water","osm_type":"way","osm_id":995613309,"kind":"water","source_url":"https://www.openstreetmap.org/way/995613309","osmId":"way/995613309","source":"OpenStreetMap","name":""},"geometry":{"type":"Polygon","coordinates":[[[120.6624676,27.7702383],[120.6618655,27.7691526],[120.6619567,27.768939],[120.6619218,27.7688939],[120.6617904,27.7689319],[120.661616,27.7689912],[120.6617823,27.7693662],[120.6617367,27.7694326],[120.6617233,27.7695631],[120.6617957,27.7696011],[120.6618869,27.7697032],[120.6619942,27.7698717],[120.6622504,27.7703273],[120.6624676,27.7702383]]]}},{"type":"Feature","id":"way/995613310","properties":{"highway":"unclassified","osm_type":"way","osm_id":995613310,"kind":"road","source_url":"https://www.openstreetmap.org/way/995613310","osmId":"way/995613310","source":"OpenStreetMap","name":""},"geometry":{"type":"LineString","coordinates":[[120.6556937,27.775024],[120.6550983,27.7751426],[120.6550473,27.7750074],[120.654999,27.7748175],[120.6556132,27.7746988]]}},{"type":"Feature","id":"way/995613311","properties":{"highway":"unclassified","osm_type":"way","osm_id":995613311,"kind":"road","source_url":"https://www.openstreetmap.org/way/995613311","osmId":"way/995613311","source":"OpenStreetMap","name":""},"geometry":{"type":"LineString","coordinates":[[120.6569518,27.7756079],[120.6567103,27.7756362],[120.6564474,27.7756054],[120.6561416,27.7754725],[120.6559244,27.7753111],[120.6557956,27.7751497],[120.6556937,27.775024],[120.6556132,27.7746988],[120.655632,27.774528],[120.655683,27.7743025],[120.6558037,27.7740771],[120.65597,27.7738991],[120.6561792,27.7737424],[120.6563847,27.7736313]]}},{"type":"Feature","id":"way/995613312","properties":{"highway":"tertiary","osm_type":"way","osm_id":995613312,"kind":"road","source_url":"https://www.openstreetmap.org/way/995613312","osmId":"way/995613312","source":"OpenStreetMap","name":""},"geometry":{"type":"LineString","coordinates":[[120.6584427,27.7711587],[120.658463,27.7712202],[120.6586871,27.772048],[120.6589016,27.7728905],[120.6590196,27.7731824],[120.6591377,27.7733556],[120.6593174,27.7735265],[120.659489,27.773676],[120.6595615,27.7738065],[120.6596124,27.7741293],[120.6596044,27.7745019],[120.659489,27.7749338],[120.6595024,27.7750975],[120.6598726,27.7762722]]}},{"type":"Feature","id":"way/995940106","properties":{"highway":"tertiary","osm_type":"way","osm_id":995940106,"kind":"road","source_url":"https://www.openstreetmap.org/way/995940106","osmId":"way/995940106","source":"OpenStreetMap","name":""},"geometry":{"type":"LineString","coordinates":[[120.6959979,27.8056659],[120.6977367,27.8045862],[120.6990223,27.8037849],[120.7001907,27.8030645],[120.7010734,27.8024546],[120.7029824,27.8009524],[120.7032994,27.8007171]]}},{"type":"Feature","id":"way/995940109","properties":{"highway":"primary","name":"人民路","oneway":"yes","osm_type":"way","osm_id":995940109,"kind":"road","source_url":"https://www.openstreetmap.org/way/995940109","osmId":"way/995940109","source":"OpenStreetMap"},"geometry":{"type":"LineString","coordinates":[[120.6992309,27.7936421],[120.6996836,27.7943387],[120.7006221,27.7960404],[120.7010797,27.7968404]]}},{"type":"Feature","id":"way/995940110","properties":{"highway":"tertiary","osm_type":"way","osm_id":995940110,"kind":"road","source_url":"https://www.openstreetmap.org/way/995940110","osmId":"way/995940110","source":"OpenStreetMap","name":""},"geometry":{"type":"LineString","coordinates":[[120.6954543,27.8041648],[120.6942195,27.8026406]]}},{"type":"Feature","id":"way/995940111","properties":{"highway":"unclassified","osm_type":"way","osm_id":995940111,"kind":"road","source_url":"https://www.openstreetmap.org/way/995940111","osmId":"way/995940111","source":"OpenStreetMap","name":""},"geometry":{"type":"LineString","coordinates":[[120.6954543,27.8041648],[120.6971852,27.8030195]]}},{"type":"Feature","id":"way/995940112","properties":{"highway":"unclassified","osm_type":"way","osm_id":995940112,"kind":"road","source_url":"https://www.openstreetmap.org/way/995940112","osmId":"way/995940112","source":"OpenStreetMap","name":""},"geometry":{"type":"LineString","coordinates":[[120.6985956,27.8052398],[120.6982657,27.8056668],[120.6981496,27.8062923],[120.6971105,27.8072394]]}},{"type":"Feature","id":"way/995940113","properties":{"highway":"secondary","oneway":"yes","osm_type":"way","osm_id":995940113,"kind":"road","source_url":"https://www.openstreetmap.org/way/995940113","osmId":"way/995940113","source":"OpenStreetMap","name":""},"geometry":{"type":"LineString","coordinates":[[120.6981399,27.8136565],[120.6980724,27.8135478],[120.6976858,27.8129431],[120.6966373,27.8112731],[120.6962028,27.8105842],[120.6952695,27.8090499],[120.6946122,27.8078709],[120.6935389,27.8060619],[120.6933283,27.805653]]}},{"type":"Feature","id":"way/995940114","properties":{"highway":"secondary","oneway":"yes","osm_type":"way","osm_id":995940114,"kind":"road","source_url":"https://www.openstreetmap.org/way/995940114","osmId":"way/995940114","source":"OpenStreetMap","name":""},"geometry":{"type":"LineString","coordinates":[[120.6934954,27.805536],[120.6937063,27.8059218],[120.6947797,27.8077651],[120.6954549,27.8088675],[120.6961759,27.8101108],[120.6968277,27.811166],[120.6977845,27.8126998],[120.698297,27.8134229],[120.6983728,27.8135377]]}},{"type":"Feature","id":"way/995940115","properties":{"highway":"secondary","oneway":"yes","osm_type":"way","osm_id":995940115,"kind":"road","source_url":"https://www.openstreetmap.org/way/995940115","osmId":"way/995940115","source":"OpenStreetMap","name":""},"geometry":{"type":"LineString","coordinates":[[120.69235,27.81654],[120.6926446,27.8165217],[120.6927854,27.8164549],[120.6939246,27.8158361],[120.6955361,27.8149978],[120.6977187,27.8137444],[120.6980724,27.8135478],[120.698297,27.8134229],[120.6986037,27.8132525],[120.6986934,27.8133741],[120.6984239,27.8135116],[120.6983728,27.8135377],[120.6981399,27.8136565],[120.6977396,27.8138607],[120.6965198,27.8145403],[120.695572,27.8150824],[120.6939096,27.8159419],[120.6927974,27.8165395],[120.6926537,27.8166242],[120.6923591,27.8166539]]}},{"type":"Feature","id":"way/995941316","properties":{"highway":"unclassified","osm_type":"way","osm_id":995941316,"kind":"road","source_url":"https://www.openstreetmap.org/way/995941316","osmId":"way/995941316","source":"OpenStreetMap","name":""},"geometry":{"type":"LineString","coordinates":[[120.6941353,27.7920851],[120.6942563,27.7920882],[120.6948841,27.7915737],[120.6952096,27.791344],[120.695302,27.7912931]]}},{"type":"Feature","id":"way/995941317","properties":{"highway":"unclassified","osm_type":"way","osm_id":995941317,"kind":"road","source_url":"https://www.openstreetmap.org/way/995941317","osmId":"way/995941317","source":"OpenStreetMap","name":""},"geometry":{"type":"LineString","coordinates":[[120.6958534,27.7925162],[120.6962809,27.7930786]]}},{"type":"Feature","id":"way/995941318","properties":{"highway":"unclassified","osm_type":"way","osm_id":995941318,"kind":"road","source_url":"https://www.openstreetmap.org/way/995941318","osmId":"way/995941318","source":"OpenStreetMap","name":""},"geometry":{"type":"LineString","coordinates":[[120.6942705,27.7935389],[120.6949357,27.7930826],[120.6958534,27.7925162],[120.6965079,27.792126],[120.6969688,27.7926714]]}},{"type":"Feature","id":"way/995941319","properties":{"highway":"unclassified","osm_type":"way","osm_id":995941319,"kind":"road","source_url":"https://www.openstreetmap.org/way/995941319","osmId":"way/995941319","source":"OpenStreetMap","name":""},"geometry":{"type":"LineString","coordinates":[[120.6946902,27.7940203],[120.6962809,27.7930786],[120.6969688,27.7926714],[120.6970024,27.7926515],[120.6979955,27.7920046]]}},{"type":"Feature","id":"way/995941326","properties":{"highway":"unclassified","osm_type":"way","osm_id":995941326,"kind":"road","source_url":"https://www.openstreetmap.org/way/995941326","osmId":"way/995941326","source":"OpenStreetMap","name":""},"geometry":{"type":"LineString","coordinates":[[120.6878676,27.7892434],[120.6883443,27.7897658],[120.6889774,27.7904518],[120.6895275,27.7910554]]}},{"type":"Feature","id":"way/995941327","properties":{"highway":"unclassified","osm_type":"way","osm_id":995941327,"kind":"road","source_url":"https://www.openstreetmap.org/way/995941327","osmId":"way/995941327","source":"OpenStreetMap","name":""},"geometry":{"type":"LineString","coordinates":[[120.6889774,27.7904518],[120.6879174,27.7912323],[120.6879601,27.7913267],[120.6866831,27.7922455],[120.6862811,27.7925162]]}},{"type":"Feature","id":"way/995941328","properties":{"highway":"tertiary","osm_type":"way","osm_id":995941328,"kind":"road","source_url":"https://www.openstreetmap.org/way/995941328","osmId":"way/995941328","source":"OpenStreetMap","name":""},"geometry":{"type":"LineString","coordinates":[[120.6821376,27.8090464],[120.6819686,27.80877],[120.6818935,27.8087558],[120.681569,27.8088175],[120.6814671,27.8087961],[120.6812847,27.8084118],[120.681251,27.8082738],[120.6811398,27.8078187],[120.6812096,27.8077096],[120.6814724,27.8075553],[120.6820564,27.807361],[120.6863893,27.8062433],[120.6881153,27.8057809]]}},{"type":"Feature","id":"way/995943785","properties":{"highway":"unclassified","name":"董田路","osm_type":"way","osm_id":995943785,"kind":"road","source_url":"https://www.openstreetmap.org/way/995943785","osmId":"way/995943785","source":"OpenStreetMap"},"geometry":{"type":"LineString","coordinates":[[120.700518,27.7812341],[120.7003317,27.7813563],[120.6930832,27.78584],[120.6929617,27.7859039]]}},{"type":"Feature","id":"way/995943790","properties":{"highway":"unclassified","osm_type":"way","osm_id":995943790,"kind":"road","source_url":"https://www.openstreetmap.org/way/995943790","osmId":"way/995943790","source":"OpenStreetMap","name":""},"geometry":{"type":"LineString","coordinates":[[120.6961243,27.7703884],[120.6967756,27.7711006],[120.6970748,27.7714238],[120.6981236,27.772563],[120.6962138,27.7738089],[120.6943604,27.7750928]]}},{"type":"Feature","id":"way/995943791","properties":{"highway":"unclassified","osm_type":"way","osm_id":995943791,"kind":"road","source_url":"https://www.openstreetmap.org/way/995943791","osmId":"way/995943791","source":"OpenStreetMap","name":""},"geometry":{"type":"LineString","coordinates":[[120.6871853,27.7762754],[120.6883013,27.7753942],[120.689204,27.7747284],[120.6910694,27.7735336]]}},{"type":"Feature","id":"way/995943792","properties":{"highway":"tertiary","osm_type":"way","osm_id":995943792,"kind":"road","source_url":"https://www.openstreetmap.org/way/995943792","osmId":"way/995943792","source":"OpenStreetMap","name":""},"geometry":{"type":"LineString","coordinates":[[120.6894646,27.7749528],[120.6917131,27.7734363],[120.6942075,27.7717157],[120.6961243,27.7703884],[120.6984133,27.7688132],[120.7009962,27.7670379],[120.7019672,27.7662808],[120.7020584,27.766155],[120.7026887,27.7657468],[120.702914,27.7656767]]}},{"type":"Feature","id":"way/995943797","properties":{"highway":"unclassified","osm_type":"way","osm_id":995943797,"kind":"road","source_url":"https://www.openstreetmap.org/way/995943797","osmId":"way/995943797","source":"OpenStreetMap","name":""},"geometry":{"type":"LineString","coordinates":[[120.6881222,27.7833097],[120.6893098,27.7826677],[120.6901944,27.7820907],[120.6922334,27.7808357],[120.6934331,27.7800683]]}},{"type":"Feature","id":"way/1008960643","properties":{"highway":"unclassified","osm_type":"way","osm_id":1008960643,"kind":"road","source_url":"https://www.openstreetmap.org/way/1008960643","osmId":"way/1008960643","source":"OpenStreetMap","name":""},"geometry":{"type":"LineString","coordinates":[[120.6975496,27.8187955],[120.6984447,27.8184127],[120.6997437,27.8178276],[120.7031822,27.8166225],[120.7051798,27.8155926],[120.7069749,27.8143309],[120.7089382,27.813071]]}},{"type":"Feature","id":"way/1008960644","properties":{"highway":"unclassified","osm_type":"way","osm_id":1008960644,"kind":"road","source_url":"https://www.openstreetmap.org/way/1008960644","osmId":"way/1008960644","source":"OpenStreetMap","name":""},"geometry":{"type":"LineString","coordinates":[[120.6928195,27.8190792],[120.6934968,27.8187481],[120.6949478,27.8180245],[120.6975147,27.8164731],[120.6986144,27.8158824],[120.699859,27.8153059],[120.7004464,27.8149311],[120.7013825,27.8143095],[120.7019564,27.8140059]]}},{"type":"Feature","id":"way/1009378820","properties":{"highway":"unclassified","osm_type":"way","osm_id":1009378820,"kind":"road","source_url":"https://www.openstreetmap.org/way/1009378820","osmId":"way/1009378820","source":"OpenStreetMap","name":""},"geometry":{"type":"LineString","coordinates":[[120.6370636,27.7983784],[120.6358105,27.7984518],[120.634338,27.7984945],[120.6323332,27.7985963],[120.6322374,27.7985844],[120.6320474,27.7985752],[120.6293571,27.7987152]]}},{"type":"Feature","id":"way/1009378821","properties":{"highway":"unclassified","osm_type":"way","osm_id":1009378821,"kind":"road","source_url":"https://www.openstreetmap.org/way/1009378821","osmId":"way/1009378821","source":"OpenStreetMap","name":""},"geometry":{"type":"LineString","coordinates":[[120.6362691,27.7967719],[120.6361029,27.7969546],[120.6358507,27.7975193],[120.6357729,27.7977234],[120.6358105,27.7984518],[120.635891,27.8001625],[120.6371731,27.800115]]}},{"type":"Feature","id":"way/1009378822","properties":{"highway":"secondary","lanes":"2","name":"院士路","oneway":"yes","osm_type":"way","osm_id":1009378822,"kind":"road","source_url":"https://www.openstreetmap.org/way/1009378822","osmId":"way/1009378822","source":"OpenStreetMap"},"geometry":{"type":"LineString","coordinates":[[120.6362085,27.7961718],[120.637232,27.7961195]]}},{"type":"Feature","id":"way/1009378823","properties":{"highway":"secondary","lanes":"2","name":"院士路","oneway":"yes","osm_type":"way","osm_id":1009378823,"kind":"road","source_url":"https://www.openstreetmap.org/way/1009378823","osmId":"way/1009378823","source":"OpenStreetMap"},"geometry":{"type":"LineString","coordinates":[[120.636187,27.7963702],[120.6320708,27.7965012],[120.6319726,27.7965033]]}},{"type":"Feature","id":"way/1009378824","properties":{"highway":"secondary","lanes":"2","name":"院士路","oneway":"yes","osm_type":"way","osm_id":1009378824,"kind":"road","source_url":"https://www.openstreetmap.org/way/1009378824","osmId":"way/1009378824","source":"OpenStreetMap"},"geometry":{"type":"LineString","coordinates":[[120.6432885,27.7966462],[120.6446354,27.7966658],[120.64635,27.7964952],[120.6481941,27.7961023],[120.6490596,27.7958776],[120.6499511,27.7956449],[120.6508509,27.7954691],[120.6535603,27.7949764],[120.6556928,27.7947908]]}},{"type":"Feature","id":"way/1009378825","properties":{"highway":"secondary","lanes":"2","name":"富周西路","oneway":"yes","osm_type":"way","osm_id":1009378825,"kind":"road","source_url":"https://www.openstreetmap.org/way/1009378825","osmId":"way/1009378825","source":"OpenStreetMap"},"geometry":{"type":"LineString","coordinates":[[120.6762268,27.7920839],[120.6759283,27.7919932],[120.675534,27.7920573],[120.6726104,27.792622],[120.6705494,27.7930528],[120.6689894,27.7933789],[120.6685053,27.7934685],[120.668314,27.7935235],[120.6679769,27.7936043],[120.666275,27.793901],[120.6626038,27.7943108]]}},{"type":"Feature","id":"way/1009378826","properties":{"highway":"primary","oneway":"yes","source":"OpenStreetMap","osm_type":"way","osm_id":1009378826,"kind":"road","source_url":"https://www.openstreetmap.org/way/1009378826","osmId":"way/1009378826","name":""},"geometry":{"type":"LineString","coordinates":[[120.6958406,27.7892963],[120.6959521,27.7892056]]}},{"type":"Feature","id":"way/1009378827","properties":{"highway":"primary","name":"南川路","oneway":"yes","source":"OpenStreetMap","osm_type":"way","osm_id":1009378827,"kind":"road","source_url":"https://www.openstreetmap.org/way/1009378827","osmId":"way/1009378827"},"geometry":{"type":"LineString","coordinates":[[120.6959195,27.7893763],[120.6945842,27.7903529],[120.69343,27.7911972],[120.6929665,27.7915616],[120.6912465,27.7929121],[120.6886763,27.7947935],[120.687729,27.7957567]]}},{"type":"Feature","id":"way/1009391018","properties":{"highway":"unclassified","lanes":"2","osm_type":"way","osm_id":1009391018,"kind":"road","source_url":"https://www.openstreetmap.org/way/1009391018","osmId":"way/1009391018","source":"OpenStreetMap","name":""},"geometry":{"type":"LineString","coordinates":[[120.6220471,27.7812092],[120.6235518,27.7803805]]}},{"type":"Feature","id":"way/1009391019","properties":{"highway":"unclassified","osm_type":"way","osm_id":1009391019,"kind":"road","source_url":"https://www.openstreetmap.org/way/1009391019","osmId":"way/1009391019","source":"OpenStreetMap","name":""},"geometry":{"type":"LineString","coordinates":[[120.6310871,27.783904],[120.6309932,27.783904],[120.6308618,27.7839444],[120.6304319,27.7841691],[120.6303388,27.7842006]]}},{"type":"Feature","id":"way/1009391020","properties":{"highway":"unclassified","osm_type":"way","osm_id":1009391020,"kind":"road","source_url":"https://www.openstreetmap.org/way/1009391020","osmId":"way/1009391020","source":"OpenStreetMap","name":""},"geometry":{"type":"LineString","coordinates":[[120.6310114,27.7824822],[120.6310871,27.783904],[120.6311086,27.7845613]]}},{"type":"Feature","id":"way/1009391022","properties":{"highway":"secondary","name":"虹桥南路","oneway":"yes","osm_type":"way","osm_id":1009391022,"kind":"road","source_url":"https://www.openstreetmap.org/way/1009391022","osmId":"way/1009391022","source":"OpenStreetMap"},"geometry":{"type":"LineString","coordinates":[[120.6281323,27.7773809],[120.628151,27.7774814],[120.6283219,27.7777283],[120.6286691,27.7786038],[120.6288932,27.7791689],[120.6294338,27.7815186],[120.6297214,27.7827085],[120.6297221,27.7827209]]}},{"type":"Feature","id":"way/1009391023","properties":{"highway":"secondary","name":"虹桥南路","oneway":"yes","osm_type":"way","osm_id":1009391023,"kind":"road","source_url":"https://www.openstreetmap.org/way/1009391023","osmId":"way/1009391023","source":"OpenStreetMap"},"geometry":{"type":"LineString","coordinates":[[120.6298273,27.7826939],[120.6297916,27.7826511],[120.6297433,27.7824707],[120.6295292,27.781464],[120.6293062,27.7805438],[120.6291023,27.7797014],[120.6289696,27.7791305],[120.628759,27.7785932],[120.628429,27.7777673],[120.628249,27.7774697],[120.6281323,27.7773809]]}},{"type":"Feature","id":"way/1009391024","properties":{"waterway":"ditch","osm_type":"way","osm_id":1009391024,"kind":"water","source_url":"https://www.openstreetmap.org/way/1009391024","osmId":"way/1009391024","source":"OpenStreetMap","name":""},"geometry":{"type":"LineString","coordinates":[[120.6113595,27.7980224],[120.6120649,27.7998446],[120.6123546,27.8005374]]}},{"type":"Feature","id":"way/1009391026","properties":{"highway":"secondary","osm_type":"way","osm_id":1009391026,"kind":"road","source_url":"https://www.openstreetmap.org/way/1009391026","osmId":"way/1009391026","source":"OpenStreetMap","name":""},"geometry":{"type":"LineString","coordinates":[[120.6170542,27.7925628],[120.6166693,27.7923247],[120.6161698,27.7920044],[120.615997,27.7918437],[120.6159176,27.7917191]]}},{"type":"Feature","id":"way/1009393946","properties":{"waterway":"canal","osm_type":"way","osm_id":1009393946,"kind":"water","source_url":"https://www.openstreetmap.org/way/1009393946","osmId":"way/1009393946","source":"OpenStreetMap","name":""},"geometry":{"type":"LineString","coordinates":[[120.6597123,27.7768215],[120.6598967,27.7778433],[120.659945,27.7783653],[120.6601542,27.7796895],[120.6603152,27.7801214]]}},{"type":"Feature","id":"way/1009393947","properties":{"highway":"unclassified","osm_type":"way","osm_id":1009393947,"kind":"road","source_url":"https://www.openstreetmap.org/way/1009393947","osmId":"way/1009393947","source":"OpenStreetMap","name":""},"geometry":{"type":"LineString","coordinates":[[120.6573711,27.7892076],[120.6587917,27.7892455],[120.6605861,27.7891933],[120.6612807,27.7891197],[120.6620479,27.788937],[120.6639254,27.7885241]]}},{"type":"Feature","id":"way/1009393948","properties":{"waterway":"canal","osm_type":"way","osm_id":1009393948,"kind":"water","source_url":"https://www.openstreetmap.org/way/1009393948","osmId":"way/1009393948","source":"OpenStreetMap","name":""},"geometry":{"type":"LineString","coordinates":[[120.6620737,27.7906185],[120.6623027,27.7906051],[120.6628391,27.7904367],[120.6630564,27.7901567],[120.6632227,27.7897509],[120.6633702,27.7894282],[120.6635526,27.7892265],[120.6637457,27.7891245],[120.6642955,27.7890201]]}},{"type":"Feature","id":"way/1009393949","properties":{"natural":"water","osm_type":"way","osm_id":1009393949,"kind":"water","source_url":"https://www.openstreetmap.org/way/1009393949","osmId":"way/1009393949","source":"OpenStreetMap","name":""},"geometry":{"type":"Polygon","coordinates":[[[120.6566244,27.7909919],[120.6565869,27.7908994],[120.6566137,27.790636],[120.6565413,27.7903844],[120.6565815,27.7900878],[120.6566593,27.7899929],[120.6565681,27.7897984],[120.6565788,27.7892787],[120.6566352,27.7887021],[120.6567746,27.7885573],[120.6568149,27.7882821],[120.6568471,27.7873638],[120.6567264,27.7866187],[120.6567183,27.786379],[120.6566271,27.786315],[120.656442,27.7862699],[120.656316,27.7868607],[120.6564286,27.7869746],[120.6564179,27.7871384],[120.6562972,27.7874089],[120.6563696,27.7876485],[120.6561416,27.788059],[120.6563267,27.7882394],[120.6563535,27.788994],[120.6562892,27.79],[120.656257,27.7906075],[120.656096,27.7908685],[120.6566244,27.7909919]]]}},{"type":"Feature","id":"way/1009393950","properties":{"natural":"water","osm_type":"way","osm_id":1009393950,"kind":"water","source_url":"https://www.openstreetmap.org/way/1009393950","osmId":"way/1009393950","source":"OpenStreetMap","name":""},"geometry":{"type":"Polygon","coordinates":[[[120.6578743,27.7910916],[120.6578958,27.7913075],[120.6596124,27.7910702],[120.6606692,27.7909421],[120.6620908,27.7906905],[120.6620737,27.7906185],[120.6620559,27.7905434],[120.6618199,27.7905339],[120.6610715,27.7906858],[120.6589714,27.7909658],[120.6578743,27.7910916]]]}},{"type":"Feature","id":"way/1009393951","properties":{"natural":"water","osm_type":"way","osm_id":1009393951,"kind":"water","source_url":"https://www.openstreetmap.org/way/1009393951","osmId":"way/1009393951","source":"OpenStreetMap","name":""},"geometry":{"type":"Polygon","coordinates":[[[120.656356,27.7933974],[120.6563213,27.7932911],[120.6563777,27.7931749],[120.6564233,27.7930254],[120.656442,27.7927881],[120.6565332,27.7924868],[120.6565145,27.791858],[120.6565681,27.7917607],[120.656611,27.791737],[120.6566365,27.7914273],[120.656945,27.7913786],[120.6576115,27.7913454],[120.6578958,27.7913075],[120.6578743,27.7910916],[120.6574774,27.791126],[120.6569154,27.7911603],[120.6566727,27.791056],[120.6566244,27.7909919],[120.656096,27.7908685],[120.6559619,27.7910227],[120.6556186,27.791158],[120.6550875,27.791279],[120.6547523,27.7913454],[120.6547388,27.791476],[120.6550553,27.7914997],[120.6557018,27.7914522],[120.6560183,27.7914309],[120.6560263,27.7917702],[120.6560263,27.7918722],[120.656096,27.7919932],[120.6560451,27.7921498],[120.6559592,27.7923325],[120.65597,27.7926457],[120.6560853,27.7927596],[120.656088,27.7931345],[120.6560424,27.793265],[120.6559351,27.7933386],[120.6559362,27.7934029],[120.656356,27.7933974]]]}},{"type":"Feature","id":"way/1009393952","properties":{"highway":"unclassified","osm_type":"way","osm_id":1009393952,"kind":"road","source_url":"https://www.openstreetmap.org/way/1009393952","osmId":"way/1009393952","source":"OpenStreetMap","name":""},"geometry":{"type":"LineString","coordinates":[[120.6587344,27.7914544],[120.6587487,27.7920264],[120.6587863,27.7923729],[120.6590465,27.7930681],[120.6595749,27.7941264],[120.6597456,27.7944622],[120.6597729,27.7945409]]}},{"type":"Feature","id":"way/1009393953","properties":{"highway":"unclassified","osm_type":"way","osm_id":1009393953,"kind":"road","source_url":"https://www.openstreetmap.org/way/1009393953","osmId":"way/1009393953","source":"OpenStreetMap","name":""},"geometry":{"type":"LineString","coordinates":[[120.6588564,27.7864665],[120.6588346,27.786818],[120.6588078,27.788059],[120.6587917,27.7892455],[120.6587754,27.791452]]}},{"type":"Feature","id":"way/1009393955","properties":{"highway":"secondary","name":"西垟路","osm_type":"way","osm_id":1009393955,"kind":"road","source_url":"https://www.openstreetmap.org/way/1009393955","osmId":"way/1009393955","source":"OpenStreetMap"},"geometry":{"type":"LineString","coordinates":[[120.6617984,27.7912648],[120.6612807,27.7891197],[120.6609535,27.7877506],[120.6608865,27.787238],[120.6608629,27.7867937]]}},{"type":"Feature","id":"way/1009393956","properties":{"highway":"tertiary","osm_type":"way","osm_id":1009393956,"kind":"road","source_url":"https://www.openstreetmap.org/way/1009393956","osmId":"way/1009393956","source":"OpenStreetMap","name":""},"geometry":{"type":"LineString","coordinates":[[120.6375213,27.7560231],[120.6376178,27.7561061],[120.6388398,27.757226],[120.6401343,27.758381],[120.6412956,27.7594247],[120.6422995,27.7602428],[120.6430788,27.761036]]}},{"type":"Feature","id":"way/1009393957","properties":{"highway":"secondary","oneway":"yes","osm_type":"way","osm_id":1009393957,"kind":"road","source_url":"https://www.openstreetmap.org/way/1009393957","osmId":"way/1009393957","source":"OpenStreetMap","name":""},"geometry":{"type":"LineString","coordinates":[[120.6716224,27.7651849],[120.6717174,27.7651217]]}},{"type":"Feature","id":"way/1009393958","properties":{"highway":"secondary","name":"隆山东路","oneway":"yes","osm_type":"way","osm_id":1009393958,"kind":"road","source_url":"https://www.openstreetmap.org/way/1009393958","osmId":"way/1009393958","source":"OpenStreetMap"},"geometry":{"type":"LineString","coordinates":[[120.6442682,27.7763749],[120.6454235,27.7758844],[120.6470343,27.7753357],[120.6471681,27.7752684],[120.647897,27.7749862]]}},{"type":"Feature","id":"way/1009393959","properties":{"highway":"secondary","name":"隆山东路","oneway":"yes","osm_type":"way","osm_id":1009393959,"kind":"road","source_url":"https://www.openstreetmap.org/way/1009393959","osmId":"way/1009393959","source":"OpenStreetMap"},"geometry":{"type":"LineString","coordinates":[[120.6533212,27.7728836],[120.6520136,27.7734425],[120.650643,27.7738993],[120.6503807,27.7740086],[120.6494475,27.7744485],[120.6488372,27.7746974],[120.6481329,27.7749855]]}},{"type":"Feature","id":"way/1009393960","properties":{"highway":"secondary","name":"隆山东路","osm_type":"way","osm_id":1009393960,"kind":"road","source_url":"https://www.openstreetmap.org/way/1009393960","osmId":"way/1009393960","source":"OpenStreetMap"},"geometry":{"type":"LineString","coordinates":[[120.6414799,27.7776123],[120.6432361,27.7768997],[120.6441122,27.7765442],[120.6442915,27.7764714]]}},{"type":"Feature","id":"way/1009734937","properties":{"highway":"primary","name":"东新路","oneway":"yes","osm_type":"way","osm_id":1009734937,"kind":"road","source_url":"https://www.openstreetmap.org/way/1009734937","osmId":"way/1009734937","source":"OpenStreetMap"},"geometry":{"type":"LineString","coordinates":[[120.664376,27.7610121],[120.664507,27.7611224],[120.6646872,27.761274],[120.6648901,27.7614213],[120.6651091,27.7615597],[120.6653283,27.7616798],[120.6655697,27.7617959],[120.6664673,27.7621789],[120.6675155,27.7626092],[120.6691,27.7632486],[120.6693767,27.7633906],[120.6696027,27.7635272],[120.6698119,27.7636685],[120.6717174,27.7651217],[120.6718397,27.7652163],[120.6730188,27.7661541],[120.6732641,27.7663477]]}},{"type":"Feature","id":"way/1009734938","properties":{"highway":"primary","name":"东新路","oneway":"yes","osm_type":"way","osm_id":1009734938,"kind":"road","source_url":"https://www.openstreetmap.org/way/1009734938","osmId":"way/1009734938","source":"OpenStreetMap"},"geometry":{"type":"LineString","coordinates":[[120.6731804,27.7664199],[120.6729579,27.7662444],[120.6717367,27.7652719],[120.6716224,27.7651849],[120.6697382,27.7637487],[120.6695343,27.763611],[120.6693144,27.7634781],[120.6690462,27.7633404],[120.6674619,27.762697],[120.6664176,27.7622724],[120.6655164,27.7618879],[120.6652696,27.7617692],[120.6650443,27.7616458],[120.664819,27.7615034],[120.6646098,27.7613515],[120.6644178,27.7612028],[120.6642949,27.7610865],[120.6642459,27.7610452]]}},{"type":"Feature","id":"way/1009734939","properties":{"bridge":"yes","highway":"primary","layer":"1","name":"人民路","oneway":"yes","osm_type":"way","osm_id":1009734939,"kind":"road","source_url":"https://www.openstreetmap.org/way/1009734939","osmId":"way/1009734939","source":"OpenStreetMap"},"geometry":{"type":"LineString","coordinates":[[120.6922495,27.7848358],[120.6924652,27.7850843]]}},{"type":"Feature","id":"way/1009734940","properties":{"highway":"primary","name":"人民路","oneway":"yes","osm_type":"way","osm_id":1009734940,"kind":"road","source_url":"https://www.openstreetmap.org/way/1009734940","osmId":"way/1009734940","source":"OpenStreetMap"},"geometry":{"type":"LineString","coordinates":[[120.6898784,27.782325],[120.6910229,27.7834229],[120.6922495,27.7848358]]}},{"type":"Feature","id":"way/1010041354","properties":{"highway":"cycleway","osm_type":"way","osm_id":1010041354,"kind":"road","source_url":"https://www.openstreetmap.org/way/1010041354","osmId":"way/1010041354","source":"OpenStreetMap","name":""},"geometry":{"type":"LineString","coordinates":[[120.5948451,27.7962903],[120.5965993,27.7959818],[120.5981979,27.7955903],[120.6002095,27.794926],[120.602358,27.7940338],[120.6036481,27.7933955],[120.6048793,27.7925485],[120.6058905,27.7916729],[120.6068453,27.7906407],[120.6077385,27.7893973],[120.6084412,27.7883272],[120.6086773,27.787925],[120.6086022,27.7878384]]}},{"type":"Feature","id":"way/1010041366","properties":{"waterway":"ditch","osm_type":"way","osm_id":1010041366,"kind":"water","source_url":"https://www.openstreetmap.org/way/1010041366","osmId":"way/1010041366","source":"OpenStreetMap","name":""},"geometry":{"type":"LineString","coordinates":[[120.5958992,27.7958418],[120.5965912,27.7957802],[120.5976561,27.7955144],[120.5995068,27.7949758],[120.600746,27.794468],[120.6030178,27.7934786],[120.6041872,27.7927715],[120.6052548,27.7919458],[120.6064403,27.7907688],[120.6071752,27.7897651],[120.6080791,27.788415],[120.6082347,27.7881682]]}},{"type":"Feature","id":"way/1010041369","properties":{"highway":"unclassified","osm_type":"way","osm_id":1010041369,"kind":"road","source_url":"https://www.openstreetmap.org/way/1010041369","osmId":"way/1010041369","source":"OpenStreetMap","name":""},"geometry":{"type":"LineString","coordinates":[[120.6032217,27.7905363],[120.6040961,27.7910038],[120.6052387,27.792081]]}},{"type":"Feature","id":"way/1010041370","properties":{"waterway":"ditch","osm_type":"way","osm_id":1010041370,"kind":"water","source_url":"https://www.openstreetmap.org/way/1010041370","osmId":"way/1010041370","source":"OpenStreetMap","name":""},"geometry":{"type":"LineString","coordinates":[[120.6034711,27.7904011],[120.6039914,27.7895089],[120.6040987,27.7890153],[120.60408,27.7887804],[120.604654,27.7881611],[120.6046298,27.788059],[120.604367,27.7879048],[120.6039351,27.7874872],[120.6037849,27.7873567],[120.6038359,27.7871787],[120.603852,27.7869794],[120.6039351,27.7867587],[120.6038466,27.7865499],[120.6037232,27.7861773],[120.6035918,27.7860302],[120.6028461,27.7854654],[120.6024545,27.7852471],[120.6013548,27.7848769],[120.5998582,27.7846871],[120.5988899,27.7848129],[120.5978519,27.7851641],[120.5975676,27.7851617],[120.5960226,27.7858973],[120.5954754,27.7863766],[120.5939102,27.7874854]]}},{"type":"Feature","id":"way/1010041371","properties":{"highway":"tertiary","name":"大桥西路","osm_type":"way","osm_id":1010041371,"kind":"road","source_url":"https://www.openstreetmap.org/way/1010041371","osmId":"way/1010041371","source":"OpenStreetMap"},"geometry":{"type":"LineString","coordinates":[[120.6108565,27.7739544],[120.6110361,27.7734592],[120.6111176,27.7732344],[120.6119284,27.7716951]]}},{"type":"Feature","id":"way/1010041372","properties":{"highway":"tertiary","osm_type":"way","osm_id":1010041372,"kind":"road","source_url":"https://www.openstreetmap.org/way/1010041372","osmId":"way/1010041372","source":"OpenStreetMap","name":""},"geometry":{"type":"LineString","coordinates":[[120.6091056,27.7767835],[120.6098357,27.7760598],[120.6105658,27.7748755],[120.6108565,27.7739544]]}},{"type":"Feature","id":"way/1010041374","properties":{"highway":"secondary","osm_type":"way","osm_id":1010041374,"kind":"road","source_url":"https://www.openstreetmap.org/way/1010041374","osmId":"way/1010041374","source":"OpenStreetMap","name":""},"geometry":{"type":"LineString","coordinates":[[120.6152283,27.7688599],[120.6152472,27.7691452],[120.6152497,27.7691827],[120.6153356,27.7694319],[120.6155196,27.7697507],[120.6156161,27.7699786],[120.6156142,27.7702964],[120.6156135,27.7704219],[120.6155589,27.7708034],[120.615503,27.7711944],[120.6154947,27.771262],[120.615414,27.7717431],[120.6153593,27.7720694],[120.6152864,27.7725044],[120.615205,27.7728828]]}},{"type":"Feature","id":"way/1010041375","properties":{"highway":"secondary","osm_type":"way","osm_id":1010041375,"kind":"road","source_url":"https://www.openstreetmap.org/way/1010041375","osmId":"way/1010041375","source":"OpenStreetMap","name":""},"geometry":{"type":"LineString","coordinates":[[120.6069911,27.7831901],[120.6046706,27.7836378],[120.6029865,27.7839769],[120.6027224,27.7840191],[120.5999574,27.7845156],[120.599369,27.7846273],[120.5990669,27.7846752],[120.5987818,27.7846753],[120.598595,27.7846462]]}},{"type":"Feature","id":"way/1030067718","properties":{"highway":"trunk","lanes":"2","name":"瑞祥大道","oneway":"yes","ref":"G104","osm_type":"way","osm_id":1030067718,"kind":"road","source_url":"https://www.openstreetmap.org/way/1030067718","osmId":"way/1030067718","source":"OpenStreetMap"},"geometry":{"type":"LineString","coordinates":[[120.6487441,27.7845922],[120.6490889,27.7847172],[120.6494835,27.7848252],[120.6498594,27.7848918],[120.654024,27.7855142],[120.6572282,27.786015],[120.6574311,27.7860503],[120.6608553,27.7865565],[120.6627132,27.7868311],[120.6638744,27.7870084],[120.664518,27.7871525],[120.6646529,27.7872203],[120.6650514,27.7875123],[120.665486,27.7881631],[120.6684389,27.7933507],[120.6685053,27.7934685],[120.6686705,27.7937606],[120.6702426,27.796521],[120.6705797,27.7968981]]}},{"type":"Feature","id":"way/1030067719","properties":{"highway":"trunk","lanes":"2","name":"瑞祥大道","oneway":"yes","ref":"G104","osm_type":"way","osm_id":1030067719,"kind":"road","source_url":"https://www.openstreetmap.org/way/1030067719","osmId":"way/1030067719","source":"OpenStreetMap"},"geometry":{"type":"LineString","coordinates":[[120.6704983,27.7969778],[120.6701419,27.7965791],[120.6685068,27.7938439],[120.668314,27.7935235],[120.6682386,27.7933819],[120.6647775,27.787624],[120.6645251,27.7874778],[120.6644041,27.7874041],[120.6643164,27.7873569],[120.6608629,27.7867937],[120.6588564,27.7864665],[120.6574276,27.7862335],[120.6572376,27.7862006],[120.6540892,27.7857002],[120.6499001,27.7850422],[120.6488826,27.7849078],[120.6485463,27.7848879]]}},{"type":"Feature","id":"way/1036337866","properties":{"highway":"unclassified","osm_type":"way","osm_id":1036337866,"kind":"road","source_url":"https://www.openstreetmap.org/way/1036337866","osmId":"way/1036337866","source":"OpenStreetMap","name":""},"geometry":{"type":"LineString","coordinates":[[120.6545109,27.8182262],[120.6542762,27.8181716],[120.6539127,27.81797],[120.653725,27.8179486]]}},{"type":"Feature","id":"way/1036337867","properties":{"highway":"unclassified","osm_type":"way","osm_id":1036337867,"kind":"road","source_url":"https://www.openstreetmap.org/way/1036337867","osmId":"way/1036337867","source":"OpenStreetMap","name":""},"geometry":{"type":"LineString","coordinates":[[120.6550327,27.8195733],[120.6550144,27.819251],[120.6550567,27.8191312],[120.6550661,27.8189378],[120.6549963,27.8187457],[120.6548864,27.8185405],[120.6546678,27.8183531],[120.6545109,27.8182262],[120.6544089,27.8175169]]}},{"type":"Feature","id":"way/1036337869","properties":{"highway":"unclassified","osm_type":"way","osm_id":1036337869,"kind":"road","source_url":"https://www.openstreetmap.org/way/1036337869","osmId":"way/1036337869","source":"OpenStreetMap","name":""},"geometry":{"type":"LineString","coordinates":[[120.6622651,27.8226693],[120.6609079,27.8223799],[120.6590974,27.8219932],[120.6589258,27.8220383],[120.6586897,27.8220383],[120.6583357,27.82196],[120.6579897,27.8217631],[120.6574827,27.8216564],[120.6571287,27.821571],[120.6568792,27.8214595],[120.6566969,27.8213005],[120.6559432,27.8204987],[120.6550822,27.8196092],[120.6550327,27.8195733],[120.6548434,27.819436],[120.6546852,27.8193506],[120.6545269,27.8194716],[120.654425,27.8196614],[120.6548609,27.8197912],[120.6550822,27.8196092]]}},{"type":"Feature","id":"way/1036377946","properties":{"highway":"unclassified","osm_type":"way","osm_id":1036377946,"kind":"road","source_url":"https://www.openstreetmap.org/way/1036377946","osmId":"way/1036377946","source":"OpenStreetMap","name":""},"geometry":{"type":"LineString","coordinates":[[120.6096949,27.7985548],[120.6094111,27.7979191],[120.6092911,27.7977893]]}},{"type":"Feature","id":"way/1036377947","properties":{"highway":"unclassified","osm_type":"way","osm_id":1036377947,"kind":"road","source_url":"https://www.openstreetmap.org/way/1036377947","osmId":"way/1036377947","source":"OpenStreetMap","name":""},"geometry":{"type":"LineString","coordinates":[[120.6114118,27.7980568],[120.6116237,27.7985538]]}},{"type":"Feature","id":"way/1036377948","properties":{"highway":"unclassified","osm_type":"way","osm_id":1036377948,"kind":"road","source_url":"https://www.openstreetmap.org/way/1036377948","osmId":"way/1036377948","source":"OpenStreetMap","name":""},"geometry":{"type":"LineString","coordinates":[[120.6132397,27.7993012],[120.6132705,27.7992194],[120.6131686,27.7990426],[120.6128615,27.7985942],[120.6122822,27.7980318],[120.611849,27.7976534],[120.6114118,27.7980568],[120.6112565,27.7981557]]}},{"type":"Feature","id":"way/1036377949","properties":{"highway":"unclassified","osm_type":"way","osm_id":1036377949,"kind":"road","source_url":"https://www.openstreetmap.org/way/1036377949","osmId":"way/1036377949","source":"OpenStreetMap","name":""},"geometry":{"type":"LineString","coordinates":[[120.6124886,27.8012126],[120.6131914,27.8008885],[120.6133604,27.8006773],[120.6134623,27.8004282],[120.6134757,27.8001364],[120.6132397,27.7993012],[120.6119114,27.7997492]]}},{"type":"Feature","id":"way/1036377950","properties":{"highway":"tertiary","osm_type":"way","osm_id":1036377950,"kind":"road","source_url":"https://www.openstreetmap.org/way/1036377950","osmId":"way/1036377950","source":"OpenStreetMap","name":""},"geometry":{"type":"LineString","coordinates":[[120.6110718,27.7977062],[120.6112565,27.7981557],[120.6119114,27.7997492],[120.6123894,27.8009122],[120.6124886,27.8012126],[120.6125972,27.8015412],[120.612671,27.8019907]]}},{"type":"Feature","id":"way/1036377951","properties":{"highway":"unclassified","osm_type":"way","osm_id":1036377951,"kind":"road","source_url":"https://www.openstreetmap.org/way/1036377951","osmId":"way/1036377951","source":"OpenStreetMap","name":""},"geometry":{"type":"LineString","coordinates":[[120.612671,27.8019907],[120.6128776,27.8027629],[120.6134436,27.8026537]]}},{"type":"Feature","id":"way/1036377952","properties":{"highway":"unclassified","osm_type":"way","osm_id":1036377952,"kind":"road","source_url":"https://www.openstreetmap.org/way/1036377952","osmId":"way/1036377952","source":"OpenStreetMap","name":""},"geometry":{"type":"LineString","coordinates":[[120.6114775,27.8037261],[120.6114238,27.8034604],[120.6114882,27.8029479],[120.6116478,27.8020611]]}},{"type":"Feature","id":"way/1037177040","properties":{"bridge":"yes","highway":"unclassified","layer":"1","osm_type":"way","osm_id":1037177040,"kind":"road","source_url":"https://www.openstreetmap.org/way/1037177040","osmId":"way/1037177040","source":"OpenStreetMap","name":""},"geometry":{"type":"LineString","coordinates":[[120.5998725,27.7472879],[120.6000472,27.7470377]]}},{"type":"Feature","id":"way/1037177045","properties":{"natural":"water","osm_type":"way","osm_id":1037177045,"kind":"water","source_url":"https://www.openstreetmap.org/way/1037177045","osmId":"way/1037177045","source":"OpenStreetMap","name":""},"geometry":{"type":"Polygon","coordinates":[[[120.5993593,27.7527803],[120.5995095,27.7525477],[120.5996288,27.7524183],[120.6001492,27.7518629],[120.6000808,27.751756],[120.600125,27.7516457],[120.6004281,27.7515305],[120.6005086,27.7515246],[120.60075,27.7512623],[120.6008841,27.751165],[120.6009646,27.751057],[120.6008881,27.7510333],[120.6006695,27.7510938],[120.600581,27.7511686],[120.600467,27.7513003],[120.6004268,27.7513145],[120.6004482,27.7511852],[120.6005019,27.7510867],[120.6005099,27.751006],[120.6004657,27.7509359],[120.6001948,27.7511424],[120.6001975,27.7512089],[120.6001545,27.751254],[120.5999976,27.7515139],[120.5999064,27.7518534],[120.5998568,27.7519448],[120.5996811,27.7521869],[120.5992547,27.7526936],[120.599193,27.7527399],[120.5993593,27.7527803]]]}},{"type":"Feature","id":"way/1037177046","properties":{"bridge":"yes","highway":"trunk","layer":"1","oneway":"yes","ref":"G104","source":"OpenStreetMap","osm_type":"way","osm_id":1037177046,"kind":"road","source_url":"https://www.openstreetmap.org/way/1037177046","osmId":"way/1037177046","name":""},"geometry":{"type":"LineString","coordinates":[[120.6004285,27.7517549],[120.5999775,27.7513625]]}},{"type":"Feature","id":"way/1037177047","properties":{"highway":"trunk","oneway":"yes","ref":"G104","source":"OpenStreetMap","osm_type":"way","osm_id":1037177047,"kind":"road","source_url":"https://www.openstreetmap.org/way/1037177047","osmId":"way/1037177047","name":""},"geometry":{"type":"LineString","coordinates":[[120.6004978,27.751662],[120.6007737,27.7518788],[120.6011536,27.7521724],[120.6016739,27.7525208],[120.6021656,27.7528135],[120.6053775,27.7544677]]}},{"type":"Feature","id":"way/1037177048","properties":{"bridge":"yes","highway":"trunk","layer":"1","oneway":"yes","ref":"G104","source":"OpenStreetMap","osm_type":"way","osm_id":1037177048,"kind":"road","source_url":"https://www.openstreetmap.org/way/1037177048","osmId":"way/1037177048","name":""},"geometry":{"type":"LineString","coordinates":[[120.6000594,27.7512812],[120.6004978,27.751662]]}},{"type":"Feature","id":"way/1037177049","properties":{"highway":"trunk","oneway":"yes","ref":"G104","source":"OpenStreetMap","osm_type":"way","osm_id":1037177049,"kind":"road","source_url":"https://www.openstreetmap.org/way/1037177049","osmId":"way/1037177049","name":""},"geometry":{"type":"LineString","coordinates":[[120.6052814,27.7546062],[120.6038776,27.7538918],[120.6016248,27.7526026],[120.601093,27.7522542],[120.6007097,27.7519693],[120.6004285,27.7517549]]}},{"type":"Feature","id":"way/1037177053","properties":{"highway":"unclassified","osm_type":"way","osm_id":1037177053,"kind":"road","source_url":"https://www.openstreetmap.org/way/1037177053","osmId":"way/1037177053","source":"OpenStreetMap","name":""},"geometry":{"type":"LineString","coordinates":[[120.6008774,27.7550637],[120.5984634,27.7574468],[120.5974013,27.7586977],[120.5961292,27.7602363]]}},{"type":"Feature","id":"way/1054397933","properties":{"highway":"secondary","name":"塘梅路","osm_type":"way","osm_id":1054397933,"kind":"road","source_url":"https://www.openstreetmap.org/way/1054397933","osmId":"way/1054397933","source":"OpenStreetMap"},"geometry":{"type":"LineString","coordinates":[[120.6859948,27.8172049],[120.6860514,27.8172986],[120.6866839,27.8185298],[120.6869307,27.8192059],[120.6869845,27.8225605]]}},{"type":"Feature","id":"way/1054399494","properties":{"highway":"tertiary","osm_type":"way","osm_id":1054399494,"kind":"road","source_url":"https://www.openstreetmap.org/way/1054399494","osmId":"way/1054399494","source":"OpenStreetMap","name":""},"geometry":{"type":"LineString","coordinates":[[120.6938481,27.7620989],[120.696101,27.7642294]]}},{"type":"Feature","id":"way/1054399495","properties":{"highway":"tertiary","osm_type":"way","osm_id":1054399495,"kind":"road","source_url":"https://www.openstreetmap.org/way/1054399495","osmId":"way/1054399495","source":"OpenStreetMap","name":""},"geometry":{"type":"LineString","coordinates":[[120.6980401,27.7660981],[120.6964709,27.7672188],[120.6944704,27.7686447],[120.6925392,27.7699215],[120.6904653,27.7714394],[120.6903084,27.7715542],[120.6900877,27.7717157],[120.6876732,27.773372],[120.6858209,27.7717822],[120.6855802,27.7715401],[120.6837094,27.7698551],[120.6851631,27.7687918],[120.6856191,27.7683219],[120.6858659,27.767852],[120.6859893,27.7675245],[120.6860989,27.7674415],[120.6862536,27.7673243],[120.6865096,27.7671305],[120.6891864,27.7651796],[120.6902942,27.7644913]]}},{"type":"Feature","id":"way/1054399496","properties":{"highway":"tertiary","osm_type":"way","osm_id":1054399496,"kind":"road","source_url":"https://www.openstreetmap.org/way/1054399496","osmId":"way/1054399496","source":"OpenStreetMap","name":""},"geometry":{"type":"LineString","coordinates":[[120.6963543,27.764469],[120.6980401,27.7660981],[120.6995505,27.7675577]]}},{"type":"Feature","id":"way/1054399497","properties":{"highway":"tertiary","osm_type":"way","osm_id":1054399497,"kind":"road","source_url":"https://www.openstreetmap.org/way/1054399497","osmId":"way/1054399497","source":"OpenStreetMap","name":""},"geometry":{"type":"LineString","coordinates":[[120.6978178,27.7687705],[120.6964709,27.7672188],[120.6949214,27.7654337]]}},{"type":"Feature","id":"way/1054399498","properties":{"highway":"tertiary","osm_type":"way","osm_id":1054399498,"kind":"road","source_url":"https://www.openstreetmap.org/way/1054399498","osmId":"way/1054399498","source":"OpenStreetMap","name":""},"geometry":{"type":"LineString","coordinates":[[120.693843,27.7679566],[120.6944704,27.7686447],[120.6959147,27.7701675]]}},{"type":"Feature","id":"way/1054399499","properties":{"highway":"tertiary","osm_type":"way","osm_id":1054399499,"kind":"road","source_url":"https://www.openstreetmap.org/way/1054399499","osmId":"way/1054399499","source":"OpenStreetMap","name":""},"geometry":{"type":"LineString","coordinates":[[120.6998548,27.7744161],[120.7019571,27.7729811],[120.7029612,27.7722957]]}},{"type":"Feature","id":"way/1057518151","properties":{"highway":"trunk","oneway":"yes","ref":"G104","source":"OpenStreetMap","osm_type":"way","osm_id":1057518151,"kind":"road","source_url":"https://www.openstreetmap.org/way/1057518151","osmId":"way/1057518151","name":""},"geometry":{"type":"LineString","coordinates":[[120.5966859,27.7474942],[120.5986176,27.7497074],[120.5991182,27.7503249],[120.5996918,27.7509333],[120.6000594,27.7512812]]}},{"type":"Feature","id":"way/1057519197","properties":{"bridge":"yes","highway":"unclassified","layer":"1","osm_type":"way","osm_id":1057519197,"kind":"road","source_url":"https://www.openstreetmap.org/way/1057519197","osmId":"way/1057519197","source":"OpenStreetMap","name":""},"geometry":{"type":"LineString","coordinates":[[120.6001264,27.7478836],[120.5998435,27.7480447]]}},{"type":"Feature","id":"way/1057519198","properties":{"highway":"unclassified","osm_type":"way","osm_id":1057519198,"kind":"road","source_url":"https://www.openstreetmap.org/way/1057519198","osmId":"way/1057519198","source":"OpenStreetMap","name":""},"geometry":{"type":"LineString","coordinates":[[120.6034076,27.7480689],[120.6041796,27.7484507]]}},{"type":"Feature","id":"way/1057519199","properties":{"bridge":"yes","highway":"unclassified","layer":"1","osm_type":"way","osm_id":1057519199,"kind":"road","source_url":"https://www.openstreetmap.org/way/1057519199","osmId":"way/1057519199","source":"OpenStreetMap","name":""},"geometry":{"type":"LineString","coordinates":[[120.6041796,27.7484507],[120.6043703,27.7485629]]}},{"type":"Feature","id":"way/1057519200","properties":{"highway":"tertiary","osm_type":"way","osm_id":1057519200,"kind":"road","source_url":"https://www.openstreetmap.org/way/1057519200","osmId":"way/1057519200","source":"OpenStreetMap","name":""},"geometry":{"type":"LineString","coordinates":[[120.6043014,27.7466097],[120.605082,27.7470959]]}},{"type":"Feature","id":"way/1057519201","properties":{"bridge":"yes","highway":"tertiary","layer":"1","osm_type":"way","osm_id":1057519201,"kind":"road","source_url":"https://www.openstreetmap.org/way/1057519201","osmId":"way/1057519201","source":"OpenStreetMap","name":""},"geometry":{"type":"LineString","coordinates":[[120.605082,27.7470959],[120.6054309,27.7473193]]}},{"type":"Feature","id":"way/1057519204","properties":{"source":"OpenStreetMap","waterway":"river","osm_type":"way","osm_id":1057519204,"kind":"water","source_url":"https://www.openstreetmap.org/way/1057519204","osmId":"way/1057519204","name":""},"geometry":{"type":"LineString","coordinates":[[120.6040682,27.7522911],[120.6050767,27.7514746],[120.605537,27.7507995],[120.6053224,27.7503437],[120.6059687,27.7495049]]}},{"type":"Feature","id":"way/1057519205","properties":{"layer":"-1","source":"OpenStreetMap","tunnel":"culvert","waterway":"river","osm_type":"way","osm_id":1057519205,"kind":"water","source_url":"https://www.openstreetmap.org/way/1057519205","osmId":"way/1057519205","name":""},"geometry":{"type":"LineString","coordinates":[[120.6059687,27.7495049],[120.6060376,27.7494154]]}},{"type":"Feature","id":"way/1057519206","properties":{"source":"OpenStreetMap","waterway":"river","osm_type":"way","osm_id":1057519206,"kind":"water","source_url":"https://www.openstreetmap.org/way/1057519206","osmId":"way/1057519206","name":""},"geometry":{"type":"LineString","coordinates":[[120.6060376,27.7494154],[120.6069318,27.7482548],[120.6070969,27.7480107]]}},{"type":"Feature","id":"way/1057519207","properties":{"layer":"-1","source":"OpenStreetMap","tunnel":"culvert","waterway":"river","osm_type":"way","osm_id":1057519207,"kind":"water","source_url":"https://www.openstreetmap.org/way/1057519207","osmId":"way/1057519207","name":""},"geometry":{"type":"LineString","coordinates":[[120.6070969,27.7480107],[120.60716,27.7479174]]}},{"type":"Feature","id":"way/1057519208","properties":{"highway":"unclassified","osm_type":"way","osm_id":1057519208,"kind":"road","source_url":"https://www.openstreetmap.org/way/1057519208","osmId":"way/1057519208","source":"OpenStreetMap","name":""},"geometry":{"type":"LineString","coordinates":[[120.6090068,27.7506064],[120.6092035,27.750649],[120.6096908,27.7509211],[120.6098113,27.7508783],[120.6101538,27.751082]]}},{"type":"Feature","id":"way/1057519209","properties":{"bridge":"yes","highway":"unclassified","layer":"1","osm_type":"way","osm_id":1057519209,"kind":"road","source_url":"https://www.openstreetmap.org/way/1057519209","osmId":"way/1057519209","source":"OpenStreetMap","name":""},"geometry":{"type":"LineString","coordinates":[[120.6087508,27.7505403],[120.6090068,27.7506064]]}},{"type":"Feature","id":"way/1057519210","properties":{"highway":"unclassified","osm_type":"way","osm_id":1057519210,"kind":"road","source_url":"https://www.openstreetmap.org/way/1057519210","osmId":"way/1057519210","source":"OpenStreetMap","name":""},"geometry":{"type":"LineString","coordinates":[[120.6103043,27.7511636],[120.6116514,27.7518886]]}},{"type":"Feature","id":"way/1057519211","properties":{"bridge":"yes","highway":"unclassified","layer":"1","osm_type":"way","osm_id":1057519211,"kind":"road","source_url":"https://www.openstreetmap.org/way/1057519211","osmId":"way/1057519211","source":"OpenStreetMap","name":""},"geometry":{"type":"LineString","coordinates":[[120.6101538,27.751082],[120.6103043,27.7511636]]}},{"type":"Feature","id":"way/1057519212","properties":{"highway":"trunk","oneway":"yes","ref":"G104","source":"OpenStreetMap","osm_type":"way","osm_id":1057519212,"kind":"road","source_url":"https://www.openstreetmap.org/way/1057519212","osmId":"way/1057519212","name":""},"geometry":{"type":"LineString","coordinates":[[120.6086624,27.7564494],[120.6084057,27.7563019],[120.6078376,27.7559997],[120.6071188,27.7556854]]}},{"type":"Feature","id":"way/1057519213","properties":{"bridge":"yes","highway":"trunk","layer":"1","oneway":"yes","ref":"G104","source":"OpenStreetMap","osm_type":"way","osm_id":1057519213,"kind":"road","source_url":"https://www.openstreetmap.org/way/1057519213","osmId":"way/1057519213","name":""},"geometry":{"type":"LineString","coordinates":[[120.6056333,27.7548051],[120.6052814,27.7546062]]}},{"type":"Feature","id":"way/1057519214","properties":{"highway":"trunk","oneway":"yes","ref":"G104","source":"OpenStreetMap","osm_type":"way","osm_id":1057519214,"kind":"road","source_url":"https://www.openstreetmap.org/way/1057519214","osmId":"way/1057519214","name":""},"geometry":{"type":"LineString","coordinates":[[120.6057295,27.7546666],[120.6068558,27.7553342]]}},{"type":"Feature","id":"way/1057519215","properties":{"bridge":"yes","highway":"trunk","layer":"1","oneway":"yes","ref":"G104","source":"OpenStreetMap","osm_type":"way","osm_id":1057519215,"kind":"road","source_url":"https://www.openstreetmap.org/way/1057519215","osmId":"way/1057519215","name":""},"geometry":{"type":"LineString","coordinates":[[120.6053775,27.7544677],[120.6057295,27.7546666]]}},{"type":"Feature","id":"way/1057519216","properties":{"highway":"trunk","oneway":"yes","ref":"G104","source":"OpenStreetMap","osm_type":"way","osm_id":1057519216,"kind":"road","source_url":"https://www.openstreetmap.org/way/1057519216","osmId":"way/1057519216","name":""},"geometry":{"type":"LineString","coordinates":[[120.606696,27.7554349],[120.6056333,27.7548051]]}},{"type":"Feature","id":"way/1057519217","properties":{"bridge":"yes","highway":"trunk","layer":"1","oneway":"yes","ref":"G104","source":"OpenStreetMap","osm_type":"way","osm_id":1057519217,"kind":"road","source_url":"https://www.openstreetmap.org/way/1057519217","osmId":"way/1057519217","name":""},"geometry":{"type":"LineString","coordinates":[[120.6071188,27.7556854],[120.606696,27.7554349]]}},{"type":"Feature","id":"way/1057519218","properties":{"highway":"trunk","oneway":"yes","ref":"G104","source":"OpenStreetMap","osm_type":"way","osm_id":1057519218,"kind":"road","source_url":"https://www.openstreetmap.org/way/1057519218","osmId":"way/1057519218","name":""},"geometry":{"type":"LineString","coordinates":[[120.6072784,27.7555848],[120.6078564,27.7559274],[120.6085504,27.7561756],[120.6087678,27.7563604]]}},{"type":"Feature","id":"way/1057519219","properties":{"bridge":"yes","highway":"trunk","layer":"1","oneway":"yes","ref":"G104","source":"OpenStreetMap","osm_type":"way","osm_id":1057519219,"kind":"road","source_url":"https://www.openstreetmap.org/way/1057519219","osmId":"way/1057519219","name":""},"geometry":{"type":"LineString","coordinates":[[120.6068558,27.7553342],[120.6072784,27.7555848]]}},{"type":"Feature","id":"way/1057519220","properties":{"highway":"trunk","oneway":"yes","ref":"G104","source":"OpenStreetMap","osm_type":"way","osm_id":1057519220,"kind":"road","source_url":"https://www.openstreetmap.org/way/1057519220","osmId":"way/1057519220","name":""},"geometry":{"type":"LineString","coordinates":[[120.6087678,27.7563604],[120.6093692,27.7568009],[120.6097034,27.7571859],[120.6097915,27.7573234],[120.6110015,27.7592106]]}},{"type":"Feature","id":"way/1057519221","properties":{"bridge":"yes","highway":"trunk","layer":"1","oneway":"yes","ref":"G104","source":"OpenStreetMap","osm_type":"way","osm_id":1057519221,"kind":"road","source_url":"https://www.openstreetmap.org/way/1057519221","osmId":"way/1057519221","name":""},"geometry":{"type":"LineString","coordinates":[[120.6110015,27.7592106],[120.6111509,27.7594437]]}},{"type":"Feature","id":"way/1057519222","properties":{"highway":"trunk","oneway":"yes","ref":"G104","source":"OpenStreetMap","osm_type":"way","osm_id":1057519222,"kind":"road","source_url":"https://www.openstreetmap.org/way/1057519222","osmId":"way/1057519222","name":""},"geometry":{"type":"LineString","coordinates":[[120.610865,27.759327],[120.6095499,27.7572759],[120.6094838,27.7571998],[120.6092372,27.7569157],[120.6086624,27.7564494]]}},{"type":"Feature","id":"way/1057519223","properties":{"bridge":"yes","highway":"trunk","layer":"1","oneway":"yes","ref":"G104","source":"OpenStreetMap","osm_type":"way","osm_id":1057519223,"kind":"road","source_url":"https://www.openstreetmap.org/way/1057519223","osmId":"way/1057519223","name":""},"geometry":{"type":"LineString","coordinates":[[120.6110144,27.75956],[120.610865,27.759327]]}},{"type":"Feature","id":"way/1057519224","properties":{"highway":"secondary","osm_type":"way","osm_id":1057519224,"kind":"road","source_url":"https://www.openstreetmap.org/way/1057519224","osmId":"way/1057519224","source":"OpenStreetMap","name":""},"geometry":{"type":"LineString","coordinates":[[120.6094838,27.7571998],[120.6097915,27.7573234],[120.6116402,27.7586652]]}},{"type":"Feature","id":"way/1057519225","properties":{"bridge":"yes","highway":"secondary","layer":"1","osm_type":"way","osm_id":1057519225,"kind":"road","source_url":"https://www.openstreetmap.org/way/1057519225","osmId":"way/1057519225","source":"OpenStreetMap","name":""},"geometry":{"type":"LineString","coordinates":[[120.6116402,27.7586652],[120.6118536,27.7588201]]}},{"type":"Feature","id":"way/1057519226","properties":{"highway":"tertiary","osm_type":"way","osm_id":1057519226,"kind":"road","source_url":"https://www.openstreetmap.org/way/1057519226","osmId":"way/1057519226","source":"OpenStreetMap","name":""},"geometry":{"type":"LineString","coordinates":[[120.6062329,27.7632157],[120.6061628,27.7631706],[120.6027487,27.7609603]]}},{"type":"Feature","id":"way/1057519227","properties":{"bridge":"yes","highway":"tertiary","layer":"1","osm_type":"way","osm_id":1057519227,"kind":"road","source_url":"https://www.openstreetmap.org/way/1057519227","osmId":"way/1057519227","source":"OpenStreetMap","name":""},"geometry":{"type":"LineString","coordinates":[[120.6064715,27.7633693],[120.6062329,27.7632157]]}},{"type":"Feature","id":"way/1057519228","properties":{"waterway":"canal","osm_type":"way","osm_id":1057519228,"kind":"water","source_url":"https://www.openstreetmap.org/way/1057519228","osmId":"way/1057519228","source":"OpenStreetMap","name":""},"geometry":{"type":"LineString","coordinates":[[120.611191,27.771377],[120.6115055,27.771161],[120.6116339,27.77085],[120.6114987,27.7706765],[120.6116384,27.769975]]}},{"type":"Feature","id":"way/1057519229","properties":{"layer":"-1","tunnel":"culvert","waterway":"canal","osm_type":"way","osm_id":1057519229,"kind":"water","source_url":"https://www.openstreetmap.org/way/1057519229","osmId":"way/1057519229","source":"OpenStreetMap","name":""},"geometry":{"type":"LineString","coordinates":[[120.6116384,27.769975],[120.6116613,27.7698666]]}},{"type":"Feature","id":"way/1057519230","properties":{"highway":"tertiary","osm_type":"way","osm_id":1057519230,"kind":"road","source_url":"https://www.openstreetmap.org/way/1057519230","osmId":"way/1057519230","source":"OpenStreetMap","name":""},"geometry":{"type":"LineString","coordinates":[[120.6138281,27.767096],[120.612869,27.7667383]]}},{"type":"Feature","id":"way/1057519231","properties":{"bridge":"yes","highway":"tertiary","layer":"1","osm_type":"way","osm_id":1057519231,"kind":"road","source_url":"https://www.openstreetmap.org/way/1057519231","osmId":"way/1057519231","source":"OpenStreetMap","name":""},"geometry":{"type":"LineString","coordinates":[[120.612869,27.7667383],[120.6126007,27.7666379]]}},{"type":"Feature","id":"way/1057519232","properties":{"highway":"unclassified","osm_type":"way","osm_id":1057519232,"kind":"road","source_url":"https://www.openstreetmap.org/way/1057519232","osmId":"way/1057519232","source":"OpenStreetMap","name":""},"geometry":{"type":"LineString","coordinates":[[120.6127385,27.7623577],[120.614437,27.7630634]]}},{"type":"Feature","id":"way/1057519233","properties":{"bridge":"yes","highway":"unclassified","layer":"1","osm_type":"way","osm_id":1057519233,"kind":"road","source_url":"https://www.openstreetmap.org/way/1057519233","osmId":"way/1057519233","source":"OpenStreetMap","name":""},"geometry":{"type":"LineString","coordinates":[[120.614437,27.7630634],[120.6147043,27.7631745]]}},{"type":"Feature","id":"way/1057519234","properties":{"waterway":"canal","osm_type":"way","osm_id":1057519234,"kind":"water","source_url":"https://www.openstreetmap.org/way/1057519234","osmId":"way/1057519234","source":"OpenStreetMap","name":""},"geometry":{"type":"LineString","coordinates":[[120.6163933,27.7603278],[120.6166297,27.7601186],[120.6170421,27.7591375],[120.6165892,27.7584914],[120.6168325,27.7580487]]}},{"type":"Feature","id":"way/1057519235","properties":{"layer":"-1","tunnel":"culvert","waterway":"canal","osm_type":"way","osm_id":1057519235,"kind":"water","source_url":"https://www.openstreetmap.org/way/1057519235","osmId":"way/1057519235","source":"OpenStreetMap","name":""},"geometry":{"type":"LineString","coordinates":[[120.6152813,27.7617593],[120.6154463,27.7615367]]}},{"type":"Feature","id":"way/1057519236","properties":{"waterway":"canal","osm_type":"way","osm_id":1057519236,"kind":"water","source_url":"https://www.openstreetmap.org/way/1057519236","osmId":"way/1057519236","source":"OpenStreetMap","name":""},"geometry":{"type":"LineString","coordinates":[[120.6154463,27.7615367],[120.6162241,27.7604775],[120.6163137,27.7603982]]}},{"type":"Feature","id":"way/1057519237","properties":{"layer":"-1","tunnel":"culvert","waterway":"canal","osm_type":"way","osm_id":1057519237,"kind":"water","source_url":"https://www.openstreetmap.org/way/1057519237","osmId":"way/1057519237","source":"OpenStreetMap","name":""},"geometry":{"type":"LineString","coordinates":[[120.6163137,27.7603982],[120.6163933,27.7603278]]}},{"type":"Feature","id":"way/1057519238","properties":{"highway":"secondary","name":"孙鳌路","oneway":"yes","osm_type":"way","osm_id":1057519238,"kind":"road","source_url":"https://www.openstreetmap.org/way/1057519238","osmId":"way/1057519238","source":"OpenStreetMap"},"geometry":{"type":"LineString","coordinates":[[120.6194956,27.7562958],[120.6192468,27.7564833],[120.6189426,27.7567645],[120.6186925,27.7570576],[120.6181787,27.7580387],[120.6180632,27.7581743],[120.617888,27.7583797]]}},{"type":"Feature","id":"way/1057519239","properties":{"bridge":"yes","highway":"secondary","layer":"1","name":"孙鳌路","oneway":"yes","osm_type":"way","osm_id":1057519239,"kind":"road","source_url":"https://www.openstreetmap.org/way/1057519239","osmId":"way/1057519239","source":"OpenStreetMap"},"geometry":{"type":"LineString","coordinates":[[120.617888,27.7583797],[120.6176065,27.7586347]]}},{"type":"Feature","id":"way/1057519240","properties":{"waterway":"river","osm_type":"way","osm_id":1057519240,"kind":"water","source_url":"https://www.openstreetmap.org/way/1057519240","osmId":"way/1057519240","source":"OpenStreetMap","name":""},"geometry":{"type":"LineString","coordinates":[[120.6116009,27.7533966],[120.6116383,27.7532927]]}},{"type":"Feature","id":"way/1057519241","properties":{"layer":"-1","tunnel":"culvert","waterway":"river","osm_type":"way","osm_id":1057519241,"kind":"water","source_url":"https://www.openstreetmap.org/way/1057519241","osmId":"way/1057519241","source":"OpenStreetMap","name":""},"geometry":{"type":"LineString","coordinates":[[120.6116383,27.7532927],[120.6117121,27.7531273]]}},{"type":"Feature","id":"way/1057519242","properties":{"highway":"unclassified","name":"柏树路","osm_type":"way","osm_id":1057519242,"kind":"road","source_url":"https://www.openstreetmap.org/way/1057519242","osmId":"way/1057519242","source":"OpenStreetMap"},"geometry":{"type":"LineString","coordinates":[[120.6121622,27.7537598],[120.6121883,27.7537234],[120.6116038,27.7531931],[120.6112356,27.7529979]]}},{"type":"Feature","id":"way/1057519243","properties":{"bridge":"yes","highway":"unclassified","layer":"1","name":"柏树路","osm_type":"way","osm_id":1057519243,"kind":"road","source_url":"https://www.openstreetmap.org/way/1057519243","osmId":"way/1057519243","source":"OpenStreetMap"},"geometry":{"type":"LineString","coordinates":[[120.6119504,27.7540548],[120.6121622,27.7537598]]}},{"type":"Feature","id":"way/1057519244","properties":{"highway":"trunk","lanes":"2","name":"瑞友线","oneway":"yes","ref":"G322;S330","source":"OpenStreetMap","osm_type":"way","osm_id":1057519244,"kind":"road","source_url":"https://www.openstreetmap.org/way/1057519244","osmId":"way/1057519244"},"geometry":{"type":"LineString","coordinates":[[120.6108802,27.7537123],[120.6103478,27.7547825],[120.6087678,27.7563604]]}},{"type":"Feature","id":"way/1057519245","properties":{"bridge":"yes","highway":"trunk","lanes":"2","layer":"1","name":"瑞友线","oneway":"yes","ref":"G322;S330","source":"OpenStreetMap","osm_type":"way","osm_id":1057519245,"kind":"road","source_url":"https://www.openstreetmap.org/way/1057519245","osmId":"way/1057519245"},"geometry":{"type":"LineString","coordinates":[[120.6110356,27.7533999],[120.6108802,27.7537123]]}},{"type":"Feature","id":"way/1057519246","properties":{"highway":"trunk","lanes":"2","name":"瑞友线","oneway":"yes","ref":"G322;S330","source":"OpenStreetMap","osm_type":"way","osm_id":1057519246,"kind":"road","source_url":"https://www.openstreetmap.org/way/1057519246","osmId":"way/1057519246"},"geometry":{"type":"LineString","coordinates":[[120.6084057,27.7563019],[120.6085504,27.7561756],[120.6102723,27.7547407],[120.6107669,27.7537466]]}},{"type":"Feature","id":"way/1057519247","properties":{"bridge":"yes","highway":"trunk","lanes":"2","layer":"1","name":"瑞友线","oneway":"yes","ref":"G322;S330","source":"OpenStreetMap","osm_type":"way","osm_id":1057519247,"kind":"road","source_url":"https://www.openstreetmap.org/way/1057519247","osmId":"way/1057519247"},"geometry":{"type":"LineString","coordinates":[[120.6107669,27.7537466],[120.6109224,27.7534341]]}},{"type":"Feature","id":"way/1057522049","properties":{"highway":"tertiary","name":"民心路","osm_type":"way","osm_id":1057522049,"kind":"road","source_url":"https://www.openstreetmap.org/way/1057522049","osmId":"way/1057522049","source":"OpenStreetMap"},"geometry":{"type":"LineString","coordinates":[[120.6197161,27.7438705],[120.6196976,27.7438712],[120.6189321,27.7438095],[120.6179434,27.7436196],[120.6173533,27.7434581]]}},{"type":"Feature","id":"way/1057522050","properties":{"bridge":"yes","highway":"tertiary","layer":"1","name":"民心路","osm_type":"way","osm_id":1057522050,"kind":"road","source_url":"https://www.openstreetmap.org/way/1057522050","osmId":"way/1057522050","source":"OpenStreetMap"},"geometry":{"type":"LineString","coordinates":[[120.6202248,27.7438503],[120.6197161,27.7438705]]}},{"type":"Feature","id":"way/1057522051","properties":{"highway":"unclassified","osm_type":"way","osm_id":1057522051,"kind":"road","source_url":"https://www.openstreetmap.org/way/1057522051","osmId":"way/1057522051","source":"OpenStreetMap","name":""},"geometry":{"type":"LineString","coordinates":[[120.6184707,27.7463415],[120.6192437,27.746452]]}},{"type":"Feature","id":"way/1057522052","properties":{"bridge":"yes","highway":"unclassified","layer":"1","osm_type":"way","osm_id":1057522052,"kind":"road","source_url":"https://www.openstreetmap.org/way/1057522052","osmId":"way/1057522052","source":"OpenStreetMap","name":""},"geometry":{"type":"LineString","coordinates":[[120.6192437,27.746452],[120.6194737,27.7464832]]}},{"type":"Feature","id":"way/1057522053","properties":{"highway":"unclassified","osm_type":"way","osm_id":1057522053,"kind":"road","source_url":"https://www.openstreetmap.org/way/1057522053","osmId":"way/1057522053","source":"OpenStreetMap","name":""},"geometry":{"type":"LineString","coordinates":[[120.6229586,27.7461158],[120.6236656,27.7459932],[120.6244849,27.7457188],[120.6257916,27.7444647]]}},{"type":"Feature","id":"way/1057522054","properties":{"bridge":"yes","highway":"unclassified","layer":"1","osm_type":"way","osm_id":1057522054,"kind":"road","source_url":"https://www.openstreetmap.org/way/1057522054","osmId":"way/1057522054","source":"OpenStreetMap","name":""},"geometry":{"type":"LineString","coordinates":[[120.6226687,27.7461661],[120.6229586,27.7461158]]}},{"type":"Feature","id":"way/1057522055","properties":{"waterway":"canal","osm_type":"way","osm_id":1057522055,"kind":"water","source_url":"https://www.openstreetmap.org/way/1057522055","osmId":"way/1057522055","source":"OpenStreetMap","name":""},"geometry":{"type":"LineString","coordinates":[[120.62115,27.7512146],[120.6210439,27.7513187]]}},{"type":"Feature","id":"way/1057522056","properties":{"layer":"-1","tunnel":"culvert","waterway":"canal","osm_type":"way","osm_id":1057522056,"kind":"water","source_url":"https://www.openstreetmap.org/way/1057522056","osmId":"way/1057522056","source":"OpenStreetMap","name":""},"geometry":{"type":"LineString","coordinates":[[120.6220918,27.75026],[120.62115,27.7512146]]}},{"type":"Feature","id":"way/1057522057","properties":{"highway":"unclassified","osm_type":"way","osm_id":1057522057,"kind":"road","source_url":"https://www.openstreetmap.org/way/1057522057","osmId":"way/1057522057","source":"OpenStreetMap","name":""},"geometry":{"type":"LineString","coordinates":[[120.6230456,27.7480573],[120.6226731,27.7481119]]}},{"type":"Feature","id":"way/1057522058","properties":{"bridge":"yes","highway":"unclassified","layer":"1","osm_type":"way","osm_id":1057522058,"kind":"road","source_url":"https://www.openstreetmap.org/way/1057522058","osmId":"way/1057522058","source":"OpenStreetMap","name":""},"geometry":{"type":"LineString","coordinates":[[120.623337,27.7480146],[120.6230456,27.7480573]]}},{"type":"Feature","id":"way/1057522059","properties":{"highway":"tertiary","name":"民心路","osm_type":"way","osm_id":1057522059,"kind":"road","source_url":"https://www.openstreetmap.org/way/1057522059","osmId":"way/1057522059","source":"OpenStreetMap"},"geometry":{"type":"LineString","coordinates":[[120.6237464,27.7428498],[120.6235653,27.7429786],[120.6227017,27.7433869],[120.6217092,27.7436361],[120.6205345,27.743838],[120.6202248,27.7438503]]}},{"type":"Feature","id":"way/1057522060","properties":{"bridge":"yes","highway":"tertiary","layer":"1","name":"民心路","osm_type":"way","osm_id":1057522060,"kind":"road","source_url":"https://www.openstreetmap.org/way/1057522060","osmId":"way/1057522060","source":"OpenStreetMap"},"geometry":{"type":"LineString","coordinates":[[120.6239764,27.7426861],[120.6237464,27.7428498]]}},{"type":"Feature","id":"way/1057522061","properties":{"highway":"unclassified","osm_type":"way","osm_id":1057522061,"kind":"road","source_url":"https://www.openstreetmap.org/way/1057522061","osmId":"way/1057522061","source":"OpenStreetMap","name":""},"geometry":{"type":"LineString","coordinates":[[120.6215568,27.7429728],[120.6211115,27.7416862]]}},{"type":"Feature","id":"way/1057522062","properties":{"bridge":"yes","highway":"unclassified","layer":"1","osm_type":"way","osm_id":1057522062,"kind":"road","source_url":"https://www.openstreetmap.org/way/1057522062","osmId":"way/1057522062","source":"OpenStreetMap","name":""},"geometry":{"type":"LineString","coordinates":[[120.6216407,27.7433359],[120.6215568,27.7429728]]}},{"type":"Feature","id":"way/1131963555","properties":{"highway":"secondary","name":"孙鳌路","osm_type":"way","osm_id":1131963555,"kind":"road","source_url":"https://www.openstreetmap.org/way/1131963555","osmId":"way/1131963555","source":"OpenStreetMap"},"geometry":{"type":"LineString","coordinates":[[120.6194956,27.7562958],[120.6198405,27.7560468],[120.6200299,27.7558551],[120.6206884,27.7548709],[120.6229087,27.7525181],[120.6238805,27.7516328],[120.6244558,27.7509985]]}},{"type":"Feature","id":"way/1174790939","properties":{"waterway":"ditch","osm_type":"way","osm_id":1174790939,"kind":"water","source_url":"https://www.openstreetmap.org/way/1174790939","osmId":"way/1174790939","source":"OpenStreetMap","name":""},"geometry":{"type":"LineString","coordinates":[[120.6935584,27.7890746],[120.6934404,27.7884007],[120.693537,27.7882821],[120.693832,27.7880329],[120.6938213,27.787677],[120.6937757,27.7870909],[120.6942129,27.7868133],[120.6999502,27.7832182],[120.7000601,27.7832182],[120.7005134,27.7834104],[120.7007602,27.7835647],[120.7008167,27.7836339]]}},{"type":"Feature","id":"way/1174790940","properties":{"highway":"primary","oneway":"yes","source":"OpenStreetMap","osm_type":"way","osm_id":1174790940,"kind":"road","source_url":"https://www.openstreetmap.org/way/1174790940","osmId":"way/1174790940","name":""},"geometry":{"type":"LineString","coordinates":[[120.6959521,27.7892056],[120.6967149,27.7886203]]}},{"type":"Feature","id":"way/1174790941","properties":{"highway":"primary","name":"人民路","oneway":"yes","osm_type":"way","osm_id":1174790941,"kind":"road","source_url":"https://www.openstreetmap.org/way/1174790941","osmId":"way/1174790941","source":"OpenStreetMap"},"geometry":{"type":"LineString","coordinates":[[120.6818719,27.7745782],[120.6823468,27.7750395]]}},{"type":"Feature","id":"way/1174790942","properties":{"highway":"primary","name":"人民路","oneway":"yes","osm_type":"way","osm_id":1174790942,"kind":"road","source_url":"https://www.openstreetmap.org/way/1174790942","osmId":"way/1174790942","source":"OpenStreetMap"},"geometry":{"type":"LineString","coordinates":[[120.6822609,27.7751094],[120.6817749,27.7746376]]}},{"type":"Feature","id":"way/1174790943","properties":{"highway":"primary","name":"万松东路","oneway":"yes","osm_type":"way","osm_id":1174790943,"kind":"road","source_url":"https://www.openstreetmap.org/way/1174790943","osmId":"way/1174790943","source":"OpenStreetMap"},"geometry":{"type":"LineString","coordinates":[[120.6815801,27.7744502],[120.6816718,27.7743871]]}},{"type":"Feature","id":"way/1174790944","properties":{"highway":"primary","name":"万松东路","oneway":"yes","osm_type":"way","osm_id":1174790944,"kind":"road","source_url":"https://www.openstreetmap.org/way/1174790944","osmId":"way/1174790944","source":"OpenStreetMap"},"geometry":{"type":"LineString","coordinates":[[120.6816718,27.7743871],[120.6825279,27.7737852],[120.6842284,27.7725843],[120.6855802,27.7715401],[120.6882382,27.7696006],[120.6883423,27.7695247],[120.6884563,27.769448],[120.6908964,27.7678472],[120.6922831,27.7668908],[120.6926233,27.7666411],[120.6932889,27.7661527],[120.696101,27.7642294],[120.6980157,27.7629162]]}},{"type":"Feature","id":"way/1174790945","properties":{"highway":"primary","name":"万松东路","oneway":"yes","osm_type":"way","osm_id":1174790945,"kind":"road","source_url":"https://www.openstreetmap.org/way/1174790945","osmId":"way/1174790945","source":"OpenStreetMap"},"geometry":{"type":"LineString","coordinates":[[120.6818719,27.7745782],[120.6817749,27.7746376]]}},{"type":"Feature","id":"way/1174790946","properties":{"highway":"primary","name":"万松东路","oneway":"yes","osm_type":"way","osm_id":1174790946,"kind":"road","source_url":"https://www.openstreetmap.org/way/1174790946","osmId":"way/1174790946","source":"OpenStreetMap"},"geometry":{"type":"LineString","coordinates":[[120.6984014,27.7630007],[120.6982491,27.7630891],[120.6963543,27.764469],[120.6949214,27.7654337],[120.6935052,27.7663871],[120.6928533,27.766871],[120.6925099,27.7671064],[120.6910822,27.7680813],[120.6886655,27.7696788],[120.6885151,27.7697782],[120.6884562,27.769818],[120.6858209,27.7717822],[120.6843995,27.7728331],[120.6839289,27.7731845],[120.6826993,27.7740713],[120.6818719,27.7745782]]}},{"type":"Feature","id":"way/1174790953","properties":{"name":"中塘河","waterway":"canal","osm_type":"way","osm_id":1174790953,"kind":"water","source_url":"https://www.openstreetmap.org/way/1174790953","osmId":"way/1174790953","source":"OpenStreetMap"},"geometry":{"type":"LineString","coordinates":[[120.7087769,27.7655844],[120.7076239,27.764178],[120.7065387,27.7628945],[120.7022809,27.7575981],[120.70153,27.7566778],[120.7011017,27.756142],[120.6984784,27.7530776],[120.6950927,27.7490631],[120.6946152,27.7482987],[120.6926358,27.7460057],[120.6884301,27.7425113],[120.68762,27.7418609],[120.6845891,27.7414289],[120.6838596,27.7413434],[120.6821751,27.7415998],[120.6817567,27.7417232],[120.6813168,27.7415713],[120.679965,27.7413837],[120.6793105,27.7413244],[120.6784093,27.741201],[120.677989,27.741071],[120.6763386,27.7402205],[120.6746757,27.7394348],[120.6727338,27.7383427],[120.6708991,27.7363581],[120.6693971,27.7339615],[120.663811,27.7254838]]}},{"type":"Feature","id":"way/1174790955","properties":{"natural":"water","osm_type":"way","osm_id":1174790955,"kind":"water","source_url":"https://www.openstreetmap.org/way/1174790955","osmId":"way/1174790955","source":"OpenStreetMap","name":""},"geometry":{"type":"Polygon","coordinates":[[[120.698491,27.7533761],[120.7000682,27.755313],[120.7002532,27.7555313],[120.7009667,27.7563526],[120.7010043,27.7563858],[120.7016319,27.7571074],[120.7017446,27.757283],[120.7028308,27.75856],[120.70407,27.7600411],[120.7063285,27.7628869],[120.7066731,27.7626555],[120.7065806,27.7625795],[120.706079,27.7619232],[120.704872,27.7603805],[120.7046467,27.7601028],[120.7037669,27.7590893],[120.7034665,27.7587],[120.7023561,27.7574088],[120.7018974,27.7568154],[120.7013395,27.7561627],[120.7011062,27.7559918],[120.7002425,27.7548952],[120.6988853,27.7532621],[120.698491,27.7533761]]]}},{"type":"Feature","id":"way/1174790956","properties":{"natural":"water","osm_type":"way","osm_id":1174790956,"kind":"water","source_url":"https://www.openstreetmap.org/way/1174790956","osmId":"way/1174790956","source":"OpenStreetMap","name":""},"geometry":{"type":"Polygon","coordinates":[[[120.6935611,27.7474133],[120.6941539,27.7481017],[120.6942344,27.748078],[120.6944838,27.7483391],[120.6945321,27.7485717],[120.6955835,27.7498345],[120.698491,27.7533761],[120.6988853,27.7532621],[120.6986895,27.7530058],[120.6984749,27.7527565],[120.6973243,27.7513679],[120.6970373,27.7509834],[120.6970587,27.7509003],[120.6970078,27.7508196],[120.6969058,27.7508339],[120.6968576,27.7507935],[120.6960502,27.7497894],[120.6958759,27.7495948],[120.6953475,27.7489657],[120.6946152,27.748078],[120.6939447,27.7472946],[120.6935611,27.7474133]]]}},{"type":"Feature","id":"way/1174790957","properties":{"natural":"water","osm_type":"way","osm_id":1174790957,"kind":"water","source_url":"https://www.openstreetmap.org/way/1174790957","osmId":"way/1174790957","source":"OpenStreetMap","name":""},"geometry":{"type":"Polygon","coordinates":[[[120.6882423,27.742509],[120.6903666,27.7442276],[120.6905007,27.7444389],[120.691646,27.7453196],[120.6926197,27.7462359],[120.6935611,27.7474133],[120.6939447,27.7472946],[120.6929576,27.7461481],[120.691638,27.7449802],[120.6904739,27.7440069],[120.6884971,27.7423618],[120.6882423,27.742509]]]}},{"type":"Feature","id":"way/1174790958","properties":{"natural":"water","osm_type":"way","osm_id":1174790958,"kind":"water","source_url":"https://www.openstreetmap.org/way/1174790958","osmId":"way/1174790958","source":"OpenStreetMap","name":""},"geometry":{"type":"Polygon","coordinates":[[[120.6818332,27.7417303],[120.682202,27.7416923],[120.6838113,27.7414455],[120.6840661,27.7414241],[120.6846535,27.7415096],[120.6854287,27.7416829],[120.6869307,27.7418538],[120.6876415,27.7419725],[120.6882423,27.742509],[120.6884971,27.7423618],[120.6878909,27.7418443],[120.6876227,27.7417208],[120.6856567,27.7414763],[120.683991,27.7412555],[120.6836691,27.7412959],[120.6819954,27.7415499],[120.6818278,27.7416033],[120.6818332,27.7417303]]]}},{"type":"Feature","id":"way/1174790959","properties":{"natural":"water","osm_type":"way","osm_id":1174790959,"kind":"water","source_url":"https://www.openstreetmap.org/way/1174790959","osmId":"way/1174790959","source":"OpenStreetMap","name":""},"geometry":{"type":"Polygon","coordinates":[[[120.6736618,27.7390027],[120.6749091,27.7396247],[120.6770119,27.7406455],[120.6778273,27.7411321],[120.6782082,27.7412508],[120.6786802,27.7413671],[120.679847,27.741455],[120.6805122,27.7415998],[120.6811371,27.7416377],[120.681628,27.7418205],[120.6818332,27.7417303],[120.6818278,27.7416033],[120.6815864,27.7415262],[120.6803633,27.7413742],[120.6799798,27.7412876],[120.678589,27.741144],[120.6780231,27.7409944],[120.6776234,27.7407855],[120.6766579,27.7402633],[120.6763065,27.740071],[120.6753033,27.7395843],[120.6746972,27.7393066],[120.6741312,27.7390502],[120.6738067,27.738808],[120.6736618,27.7390027]]]}},{"type":"Feature","id":"way/1175108428","properties":{"highway":"service","osm_type":"way","osm_id":1175108428,"kind":"road","source_url":"https://www.openstreetmap.org/way/1175108428","osmId":"way/1175108428","source":"OpenStreetMap","name":""},"geometry":{"type":"LineString","coordinates":[[120.6737893,27.7787511],[120.6738563,27.7789005]]}},{"type":"Feature","id":"way/1175109411","properties":{"highway":"tertiary","name":"富民南路","osm_type":"way","osm_id":1175109411,"kind":"road","source_url":"https://www.openstreetmap.org/way/1175109411","osmId":"way/1175109411","source":"OpenStreetMap"},"geometry":{"type":"LineString","coordinates":[[120.6721173,27.7869084],[120.6712083,27.7843028]]}},{"type":"Feature","id":"way/1175109412","properties":{"highway":"tertiary","name":"镇府路","osm_type":"way","osm_id":1175109412,"kind":"road","source_url":"https://www.openstreetmap.org/way/1175109412","osmId":"way/1175109412","source":"OpenStreetMap"},"geometry":{"type":"LineString","coordinates":[[120.673008,27.7836243],[120.6712083,27.7843028]]}},{"type":"Feature","id":"way/1175109413","properties":{"bridge":"yes","highway":"tertiary","layer":"1","name":"镇府路","osm_type":"way","osm_id":1175109413,"kind":"road","source_url":"https://www.openstreetmap.org/way/1175109413","osmId":"way/1175109413","source":"OpenStreetMap"},"geometry":{"type":"LineString","coordinates":[[120.6731933,27.7835515],[120.673008,27.7836243]]}},{"type":"Feature","id":"way/1175109414","properties":{"highway":"tertiary","name":"镇府路","osm_type":"way","osm_id":1175109414,"kind":"road","source_url":"https://www.openstreetmap.org/way/1175109414","osmId":"way/1175109414","source":"OpenStreetMap"},"geometry":{"type":"LineString","coordinates":[[120.6773223,27.7818953],[120.6740054,27.7832258],[120.6738982,27.7832688],[120.6731933,27.7835515]]}},{"type":"Feature","id":"way/1175109415","properties":{"highway":"unclassified","name":"振南路","osm_type":"way","osm_id":1175109415,"kind":"road","source_url":"https://www.openstreetmap.org/way/1175109415","osmId":"way/1175109415","source":"OpenStreetMap"},"geometry":{"type":"LineString","coordinates":[[120.6691445,27.7780113],[120.671044,27.7774398],[120.671339,27.7773378],[120.6722134,27.777072],[120.6723207,27.7773069],[120.6733294,27.7770046]]}},{"type":"Feature","id":"way/1175109416","properties":{"highway":"unclassified","name":"振南路","osm_type":"way","osm_id":1175109416,"kind":"road","source_url":"https://www.openstreetmap.org/way/1175109416","osmId":"way/1175109416","source":"OpenStreetMap"},"geometry":{"type":"LineString","coordinates":[[120.6726775,27.7755176],[120.6720766,27.7756956],[120.6687431,27.7765563]]}},{"type":"Feature","id":"way/1175109417","properties":{"highway":"tertiary","osm_type":"way","osm_id":1175109417,"kind":"road","source_url":"https://www.openstreetmap.org/way/1175109417","osmId":"way/1175109417","source":"OpenStreetMap","name":""},"geometry":{"type":"LineString","coordinates":[[120.6726775,27.7755176],[120.6724348,27.7748923]]}},{"type":"Feature","id":"way/1175110720","properties":{"natural":"water","osm_type":"way","osm_id":1175110720,"kind":"water","source_url":"https://www.openstreetmap.org/way/1175110720","osmId":"way/1175110720","source":"OpenStreetMap","name":""},"geometry":{"type":"Polygon","coordinates":[[[120.6648804,27.7756731],[120.6648052,27.7755739],[120.6646818,27.775247],[120.6646067,27.775215],[120.6645651,27.7750394],[120.6645611,27.7749587],[120.6646134,27.7748721],[120.6645839,27.7747772],[120.6645007,27.7747499],[120.664431,27.7746917],[120.6642647,27.774369],[120.6640944,27.773835],[120.6640166,27.7735763],[120.6639227,27.7732987],[120.6637041,27.7727955],[120.6634171,27.7728608],[120.6636961,27.7735775],[120.6638356,27.7740201],[120.6639549,27.7743737],[120.6644686,27.7754998],[120.6645326,27.7757269],[120.6648804,27.7756731]]]}},{"type":"Feature","id":"way/1175110721","properties":{"natural":"water","osm_type":"way","osm_id":1175110721,"kind":"water","source_url":"https://www.openstreetmap.org/way/1175110721","osmId":"way/1175110721","source":"OpenStreetMap","name":""},"geometry":{"type":"Polygon","coordinates":[[[120.6640609,27.7767991],[120.6640729,27.7767243],[120.6642365,27.7767148],[120.6642473,27.776646],[120.6640528,27.7766152],[120.6639643,27.776544],[120.6639442,27.7764609],[120.663974,27.7763482],[120.6637906,27.7763805],[120.6638771,27.7765463],[120.6639375,27.7767208],[120.6639871,27.7768465],[120.6640609,27.7767991]]]}},{"type":"Feature","id":"way/1175110722","properties":{"natural":"water","osm_type":"way","osm_id":1175110722,"kind":"water","source_url":"https://www.openstreetmap.org/way/1175110722","osmId":"way/1175110722","source":"OpenStreetMap","name":""},"geometry":{"type":"Polygon","coordinates":[[[120.6651458,27.7767398],[120.6650975,27.7766525],[120.6649869,27.7766045],[120.6649098,27.7765321],[120.6649601,27.7764769],[120.6650526,27.7765386],[120.6652263,27.7765493],[120.6653483,27.776474],[120.6655119,27.7763239],[120.6654945,27.776156],[120.6654388,27.7760975],[120.665587,27.7760731],[120.6655569,27.7761441],[120.6655776,27.7762283],[120.6655495,27.7763387],[120.6654918,27.7764087],[120.6652813,27.7765831],[120.665229,27.7766674],[120.6652088,27.7767611],[120.6651458,27.7767398]]]}},{"type":"Feature","id":"way/1175110723","properties":{"natural":"water","osm_type":"way","osm_id":1175110723,"kind":"water","source_url":"https://www.openstreetmap.org/way/1175110723","osmId":"way/1175110723","source":"OpenStreetMap","name":""},"geometry":{"type":"Polygon","coordinates":[[[120.664081,27.7769011],[120.6639871,27.7768465],[120.6640609,27.7767991],[120.6642982,27.7768691],[120.6643841,27.7768549],[120.6644404,27.7767825],[120.6644417,27.7766247],[120.664604,27.776595],[120.6646053,27.7767042],[120.6647435,27.7768228],[120.6648642,27.7768394],[120.6650291,27.7768454],[120.6651458,27.7767398],[120.6652088,27.7767611],[120.6652585,27.7769272],[120.6651941,27.7771337],[120.6651016,27.7772488],[120.6649809,27.7772998],[120.6647743,27.7773224],[120.6646308,27.7772844],[120.6644994,27.7772132],[120.6643251,27.7770044],[120.6642298,27.7769533],[120.664081,27.7769011]]]}},{"type":"Feature","id":"way/1175110724","properties":{"area":"yes","highway":"footway","osm_type":"way","osm_id":1175110724,"kind":"road","source_url":"https://www.openstreetmap.org/way/1175110724","osmId":"way/1175110724","source":"OpenStreetMap","name":""},"geometry":{"type":"LineString","coordinates":[[120.6632119,27.7782135],[120.6634547,27.7781814],[120.663629,27.7784982],[120.6637551,27.7786608],[120.6639093,27.7786501],[120.6643304,27.7786442],[120.6644847,27.7788277],[120.6634648,27.7789876],[120.6634037,27.7789634],[120.6633474,27.7788874],[120.6632119,27.7782135]]}},{"type":"Feature","id":"way/1175110725","properties":{"highway":"footway","osm_type":"way","osm_id":1175110725,"kind":"road","source_url":"https://www.openstreetmap.org/way/1175110725","osmId":"way/1175110725","source":"OpenStreetMap","name":""},"geometry":{"type":"LineString","coordinates":[[120.6629719,27.7770127],[120.6632225,27.7781284]]}},{"type":"Feature","id":"way/1175110726","properties":{"highway":"pedestrian","osm_type":"way","osm_id":1175110726,"kind":"road","source_url":"https://www.openstreetmap.org/way/1175110726","osmId":"way/1175110726","source":"OpenStreetMap","name":""},"geometry":{"type":"LineString","coordinates":[[120.6645906,27.7771432],[120.6642808,27.7776534],[120.664266,27.7777721],[120.6640327,27.7781174],[120.6639415,27.7781518],[120.6633165,27.7790108]]}},{"type":"Feature","id":"way/1175110727","properties":{"highway":"service","osm_type":"way","osm_id":1175110727,"kind":"road","source_url":"https://www.openstreetmap.org/way/1175110727","osmId":"way/1175110727","source":"OpenStreetMap","name":""},"geometry":{"type":"LineString","coordinates":[[120.6629395,27.7781788],[120.6632225,27.7781284],[120.663511,27.778077],[120.6635834,27.7780343],[120.6636102,27.7779607]]}},{"type":"Feature","id":"way/1175110728","properties":{"highway":"unclassified","osm_type":"way","osm_id":1175110728,"kind":"road","source_url":"https://www.openstreetmap.org/way/1175110728","osmId":"way/1175110728","source":"OpenStreetMap","name":""},"geometry":{"type":"LineString","coordinates":[[120.6718942,27.7796231],[120.6724715,27.7811644]]}},{"type":"Feature","id":"way/1175110729","properties":{"highway":"unclassified","osm_type":"way","osm_id":1175110729,"kind":"road","source_url":"https://www.openstreetmap.org/way/1175110729","osmId":"way/1175110729","source":"OpenStreetMap","name":""},"geometry":{"type":"LineString","coordinates":[[120.6738982,27.7832688],[120.6746006,27.7844474],[120.6751429,27.7853019]]}},{"type":"Feature","id":"way/1175110730","properties":{"highway":"unclassified","osm_type":"way","osm_id":1175110730,"kind":"road","source_url":"https://www.openstreetmap.org/way/1175110730","osmId":"way/1175110730","source":"OpenStreetMap","name":""},"geometry":{"type":"LineString","coordinates":[[120.6726145,27.7791729],[120.6727284,27.7795851],[120.6731683,27.7808935],[120.6735411,27.7820033],[120.6740054,27.7832258]]}},{"type":"Feature","id":"way/1175110731","properties":{"highway":"unclassified","osm_type":"way","osm_id":1175110731,"kind":"road","source_url":"https://www.openstreetmap.org/way/1175110731","osmId":"way/1175110731","source":"OpenStreetMap","name":""},"geometry":{"type":"LineString","coordinates":[[120.6751429,27.7853019],[120.6754696,27.7857763],[120.6761456,27.7865783],[120.6762046,27.7867041],[120.6765076,27.7870933],[120.6761858,27.7873187]]}},{"type":"Feature","id":"way/1175110732","properties":{"highway":"unclassified","osm_type":"way","osm_id":1175110732,"kind":"road","source_url":"https://www.openstreetmap.org/way/1175110732","osmId":"way/1175110732","source":"OpenStreetMap","name":""},"geometry":{"type":"LineString","coordinates":[[120.6769972,27.7850312],[120.6759417,27.7858119]]}},{"type":"Feature","id":"way/1175110733","properties":{"highway":"unclassified","osm_type":"way","osm_id":1175110733,"kind":"road","source_url":"https://www.openstreetmap.org/way/1175110733","osmId":"way/1175110733","source":"OpenStreetMap","name":""},"geometry":{"type":"LineString","coordinates":[[120.6767093,27.7842151],[120.6771862,27.7849054],[120.6776047,27.7855105],[120.6780124,27.7860705],[120.6783611,27.7863838],[120.678581,27.7865499],[120.6789163,27.78678],[120.6795251,27.7873116],[120.6796646,27.7874243]]}},{"type":"Feature","id":"way/1175110734","properties":{"highway":"unclassified","osm_type":"way","osm_id":1175110734,"kind":"road","source_url":"https://www.openstreetmap.org/way/1175110734","osmId":"way/1175110734","source":"OpenStreetMap","name":""},"geometry":{"type":"LineString","coordinates":[[120.6780874,27.7850552],[120.6776047,27.7855105]]}},{"type":"Feature","id":"way/1175110735","properties":{"highway":"unclassified","osm_type":"way","osm_id":1175110735,"kind":"road","source_url":"https://www.openstreetmap.org/way/1175110735","osmId":"way/1175110735","source":"OpenStreetMap","name":""},"geometry":{"type":"LineString","coordinates":[[120.6789243,27.7847559],[120.6782725,27.7853148],[120.6780874,27.7850552],[120.6778112,27.7846681],[120.6772156,27.7838003]]}},{"type":"Feature","id":"way/1175110736","properties":{"highway":"unclassified","osm_type":"way","osm_id":1175110736,"kind":"road","source_url":"https://www.openstreetmap.org/way/1175110736","osmId":"way/1175110736","source":"OpenStreetMap","name":""},"geometry":{"type":"LineString","coordinates":[[120.6777945,27.78337],[120.6789243,27.7847559],[120.6792408,27.7851214]]}},{"type":"Feature","id":"way/1175110737","properties":{"highway":"unclassified","osm_type":"way","osm_id":1175110737,"kind":"road","source_url":"https://www.openstreetmap.org/way/1175110737","osmId":"way/1175110737","source":"OpenStreetMap","name":""},"geometry":{"type":"LineString","coordinates":[[120.6792019,27.7807277],[120.6776436,27.7816805],[120.6773223,27.7818953]]}},{"type":"Feature","id":"way/1175110738","properties":{"highway":"tertiary","name":"市场南路","osm_type":"way","osm_id":1175110738,"kind":"road","source_url":"https://www.openstreetmap.org/way/1175110738","osmId":"way/1175110738","source":"OpenStreetMap"},"geometry":{"type":"LineString","coordinates":[[120.6769428,27.7814593],[120.6773223,27.7818953]]}},{"type":"Feature","id":"way/1175110739","properties":{"bridge":"yes","highway":"tertiary","layer":"1","name":"市场南路","osm_type":"way","osm_id":1175110739,"kind":"road","source_url":"https://www.openstreetmap.org/way/1175110739","osmId":"way/1175110739","source":"OpenStreetMap"},"geometry":{"type":"LineString","coordinates":[[120.6768202,27.7813211],[120.6769428,27.7814593]]}},{"type":"Feature","id":"way/1177064816","properties":{"highway":"unclassified","osm_type":"way","osm_id":1177064816,"kind":"road","source_url":"https://www.openstreetmap.org/way/1177064816","osmId":"way/1177064816","source":"OpenStreetMap","name":""},"geometry":{"type":"LineString","coordinates":[[120.5997546,27.7406175],[120.6014299,27.7383807],[120.6018645,27.7377825],[120.6018805,27.7376258],[120.6018189,27.7374976],[120.6028035,27.7360585],[120.6030182,27.7359826]]}},{"type":"Feature","id":"way/1177064817","properties":{"natural":"water","osm_type":"way","osm_id":1177064817,"kind":"water","source_url":"https://www.openstreetmap.org/way/1177064817","osmId":"way/1177064817","source":"OpenStreetMap","name":""},"geometry":{"type":"Polygon","coordinates":[[[120.6018752,27.7382525],[120.6016284,27.7386181],[120.6015909,27.7387463],[120.6014085,27.7388674],[120.600931,27.7396223],[120.6006011,27.7399333],[120.5999681,27.7407499],[120.5993244,27.7415713],[120.598737,27.7423832],[120.5980182,27.7433327],[120.5975005,27.7441541],[120.5972967,27.7443748],[120.5971491,27.7447641],[120.596905,27.7450988],[120.596669,27.7452674],[120.5970177,27.7454169],[120.5970338,27.7452674],[120.5973342,27.745049],[120.5975595,27.7445932],[120.5980343,27.743938],[120.5981657,27.743703],[120.5984125,27.7434348],[120.5985707,27.7431618],[120.5987853,27.7429173],[120.5993298,27.7420793],[120.5995256,27.7418015],[120.5997428,27.7416188],[120.5998823,27.7414431],[120.5999762,27.7412674],[120.6004295,27.7407143],[120.6007808,27.7403463],[120.6008828,27.7401232],[120.6010947,27.7399689],[120.6013307,27.7396864],[120.6014219,27.739487],[120.6015909,27.7393398],[120.6016552,27.7391831],[120.602012,27.7385706],[120.602138,27.7383997],[120.6018752,27.7382525]]]}},{"type":"Feature","id":"way/1178597009","properties":{"natural":"water","osm_type":"way","osm_id":1178597009,"kind":"water","source_url":"https://www.openstreetmap.org/way/1178597009","osmId":"way/1178597009","source":"OpenStreetMap","name":""},"geometry":{"type":"Polygon","coordinates":[[[120.605641,27.7365955],[120.6049812,27.73764],[120.6038868,27.7389315],[120.6028247,27.7402276],[120.6018215,27.7414146],[120.6012958,27.7417992],[120.6009149,27.7423737],[120.6007513,27.742649],[120.6005126,27.7428556],[120.600239,27.7433185],[120.5998099,27.7439974],[120.5994022,27.7448235],[120.5990374,27.7453766],[120.5986378,27.7461196],[120.5985653,27.7463451],[120.5986378,27.746478],[120.5988497,27.7463855],[120.5988979,27.746103],[120.5990589,27.7459439],[120.599311,27.7454882],[120.5993056,27.7453505],[120.5998957,27.7443582],[120.6000781,27.7441208],[120.6002122,27.7440449],[120.6009418,27.7427772],[120.6016445,27.7419511],[120.602771,27.7408116],[120.6039566,27.7395202],[120.6042838,27.7391166],[120.6045091,27.7388508],[120.6047344,27.7384377],[120.6049758,27.7381338],[120.6052118,27.7380104],[120.6055874,27.7374881],[120.6055874,27.7373124],[120.6058341,27.737094],[120.6059146,27.7367759],[120.605641,27.7365955]]]}},{"type":"Feature","id":"way/1178598052","properties":{"natural":"water","osm_type":"way","osm_id":1178598052,"kind":"water","source_url":"https://www.openstreetmap.org/way/1178598052","osmId":"way/1178598052","source":"OpenStreetMap","name":""},"geometry":{"type":"Polygon","coordinates":[[[120.6042838,27.7391166],[120.6046057,27.7392781],[120.6053513,27.7395914],[120.6053299,27.7397529],[120.6043643,27.7412935],[120.6030661,27.7430289],[120.602071,27.7441802],[120.6018376,27.7443392],[120.601548,27.744738],[120.6015533,27.7448662],[120.601159,27.745379],[120.6007701,27.7460199],[120.6005958,27.7466062],[120.6006306,27.7468009],[120.6010196,27.7464329],[120.6012744,27.7457873],[120.6018054,27.7448947],[120.6022829,27.7442253],[120.6025028,27.7440781],[120.6034121,27.7429458],[120.604375,27.7417707],[120.6049651,27.7409541],[120.6052601,27.7404698],[120.6056249,27.7398003],[120.6056732,27.7395297],[120.6056249,27.7393778],[120.6049919,27.7390739],[120.6045091,27.7388508],[120.6042838,27.7391166]]]}},{"type":"Feature","id":"way/1178598053","properties":{"natural":"water","osm_type":"way","osm_id":1178598053,"kind":"water","source_url":"https://www.openstreetmap.org/way/1178598053","osmId":"way/1178598053","source":"OpenStreetMap","name":""},"geometry":{"type":"Polygon","coordinates":[[[120.6094122,27.7373029],[120.609329,27.7373362],[120.6086504,27.7372198],[120.6085485,27.737208],[120.6081194,27.7370038],[120.6078994,27.7370988],[120.607776,27.7372578],[120.6072074,27.7383926],[120.6068882,27.7389932],[120.6067675,27.7396294],[120.6066844,27.7401279],[120.6066012,27.741106],[120.6064349,27.7425707],[120.6063491,27.7437149],[120.6062928,27.7440733],[120.6063652,27.7447356],[120.6062204,27.7454715],[120.6058207,27.7461932],[120.6053299,27.7468222],[120.6047103,27.7476768],[120.6045735,27.7480352],[120.6046969,27.7481112],[120.6048176,27.7479569],[120.6050751,27.7478002],[120.6056115,27.7470193],[120.6056759,27.7468032],[120.6057751,27.7467653],[120.6063518,27.7459368],[120.6065717,27.74536],[120.606612,27.7450205],[120.6066817,27.7437458],[120.6067675,27.7423926],[120.60684,27.7411748],[120.6069258,27.7400591],[120.6069204,27.7396175],[120.6069767,27.7392614],[120.6073496,27.738459],[120.6076044,27.738084],[120.6079826,27.7373267],[120.6080765,27.7372815],[120.6082213,27.7372839],[120.6092191,27.7375142],[120.6094497,27.7375735],[120.6094122,27.7373029]]]}},{"type":"Feature","id":"way/1178598055","properties":{"natural":"water","osm_type":"way","osm_id":1178598055,"kind":"water","source_url":"https://www.openstreetmap.org/way/1178598055","osmId":"way/1178598055","source":"OpenStreetMap","name":""},"geometry":{"type":"Polygon","coordinates":[[[120.6097072,27.7363391],[120.6096402,27.7373884],[120.6096536,27.7379391],[120.6097448,27.7382074],[120.6097501,27.7404365],[120.6095999,27.7425588],[120.6092781,27.743855],[120.6084949,27.7459534],[120.6083018,27.7462715],[120.6082106,27.7466181],[120.6074113,27.747805],[120.6071377,27.7483177],[120.6064027,27.7493242],[120.6061479,27.7494524],[120.6060004,27.7493479],[120.6061158,27.7490939],[120.6063572,27.7488447],[120.6068346,27.7481349],[120.6070787,27.7476412],[120.6078243,27.7467368],[120.6084466,27.7451131],[120.6088704,27.7438787],[120.6091011,27.7429529],[120.6092566,27.7423594],[120.6093264,27.7413861],[120.6093532,27.7406122],[120.609439,27.7393968],[120.6095034,27.7387677],[120.6094283,27.7386513],[120.6094953,27.7385018],[120.6095463,27.7384258],[120.6095436,27.7376851],[120.6094497,27.7375735],[120.6094122,27.7373029],[120.6093666,27.7367545],[120.6094015,27.7361753],[120.6097072,27.7363391]]]}},{"type":"Feature","id":"way/1178598056","properties":{"natural":"water","osm_type":"way","osm_id":1178598056,"kind":"water","source_url":"https://www.openstreetmap.org/way/1178598056","osmId":"way/1178598056","source":"OpenStreetMap","name":""},"geometry":{"type":"Polygon","coordinates":[[[120.6129426,27.7468681],[120.6135052,27.7470501],[120.6144065,27.7475201],[120.6146908,27.7476578],[120.6152272,27.7479379],[120.6163913,27.748332],[120.6173301,27.7486856],[120.6177485,27.7488518],[120.6178156,27.7490797],[120.6180838,27.7490512],[120.6182528,27.7489254],[120.6179711,27.7486809],[120.6167293,27.7481729],[120.6163645,27.7480613],[120.616233,27.7479783],[120.6155115,27.7477053],[120.6152916,27.7476341],[120.6152004,27.7475249],[120.6148624,27.7473919],[120.6143206,27.7470857],[120.6137466,27.7467985],[120.6130761,27.7465516],[120.6129426,27.7468681]]]}},{"type":"Feature","id":"way/1178598057","properties":{"natural":"water","osm_type":"way","osm_id":1178598057,"kind":"water","source_url":"https://www.openstreetmap.org/way/1178598057","osmId":"way/1178598057","source":"OpenStreetMap","name":""},"geometry":{"type":"Polygon","coordinates":[[[120.6181079,27.7395344],[120.618183,27.74009],[120.6181294,27.7409113],[120.6176466,27.7424544],[120.6173247,27.7435558],[120.6166059,27.7449802],[120.6156617,27.7466751],[120.6152004,27.7475249],[120.6148624,27.7473919],[120.6152648,27.7467368],[120.6157368,27.7457873],[120.6164718,27.7445196],[120.6164288,27.7442633],[120.6165951,27.7441351],[120.6166756,27.7441683],[120.616799,27.7440876],[120.6169921,27.7436745],[120.6169546,27.7433564],[120.6171155,27.7430526],[120.6172925,27.7428057],[120.6175876,27.7414194],[120.6177968,27.7404413],[120.6177621,27.7395885],[120.6181079,27.7395344]]]}},{"type":"Feature","id":"way/1178598058","properties":{"natural":"water","osm_type":"way","osm_id":1178598058,"kind":"water","source_url":"https://www.openstreetmap.org/way/1178598058","osmId":"way/1178598058","source":"OpenStreetMap","name":""},"geometry":{"type":"Polygon","coordinates":[[[120.6110752,27.7464567],[120.6116599,27.7467154],[120.61225,27.7469006],[120.612545,27.7468792],[120.6126979,27.7467154],[120.6129152,27.7460626],[120.6131324,27.7449612],[120.6135106,27.7430858],[120.6138056,27.7415618],[120.6139559,27.7408496],[120.613929,27.740541],[120.6141597,27.7398573],[120.6143635,27.7385944],[120.6141704,27.7381006],[120.6140417,27.7376495],[120.6141329,27.7367616],[120.6139934,27.736415],[120.6139022,27.7357456],[120.6136125,27.7347817],[120.6135482,27.734644],[120.6135696,27.7342547],[120.6133711,27.734079],[120.6132907,27.7338368],[120.6134248,27.7337561],[120.6136823,27.7338036],[120.6138486,27.7345016],[120.6139612,27.7353657],[120.6140631,27.7354417],[120.6142563,27.7359402],[120.6142026,27.7366857],[120.6143206,27.7370893],[120.6143045,27.7373362],[120.6143689,27.7375023],[120.6143743,27.7379961],[120.6146049,27.7380721],[120.6146961,27.7383332],[120.6144386,27.7394158],[120.6144118,27.7402846],[120.6141221,27.741163],[120.6141543,27.7414099],[120.6140953,27.7420651],[120.6137305,27.7432425],[120.6136447,27.7439072],[120.6134784,27.7448425],[120.6132102,27.7460864],[120.6130761,27.7465516],[120.6129426,27.7468681],[120.6128427,27.7471047],[120.6126872,27.7472258],[120.612435,27.7472329],[120.6111744,27.7468721],[120.6110349,27.7468507],[120.6110752,27.7464567]]]}},{"type":"Feature","id":"way/1178598059","properties":{"natural":"water","osm_type":"way","osm_id":1178598059,"kind":"water","source_url":"https://www.openstreetmap.org/way/1178598059","osmId":"way/1178598059","source":"OpenStreetMap","name":""},"geometry":{"type":"Polygon","coordinates":[[[120.610764,27.7464709],[120.6106594,27.7467748],[120.6101042,27.7479854],[120.6093371,27.7494476],[120.6090608,27.7499366],[120.6090045,27.7501953],[120.6088141,27.75053],[120.6089788,27.7505698],[120.6095248,27.7496826],[120.6103724,27.748097],[120.6110349,27.7468507],[120.6110752,27.7464567],[120.610764,27.7464709]]]}},{"type":"Feature","id":"way/1178598060","properties":{"natural":"water","osm_type":"way","osm_id":1178598060,"kind":"water","source_url":"https://www.openstreetmap.org/way/1178598060","osmId":"way/1178598060","source":"OpenStreetMap","name":""},"geometry":{"type":"Polygon","coordinates":[[[120.6137735,27.7391546],[120.6137788,27.73943],[120.613693,27.7400282],[120.6135589,27.7401754],[120.6132477,27.741201],[120.6131834,27.7417042],[120.6130385,27.7424686],[120.6127167,27.7429956],[120.612148,27.7441493],[120.6116009,27.7451558],[120.6110752,27.7464567],[120.610764,27.7464709],[120.6110376,27.745792],[120.6110483,27.7455926],[120.6114131,27.7448235],[120.6116062,27.7445339],[120.611971,27.7436366],[120.6126094,27.7425398],[120.6127542,27.7420556],[120.6128508,27.7412674],[120.6130063,27.7405647],[120.6131834,27.7403368],[120.6133765,27.7398241],[120.6133658,27.7395439],[120.6134355,27.7392591],[120.6133631,27.7391665],[120.6137735,27.7391546]]]}},{"type":"Feature","id":"way/1178600131","properties":{"natural":"water","osm_type":"way","osm_id":1178600131,"kind":"water","source_url":"https://www.openstreetmap.org/way/1178600131","osmId":"way/1178600131","source":"OpenStreetMap","name":""},"geometry":{"type":"Polygon","coordinates":[[[120.5992359,27.762341],[120.6015048,27.7602667],[120.6042516,27.7577554],[120.604316,27.7576082],[120.6045927,27.7577444],[120.6033984,27.758877],[120.6021582,27.7599609],[120.6016664,27.760361],[120.6015076,27.7605907],[120.6011899,27.7608178],[120.600356,27.7616476],[120.5994407,27.7624637],[120.5992359,27.762341]]]}},{"type":"Feature","id":"way/1178600132","properties":{"natural":"water","osm_type":"way","osm_id":1178600132,"kind":"water","source_url":"https://www.openstreetmap.org/way/1178600132","osmId":"way/1178600132","source":"OpenStreetMap","name":""},"geometry":{"type":"Polygon","coordinates":[[[120.6089471,27.7508837],[120.6090494,27.7508864],[120.6094649,27.7510053],[120.6099933,27.7513486],[120.6101185,27.7513135],[120.610201,27.7512378],[120.6107142,27.7505268],[120.610928,27.7503106],[120.6110807,27.7502025],[120.6112762,27.7499862],[120.6113618,27.7498943],[120.6114106,27.7497213],[120.6115481,27.749359],[120.6117131,27.7492698],[120.6119635,27.7488508],[120.6122598,27.748348],[120.6122598,27.7482642],[120.6123423,27.7480398],[120.6124462,27.7479884],[120.612605,27.747345],[120.6126872,27.7472258],[120.612435,27.7472329],[120.6123301,27.7474964],[120.6119116,27.7485129],[120.6113832,27.7492833],[120.6113251,27.7492941],[120.6112243,27.7495483],[120.6105828,27.7504674],[120.6100849,27.7512081],[120.6100116,27.7512027],[120.609138,27.7507066],[120.6089593,27.750658],[120.6089471,27.7508837]]]}},{"type":"Feature","id":"way/1178600133","properties":{"natural":"water","osm_type":"way","osm_id":1178600133,"kind":"water","source_url":"https://www.openstreetmap.org/way/1178600133","osmId":"way/1178600133","source":"OpenStreetMap","name":""},"geometry":{"type":"Polygon","coordinates":[[[120.6087806,27.7511459],[120.6090464,27.7516433],[120.6093091,27.7522678],[120.6093304,27.7527111],[120.6093121,27.7530841],[120.6090922,27.7534355],[120.6085088,27.7538572],[120.6082125,27.7540113],[120.6080017,27.7542762],[120.6079039,27.7542303],[120.6082155,27.7537248],[120.6091075,27.7532058],[120.6091594,27.753076],[120.6090342,27.7525732],[120.6089517,27.7520082],[120.6087073,27.7515703],[120.6085729,27.7513189],[120.6087806,27.7511459]]]}},{"type":"Feature","id":"way/1178600134","properties":{"natural":"water","osm_type":"way","osm_id":1178600134,"kind":"water","source_url":"https://www.openstreetmap.org/way/1178600134","osmId":"way/1178600134","source":"OpenStreetMap","name":""},"geometry":{"type":"Polygon","coordinates":[[[120.6079253,27.7510837],[120.6083224,27.7510675],[120.6084721,27.7510243],[120.6086554,27.7508215],[120.6088141,27.75053],[120.6089788,27.7505698],[120.6089593,27.750658],[120.6089471,27.7508837],[120.6087806,27.7511459],[120.6085729,27.7513189],[120.6082522,27.7513419],[120.6078642,27.7514162],[120.6079253,27.7510837]]]}},{"type":"Feature","id":"way/1178600135","properties":{"natural":"water","osm_type":"way","osm_id":1178600135,"kind":"water","source_url":"https://www.openstreetmap.org/way/1178600135","osmId":"way/1178600135","source":"OpenStreetMap","name":""},"geometry":{"type":"Polygon","coordinates":[[[120.6037374,27.7564847],[120.6046538,27.7555278],[120.6053747,27.7548169],[120.605781,27.7543952],[120.6064683,27.7538464],[120.6069204,27.7535085],[120.6070945,27.7534085],[120.6073449,27.7529138],[120.6076718,27.7523461],[120.6077329,27.7516514],[120.6078642,27.7514162],[120.6079253,27.7510837],[120.6078337,27.7509513],[120.6075954,27.7508512],[120.6075557,27.7509756],[120.6077482,27.7510918],[120.6077023,27.751181],[120.6075771,27.7512432],[120.6074488,27.7514703],[120.6073236,27.752265],[120.6071097,27.7525678],[120.6070609,27.753003],[120.6068593,27.7532463],[120.6067096,27.7533896],[120.6063217,27.7537599],[120.6058024,27.7541113],[120.6052525,27.7547466],[120.6049929,27.7549547],[120.604382,27.7555575],[120.603655,27.7562333],[120.6034677,27.756307],[120.6037374,27.7564847]]]}},{"type":"Feature","id":"way/1178600136","properties":{"natural":"water","osm_type":"way","osm_id":1178600136,"kind":"water","source_url":"https://www.openstreetmap.org/way/1178600136","osmId":"way/1178600136","source":"OpenStreetMap","name":""},"geometry":{"type":"Polygon","coordinates":[[[120.6023633,27.7557426],[120.6024395,27.7556457],[120.6031571,27.7561022],[120.6034677,27.756307],[120.6037374,27.7564847],[120.6037374,27.7565739],[120.6041407,27.7570227],[120.6046141,27.7574092],[120.6051029,27.7576903],[120.6054266,27.7579958],[120.6056038,27.7583553],[120.6054908,27.758412],[120.6052373,27.7581309],[120.6047668,27.7577633],[120.6045927,27.7577444],[120.604316,27.7576082],[120.6042516,27.7574136],[120.6023633,27.7557426]]]}},{"type":"Feature","id":"way/1178600137","properties":{"source":"OpenStreetMap","waterway":"river","osm_type":"way","osm_id":1178600137,"kind":"water","source_url":"https://www.openstreetmap.org/way/1178600137","osmId":"way/1178600137","name":""},"geometry":{"type":"LineString","coordinates":[[120.6021736,27.7555278],[120.6004301,27.7540846],[120.5987189,27.7534504]]}},{"type":"Feature","id":"way/1178600138","properties":{"natural":"water","osm_type":"way","osm_id":1178600138,"kind":"water","source_url":"https://www.openstreetmap.org/way/1178600138","osmId":"way/1178600138","source":"OpenStreetMap","name":""},"geometry":{"type":"Polygon","coordinates":[[[120.5989661,27.7533396],[120.5993755,27.7535802],[120.6002796,27.7539789],[120.6005423,27.7539654],[120.6006859,27.7540816],[120.6013273,27.7547331],[120.6021704,27.7554116],[120.6024759,27.7555994],[120.6024395,27.7556457],[120.6023633,27.7557426],[120.6022268,27.7556327],[120.6019488,27.7554091],[120.6016257,27.7551492],[120.6003463,27.7541261],[120.5999386,27.754017],[120.5990535,27.7536562],[120.5987906,27.7535636],[120.5989661,27.7533396]]]}},{"type":"Feature","id":"way/1178600140","properties":{"natural":"water","osm_type":"way","osm_id":1178600140,"kind":"water","source_url":"https://www.openstreetmap.org/way/1178600140","osmId":"way/1178600140","source":"OpenStreetMap","name":""},"geometry":{"type":"Polygon","coordinates":[[[120.6158551,27.7576173],[120.6158826,27.7574633],[120.6165455,27.7575119],[120.617471,27.7576984],[120.6173641,27.7578876],[120.6174527,27.7580525],[120.6173641,27.758158],[120.6165913,27.7580336],[120.61624,27.7579525],[120.6159834,27.7577309],[120.6158551,27.7576173]]]}},{"type":"Feature","id":"way/1178600141","properties":{"natural":"water","osm_type":"way","osm_id":1178600141,"kind":"water","source_url":"https://www.openstreetmap.org/way/1178600141","osmId":"way/1178600141","source":"OpenStreetMap","name":""},"geometry":{"type":"Polygon","coordinates":[[[120.6057559,27.7669309],[120.6057977,27.7668939],[120.6057679,27.7668172],[120.6048024,27.7658386],[120.6044736,27.765619],[120.604298,27.7658463],[120.6041469,27.765741],[120.6047545,27.7650266],[120.6054092,27.7642833],[120.605726,27.7638707],[120.6064583,27.7630349],[120.6071668,27.762244],[120.6072265,27.762371],[120.6066048,27.7631195],[120.6062342,27.7636538],[120.6051969,27.764815],[120.6047486,27.7653228],[120.6051013,27.7658095],[120.60601,27.7667061],[120.6065869,27.7671531],[120.6057559,27.7669309]]]}},{"type":"Feature","id":"way/1178600142","properties":{"natural":"water","osm_type":"way","osm_id":1178600142,"kind":"water","source_url":"https://www.openstreetmap.org/way/1178600142","osmId":"way/1178600142","source":"OpenStreetMap","name":""},"geometry":{"type":"Polygon","coordinates":[[[120.6047097,27.7662565],[120.605179,27.7665527],[120.6057559,27.7669309],[120.6065869,27.7671531],[120.6069695,27.7674652],[120.6078513,27.7681397],[120.6084282,27.7683116],[120.6088138,27.7683883],[120.6084431,27.7687109],[120.6082518,27.7689384],[120.6068081,27.7679254],[120.6055377,27.7670076],[120.6046439,27.7664046],[120.6046613,27.7662322],[120.6047097,27.7662565]]]}},{"type":"Feature","id":"way/1178600143","properties":{"natural":"water","osm_type":"way","osm_id":1178600143,"kind":"water","source_url":"https://www.openstreetmap.org/way/1178600143","osmId":"way/1178600143","source":"OpenStreetMap","name":""},"geometry":{"type":"Polygon","coordinates":[[[120.5992359,27.762341],[120.5994407,27.7624637],[120.5998554,27.7627122],[120.60051,27.7631143],[120.6020135,27.7642093],[120.6035888,27.7653519],[120.6041469,27.765741],[120.604298,27.7658463],[120.6046738,27.7661084],[120.6046613,27.7662322],[120.6046439,27.7664046],[120.6040103,27.7659788],[120.6029222,27.7652355],[120.6027279,27.7652011],[120.6021092,27.7647092],[120.6017146,27.7644367],[120.6009584,27.7638416],[120.6003247,27.7634158],[120.60025,27.76331],[120.599694,27.7630111],[120.5991978,27.7627519],[120.5990561,27.7626267],[120.5992359,27.762341]]]}},{"type":"Feature","id":"way/1178600147","properties":{"bridge":"yes","highway":"tertiary","layer":"1","osm_type":"way","osm_id":1178600147,"kind":"road","source_url":"https://www.openstreetmap.org/way/1178600147","osmId":"way/1178600147","source":"OpenStreetMap","name":""},"geometry":{"type":"LineString","coordinates":[[120.6068757,27.7479491],[120.6073721,27.7481261]]}},{"type":"Feature","id":"way/1178600148","properties":{"highway":"tertiary","osm_type":"way","osm_id":1178600148,"kind":"road","source_url":"https://www.openstreetmap.org/way/1178600148","osmId":"way/1178600148","source":"OpenStreetMap","name":""},"geometry":{"type":"LineString","coordinates":[[120.6073721,27.7481261],[120.6083466,27.7484187],[120.6095793,27.7488362]]}},{"type":"Feature","id":"way/1178600149","properties":{"bridge":"yes","highway":"tertiary","layer":"1","osm_type":"way","osm_id":1178600149,"kind":"road","source_url":"https://www.openstreetmap.org/way/1178600149","osmId":"way/1178600149","source":"OpenStreetMap","name":""},"geometry":{"type":"LineString","coordinates":[[120.6095793,27.7488362],[120.6100311,27.7489827]]}},{"type":"Feature","id":"way/1178600150","properties":{"highway":"tertiary","osm_type":"way","osm_id":1178600150,"kind":"road","source_url":"https://www.openstreetmap.org/way/1178600150","osmId":"way/1178600150","source":"OpenStreetMap","name":""},"geometry":{"type":"LineString","coordinates":[[120.6100311,27.7489827],[120.6111774,27.7493846],[120.6116026,27.7495278],[120.6125232,27.7498333]]}},{"type":"Feature","id":"way/1183916564","properties":{"highway":"unclassified","osm_type":"way","osm_id":1183916564,"kind":"road","source_url":"https://www.openstreetmap.org/way/1183916564","osmId":"way/1183916564","source":"OpenStreetMap","name":""},"geometry":{"type":"LineString","coordinates":[[120.6007366,27.7513217],[120.6001599,27.751959],[120.5995953,27.7525061],[120.5992922,27.7529737],[120.5991688,27.7531969],[120.5990305,27.7533709]]}},{"type":"Feature","id":"way/1183916568","properties":{"highway":"tertiary","osm_type":"way","osm_id":1183916568,"kind":"road","source_url":"https://www.openstreetmap.org/way/1183916568","osmId":"way/1183916568","source":"OpenStreetMap","name":""},"geometry":{"type":"LineString","coordinates":[[120.6024064,27.7558248],[120.6023794,27.7558684]]}},{"type":"Feature","id":"way/1183916569","properties":{"bridge":"yes","highway":"tertiary","layer":"1","osm_type":"way","osm_id":1183916569,"kind":"road","source_url":"https://www.openstreetmap.org/way/1183916569","osmId":"way/1183916569","source":"OpenStreetMap","name":""},"geometry":{"type":"LineString","coordinates":[[120.6025047,27.7556661],[120.6024064,27.7558248]]}},{"type":"Feature","id":"way/1183916570","properties":{"highway":"unclassified","osm_type":"way","osm_id":1183916570,"kind":"road","source_url":"https://www.openstreetmap.org/way/1183916570","osmId":"way/1183916570","source":"OpenStreetMap","name":""},"geometry":{"type":"LineString","coordinates":[[120.6037597,27.7507961],[120.6037249,27.7508669],[120.6021656,27.7528135]]}},{"type":"Feature","id":"way/1183916571","properties":{"bridge":"yes","highway":"unclassified","layer":"1","osm_type":"way","osm_id":1183916571,"kind":"road","source_url":"https://www.openstreetmap.org/way/1183916571","osmId":"way/1183916571","source":"OpenStreetMap","name":""},"geometry":{"type":"LineString","coordinates":[[120.603813,27.7506874],[120.6037597,27.7507961]]}},{"type":"Feature","id":"way/1183916572","properties":{"highway":"trunk","oneway":"yes","ref":"G322","osm_type":"way","osm_id":1183916572,"kind":"road","source_url":"https://www.openstreetmap.org/way/1183916572","osmId":"way/1183916572","source":"OpenStreetMap","name":""},"geometry":{"type":"LineString","coordinates":[[120.6087678,27.7563604],[120.6086624,27.7564494],[120.607343,27.7573191],[120.6055375,27.758736],[120.6044035,27.759626],[120.6027487,27.7609603],[120.6025133,27.7611501]]}},{"type":"Feature","id":"way/1183916573","properties":{"bridge":"yes","highway":"trunk","layer":"1","oneway":"yes","ref":"G322","osm_type":"way","osm_id":1183916573,"kind":"road","source_url":"https://www.openstreetmap.org/way/1183916573","osmId":"way/1183916573","source":"OpenStreetMap","name":""},"geometry":{"type":"LineString","coordinates":[[120.6025133,27.7611501],[120.6022256,27.7613821]]}},{"type":"Feature","id":"way/1183916574","properties":{"highway":"trunk","oneway":"yes","ref":"G322","osm_type":"way","osm_id":1183916574,"kind":"road","source_url":"https://www.openstreetmap.org/way/1183916574","osmId":"way/1183916574","source":"OpenStreetMap","name":""},"geometry":{"type":"LineString","coordinates":[[120.6024222,27.7610862],[120.6043268,27.7595505],[120.6072701,27.7572407],[120.6084057,27.7563019]]}},{"type":"Feature","id":"way/1183916575","properties":{"bridge":"yes","highway":"trunk","layer":"1","oneway":"yes","ref":"G322","osm_type":"way","osm_id":1183916575,"kind":"road","source_url":"https://www.openstreetmap.org/way/1183916575","osmId":"way/1183916575","source":"OpenStreetMap","name":""},"geometry":{"type":"LineString","coordinates":[[120.6021137,27.761335],[120.6024222,27.7610862]]}},{"type":"Feature","id":"way/1183916576","properties":{"highway":"trunk","oneway":"yes","ref":"G322","osm_type":"way","osm_id":1183916576,"kind":"road","source_url":"https://www.openstreetmap.org/way/1183916576","osmId":"way/1183916576","source":"OpenStreetMap","name":""},"geometry":{"type":"LineString","coordinates":[[120.600315,27.7627356],[120.6021137,27.761335]]}},{"type":"Feature","id":"way/1183916577","properties":{"bridge":"yes","highway":"trunk","layer":"1","oneway":"yes","ref":"G322","osm_type":"way","osm_id":1183916577,"kind":"road","source_url":"https://www.openstreetmap.org/way/1183916577","osmId":"way/1183916577","source":"OpenStreetMap","name":""},"geometry":{"type":"LineString","coordinates":[[120.5996926,27.7632519],[120.600315,27.7627356]]}},{"type":"Feature","id":"way/1183916578","properties":{"highway":"trunk","oneway":"yes","ref":"G322","osm_type":"way","osm_id":1183916578,"kind":"road","source_url":"https://www.openstreetmap.org/way/1183916578","osmId":"way/1183916578","source":"OpenStreetMap","name":""},"geometry":{"type":"LineString","coordinates":[[120.6022256,27.7613821],[120.6021902,27.7614106],[120.6003921,27.7628108]]}},{"type":"Feature","id":"way/1183916579","properties":{"bridge":"yes","highway":"trunk","layer":"1","oneway":"yes","ref":"G322","osm_type":"way","osm_id":1183916579,"kind":"road","source_url":"https://www.openstreetmap.org/way/1183916579","osmId":"way/1183916579","source":"OpenStreetMap","name":""},"geometry":{"type":"LineString","coordinates":[[120.6003921,27.7628108],[120.5997958,27.7633054]]}},{"type":"Feature","id":"way/1183916580","properties":{"highway":"tertiary","osm_type":"way","osm_id":1183916580,"kind":"road","source_url":"https://www.openstreetmap.org/way/1183916580","osmId":"way/1183916580","source":"OpenStreetMap","name":""},"geometry":{"type":"LineString","coordinates":[[120.6012346,27.7656442],[120.6013119,27.765697],[120.6018859,27.7661005],[120.6021085,27.7662618],[120.6024143,27.7663758],[120.6026235,27.7664612],[120.6035167,27.7671495],[120.6037715,27.7671613],[120.6040563,27.7672972]]}},{"type":"Feature","id":"way/1183916581","properties":{"bridge":"yes","highway":"tertiary","layer":"1","osm_type":"way","osm_id":1183916581,"kind":"road","source_url":"https://www.openstreetmap.org/way/1183916581","osmId":"way/1183916581","source":"OpenStreetMap","name":""},"geometry":{"type":"LineString","coordinates":[[120.6010168,27.7654954],[120.6012346,27.7656442]]}},{"type":"Feature","id":"way/1183916582","properties":{"highway":"tertiary","osm_type":"way","osm_id":1183916582,"kind":"road","source_url":"https://www.openstreetmap.org/way/1183916582","osmId":"way/1183916582","source":"OpenStreetMap","name":""},"geometry":{"type":"LineString","coordinates":[[120.6041187,27.767327],[120.6041998,27.7673657]]}},{"type":"Feature","id":"way/1183916583","properties":{"bridge":"yes","highway":"tertiary","layer":"1","osm_type":"way","osm_id":1183916583,"kind":"road","source_url":"https://www.openstreetmap.org/way/1183916583","osmId":"way/1183916583","source":"OpenStreetMap","name":""},"geometry":{"type":"LineString","coordinates":[[120.6040563,27.7672972],[120.6041187,27.767327]]}},{"type":"Feature","id":"way/1183916584","properties":{"highway":"tertiary","osm_type":"way","osm_id":1183916584,"kind":"road","source_url":"https://www.openstreetmap.org/way/1183916584","osmId":"way/1183916584","source":"OpenStreetMap","name":""},"geometry":{"type":"LineString","coordinates":[[120.6071038,27.7681971],[120.6071189,27.768208],[120.6078753,27.7687016],[120.6085402,27.7692281]]}},{"type":"Feature","id":"way/1183916585","properties":{"bridge":"yes","highway":"tertiary","layer":"1","osm_type":"way","osm_id":1183916585,"kind":"road","source_url":"https://www.openstreetmap.org/way/1183916585","osmId":"way/1183916585","source":"OpenStreetMap","name":""},"geometry":{"type":"LineString","coordinates":[[120.6069141,27.7680601],[120.6071038,27.7681971]]}},{"type":"Feature","id":"way/1183916586","properties":{"highway":"secondary","name":"瑞南大道","oneway":"yes","osm_type":"way","osm_id":1183916586,"kind":"road","source_url":"https://www.openstreetmap.org/way/1183916586","osmId":"way/1183916586","source":"OpenStreetMap"},"geometry":{"type":"LineString","coordinates":[[120.6090189,27.7682375],[120.6100976,27.7660055],[120.6102195,27.7657459],[120.6119296,27.763306],[120.6129968,27.7617667]]}},{"type":"Feature","id":"way/1183916587","properties":{"bridge":"yes","highway":"secondary","layer":"1","name":"瑞南大道","oneway":"yes","osm_type":"way","osm_id":1183916587,"kind":"road","source_url":"https://www.openstreetmap.org/way/1183916587","osmId":"way/1183916587","source":"OpenStreetMap"},"geometry":{"type":"LineString","coordinates":[[120.6085688,27.7691689],[120.6090189,27.7682375]]}},{"type":"Feature","id":"way/1183916588","properties":{"highway":"secondary","name":"瑞南大道","oneway":"yes","osm_type":"way","osm_id":1183916588,"kind":"road","source_url":"https://www.openstreetmap.org/way/1183916588","osmId":"way/1183916588","source":"OpenStreetMap"},"geometry":{"type":"LineString","coordinates":[[120.6131008,27.7618201],[120.6127385,27.7623577],[120.612036,27.7633566],[120.6111402,27.7646348],[120.6103312,27.7657892],[120.6101928,27.766049],[120.6092061,27.768263]]}},{"type":"Feature","id":"way/1183916589","properties":{"bridge":"yes","highway":"secondary","layer":"1","name":"瑞南大道","oneway":"yes","osm_type":"way","osm_id":1183916589,"kind":"road","source_url":"https://www.openstreetmap.org/way/1183916589","osmId":"way/1183916589","source":"OpenStreetMap"},"geometry":{"type":"LineString","coordinates":[[120.6092061,27.768263],[120.608744,27.7692999]]}},{"type":"Feature","id":"way/1183916590","properties":{"highway":"tertiary","osm_type":"way","osm_id":1183916590,"kind":"road","source_url":"https://www.openstreetmap.org/way/1183916590","osmId":"way/1183916590","source":"OpenStreetMap","name":""},"geometry":{"type":"LineString","coordinates":[[120.6119284,27.7716951],[120.6120346,27.7715521],[120.6121808,27.7711948],[120.6124883,27.7702067],[120.6126329,27.7697607],[120.6127551,27.7693837],[120.6129263,27.7689911]]}},{"type":"Feature","id":"way/1183916591","properties":{"bridge":"yes","highway":"tertiary","layer":"1","osm_type":"way","osm_id":1183916591,"kind":"road","source_url":"https://www.openstreetmap.org/way/1183916591","osmId":"way/1183916591","source":"OpenStreetMap","name":""},"geometry":{"type":"LineString","coordinates":[[120.6129263,27.7689911],[120.613097,27.7685804]]}},{"type":"Feature","id":"way/1183916592","properties":{"highway":"tertiary","osm_type":"way","osm_id":1183916592,"kind":"road","source_url":"https://www.openstreetmap.org/way/1183916592","osmId":"way/1183916592","source":"OpenStreetMap","name":""},"geometry":{"type":"LineString","coordinates":[[120.6119284,27.7716951],[120.6112904,27.7714857],[120.6112573,27.7714834]]}},{"type":"Feature","id":"way/1183916593","properties":{"bridge":"yes","highway":"tertiary","layer":"1","osm_type":"way","osm_id":1183916593,"kind":"road","source_url":"https://www.openstreetmap.org/way/1183916593","osmId":"way/1183916593","source":"OpenStreetMap","name":""},"geometry":{"type":"LineString","coordinates":[[120.6112573,27.7714834],[120.6110563,27.7714693]]}},{"type":"Feature","id":"way/1183916594","properties":{"waterway":"canal","osm_type":"way","osm_id":1183916594,"kind":"water","source_url":"https://www.openstreetmap.org/way/1183916594","osmId":"way/1183916594","source":"OpenStreetMap","name":""},"geometry":{"type":"LineString","coordinates":[[120.6091917,27.7744918],[120.6077613,27.7732418],[120.6070323,27.772748]]}},{"type":"Feature","id":"way/1183916595","properties":{"layer":"-1","tunnel":"culvert","waterway":"canal","osm_type":"way","osm_id":1183916595,"kind":"water","source_url":"https://www.openstreetmap.org/way/1183916595","osmId":"way/1183916595","source":"OpenStreetMap","name":""},"geometry":{"type":"LineString","coordinates":[[120.6070323,27.772748],[120.6066664,27.7725002]]}},{"type":"Feature","id":"way/1183916596","properties":{"highway":"unclassified","osm_type":"way","osm_id":1183916596,"kind":"road","source_url":"https://www.openstreetmap.org/way/1183916596","osmId":"way/1183916596","source":"OpenStreetMap","name":""},"geometry":{"type":"LineString","coordinates":[[120.6059448,27.7739389],[120.6062934,27.7740501],[120.6071316,27.7732366],[120.6072998,27.7729745]]}},{"type":"Feature","id":"way/1183916597","properties":{"bridge":"yes","highway":"unclassified","layer":"1","osm_type":"way","osm_id":1183916597,"kind":"road","source_url":"https://www.openstreetmap.org/way/1183916597","osmId":"way/1183916597","source":"OpenStreetMap","name":""},"geometry":{"type":"LineString","coordinates":[[120.6072998,27.7729745],[120.6073359,27.7729182]]}},{"type":"Feature","id":"way/1183916598","properties":{"highway":"tertiary","osm_type":"way","osm_id":1183916598,"kind":"road","source_url":"https://www.openstreetmap.org/way/1183916598","osmId":"way/1183916598","source":"OpenStreetMap","name":""},"geometry":{"type":"LineString","coordinates":[[120.6054956,27.7745813],[120.6062837,27.7751931],[120.6068858,27.7755372],[120.608051,27.7762452],[120.6081399,27.7762901]]}},{"type":"Feature","id":"way/1183916599","properties":{"bridge":"yes","highway":"tertiary","layer":"1","osm_type":"way","osm_id":1183916599,"kind":"road","source_url":"https://www.openstreetmap.org/way/1183916599","osmId":"way/1183916599","source":"OpenStreetMap","name":""},"geometry":{"type":"LineString","coordinates":[[120.6081399,27.7762901],[120.6082967,27.7763694]]}},{"type":"Feature","id":"way/1183916600","properties":{"highway":"tertiary","osm_type":"way","osm_id":1183916600,"kind":"road","source_url":"https://www.openstreetmap.org/way/1183916600","osmId":"way/1183916600","source":"OpenStreetMap","name":""},"geometry":{"type":"LineString","coordinates":[[120.6082967,27.7763694],[120.6084296,27.7764366],[120.6088057,27.7766296]]}},{"type":"Feature","id":"way/1183916601","properties":{"bridge":"yes","highway":"tertiary","layer":"1","osm_type":"way","osm_id":1183916601,"kind":"road","source_url":"https://www.openstreetmap.org/way/1183916601","osmId":"way/1183916601","source":"OpenStreetMap","name":""},"geometry":{"type":"LineString","coordinates":[[120.6088057,27.7766296],[120.6089789,27.7767185]]}},{"type":"Feature","id":"way/1183916602","properties":{"source":"OpenStreetMap","waterway":"river","osm_type":"way","osm_id":1183916602,"kind":"water","source_url":"https://www.openstreetmap.org/way/1183916602","osmId":"way/1183916602","name":""},"geometry":{"type":"LineString","coordinates":[[120.5933558,27.77815],[120.5935564,27.7780532],[120.5945974,27.7772963],[120.5966457,27.7755976],[120.597315,27.7749755],[120.5980248,27.7745508],[120.6002701,27.7723696],[120.6006431,27.7722635],[120.6033539,27.7748475],[120.6044196,27.7757271]]}},{"type":"Feature","id":"way/1183916603","properties":{"layer":"-1","source":"OpenStreetMap","tunnel":"culvert","waterway":"river","osm_type":"way","osm_id":1183916603,"kind":"water","source_url":"https://www.openstreetmap.org/way/1183916603","osmId":"way/1183916603","name":""},"geometry":{"type":"LineString","coordinates":[[120.6044196,27.7757271],[120.6046489,27.7759164]]}},{"type":"Feature","id":"way/1183916604","properties":{"highway":"tertiary","osm_type":"way","osm_id":1183916604,"kind":"road","source_url":"https://www.openstreetmap.org/way/1183916604","osmId":"way/1183916604","source":"OpenStreetMap","name":""},"geometry":{"type":"LineString","coordinates":[[120.6054956,27.7745813],[120.6054174,27.7745135],[120.6032538,27.7727077],[120.6027603,27.7723612],[120.6009015,27.7711865],[120.6008192,27.7711389],[120.5985868,27.7698408],[120.5975995,27.76924]]}},{"type":"Feature","id":"way/1183916636","properties":{"highway":"tertiary","osm_type":"way","osm_id":1183916636,"kind":"road","source_url":"https://www.openstreetmap.org/way/1183916636","osmId":"way/1183916636","source":"OpenStreetMap","name":""},"geometry":{"type":"LineString","coordinates":[[120.6008192,27.7711389],[120.6004751,27.7714879],[120.6000781,27.771851],[120.5998769,27.7718866],[120.5998195,27.7719112]]}},{"type":"Feature","id":"way/1193836525","properties":{"waterway":"canal","osm_type":"way","osm_id":1193836525,"kind":"water","source_url":"https://www.openstreetmap.org/way/1193836525","osmId":"way/1193836525","source":"OpenStreetMap","name":""},"geometry":{"type":"LineString","coordinates":[[120.6845673,27.7725177],[120.6833253,27.7734456],[120.6821452,27.7742358],[120.6820825,27.7742068]]}},{"type":"Feature","id":"way/1193836526","properties":{"layer":"-1","tunnel":"culvert","waterway":"canal","osm_type":"way","osm_id":1193836526,"kind":"water","source_url":"https://www.openstreetmap.org/way/1193836526","osmId":"way/1193836526","source":"OpenStreetMap","name":""},"geometry":{"type":"LineString","coordinates":[[120.6820825,27.7742068],[120.6818002,27.7740762]]}},{"type":"Feature","id":"way/1193836527","properties":{"highway":"primary","name":"东新路","oneway":"yes","osm_type":"way","osm_id":1193836527,"kind":"road","source_url":"https://www.openstreetmap.org/way/1193836527","osmId":"way/1193836527","source":"OpenStreetMap"},"geometry":{"type":"LineString","coordinates":[[120.6817749,27.7746376],[120.6815801,27.7744502],[120.6814147,27.7742911]]}},{"type":"Feature","id":"way/1193836528","properties":{"bridge":"yes","highway":"primary","layer":"1","name":"东新路","oneway":"yes","osm_type":"way","osm_id":1193836528,"kind":"road","source_url":"https://www.openstreetmap.org/way/1193836528","osmId":"way/1193836528","source":"OpenStreetMap"},"geometry":{"type":"LineString","coordinates":[[120.6814147,27.7742911],[120.6812544,27.7741369]]}},{"type":"Feature","id":"way/1193836529","properties":{"highway":"primary","name":"东新路","oneway":"yes","osm_type":"way","osm_id":1193836529,"kind":"road","source_url":"https://www.openstreetmap.org/way/1193836529","osmId":"way/1193836529","source":"OpenStreetMap"},"geometry":{"type":"LineString","coordinates":[[120.6812544,27.7741369],[120.6808393,27.7737377],[120.680673,27.7735906],[120.6805121,27.7734482],[120.6802627,27.7732797],[120.6796003,27.7728513],[120.6790261,27.7724799],[120.6788223,27.7723422],[120.6786185,27.7721809],[120.6784736,27.7720242],[120.6783128,27.7718254]]}},{"type":"Feature","id":"way/1193836530","properties":{"bridge":"yes","highway":"primary","layer":"1","name":"东新路","oneway":"yes","osm_type":"way","osm_id":1193836530,"kind":"road","source_url":"https://www.openstreetmap.org/way/1193836530","osmId":"way/1193836530","source":"OpenStreetMap"},"geometry":{"type":"LineString","coordinates":[[120.6783128,27.7718254],[120.6781905,27.7716743]]}},{"type":"Feature","id":"way/1228246698","properties":{"highway":"service","osm_type":"way","osm_id":1228246698,"kind":"road","source_url":"https://www.openstreetmap.org/way/1228246698","osmId":"way/1228246698","source":"OpenStreetMap","name":""},"geometry":{"type":"LineString","coordinates":[[120.6751424,27.8058282],[120.675015,27.8059065],[120.6747884,27.8059646],[120.6747428,27.8061212],[120.6746368,27.8061651],[120.6744075,27.8061876],[120.6742117,27.8061757],[120.673631,27.8063822],[120.6734821,27.8065031],[120.6734271,27.8065826],[120.6734258,27.8067048]]}},{"type":"Feature","id":"way/1228246699","properties":{"highway":"tertiary","osm_type":"way","osm_id":1228246699,"kind":"road","source_url":"https://www.openstreetmap.org/way/1228246699","osmId":"way/1228246699","source":"OpenStreetMap","name":""},"geometry":{"type":"LineString","coordinates":[[120.6748742,27.8049361],[120.6749278,27.8048887],[120.6750807,27.8048578],[120.6751236,27.8048839],[120.6751746,27.8050286],[120.6751478,27.8052184],[120.6748313,27.8054403],[120.6747508,27.8056158],[120.6747776,27.8056811],[120.6748668,27.8057505],[120.6750707,27.8058354],[120.6751424,27.8058282]]}},{"type":"Feature","id":"way/1228246700","properties":{"bridge":"yes","highway":"trunk","lanes":"2","oneway":"yes","ref":"G104","osm_type":"way","osm_id":1228246700,"kind":"road","source_url":"https://www.openstreetmap.org/way/1228246700","osmId":"way/1228246700","source":"OpenStreetMap","name":""},"geometry":{"type":"LineString","coordinates":[[120.6893925,27.8082691],[120.6895202,27.808558]]}},{"type":"Feature","id":"way/1228246701","properties":{"highway":"trunk","lanes":"2","oneway":"yes","ref":"G104","osm_type":"way","osm_id":1228246701,"kind":"road","source_url":"https://www.openstreetmap.org/way/1228246701","osmId":"way/1228246701","source":"OpenStreetMap","name":""},"geometry":{"type":"LineString","coordinates":[[120.6705797,27.7968981],[120.6710414,27.7971588],[120.6714593,27.7972705],[120.6719681,27.7972705],[120.6739304,27.7970397],[120.6751414,27.7968911],[120.6773606,27.7966189],[120.6783974,27.7964925],[120.6800524,27.7963432],[120.6805711,27.7963528],[120.6809915,27.7963926],[120.6813167,27.796458],[120.6842417,27.7975454],[120.6846652,27.7978351],[120.6848415,27.7980269],[120.6854075,27.799007],[120.6859256,27.7998941],[120.6861536,27.8001377],[120.6862283,27.8004046],[120.6863266,27.8010026],[120.6877888,27.8046071],[120.688286,27.8057425],[120.6892058,27.8078266],[120.6893925,27.8082691]]}},{"type":"Feature","id":"way/1228246702","properties":{"bridge":"yes","highway":"trunk","lanes":"2","oneway":"yes","ref":"G104","osm_type":"way","osm_id":1228246702,"kind":"road","source_url":"https://www.openstreetmap.org/way/1228246702","osmId":"way/1228246702","source":"OpenStreetMap","name":""},"geometry":{"type":"LineString","coordinates":[[120.6894023,27.8085996],[120.6892809,27.8083075]]}},{"type":"Feature","id":"way/1228246703","properties":{"highway":"trunk","lanes":"2","oneway":"yes","ref":"G104","osm_type":"way","osm_id":1228246703,"kind":"road","source_url":"https://www.openstreetmap.org/way/1228246703","osmId":"way/1228246703","source":"OpenStreetMap","name":""},"geometry":{"type":"LineString","coordinates":[[120.6892809,27.8083075],[120.6890519,27.807872],[120.6885739,27.8068048],[120.6881153,27.8057809],[120.6876772,27.8046454],[120.6869217,27.8030873],[120.6865251,27.8021991],[120.6860823,27.8010999],[120.6857228,27.8002068],[120.6852246,27.7990454],[120.6850602,27.7987198],[120.6847424,27.7980904],[120.6841764,27.7976361],[120.6812836,27.7965606],[120.6809049,27.7964821],[120.6805604,27.7964586],[120.6800573,27.7964493],[120.6784117,27.7965977],[120.677374,27.7967292],[120.6739466,27.7971447],[120.6719761,27.7973765],[120.6714416,27.7973765],[120.6709909,27.797256],[120.6704983,27.7969778]]}},{"type":"Feature","id":"way/1228246710","properties":{"highway":"unclassified","osm_type":"way","osm_id":1228246710,"kind":"road","source_url":"https://www.openstreetmap.org/way/1228246710","osmId":"way/1228246710","source":"OpenStreetMap","name":""},"geometry":{"type":"LineString","coordinates":[[120.6863893,27.8062433],[120.6868167,27.8073098]]}},{"type":"Feature","id":"way/1228246711","properties":{"highway":"tertiary","osm_type":"way","osm_id":1228246711,"kind":"road","source_url":"https://www.openstreetmap.org/way/1228246711","osmId":"way/1228246711","source":"OpenStreetMap","name":""},"geometry":{"type":"LineString","coordinates":[[120.682953,27.8024473],[120.6830147,27.8015908],[120.6830415,27.8012919],[120.6831703,27.8010973],[120.6835565,27.8008553],[120.6840554,27.8004258],[120.6843799,27.8001079],[120.6845382,27.799771],[120.684801,27.7990853],[120.6849271,27.7987864],[120.6850602,27.7987198]]}},{"type":"Feature","id":"way/1228246712","properties":{"highway":"tertiary","osm_type":"way","osm_id":1228246712,"kind":"road","source_url":"https://www.openstreetmap.org/way/1228246712","osmId":"way/1228246712","source":"OpenStreetMap","name":""},"geometry":{"type":"LineString","coordinates":[[120.682953,27.8024473],[120.6830603,27.80277],[120.6841989,27.802579],[120.6849955,27.80249],[120.6858833,27.8023049],[120.6865251,27.8021991]]}},{"type":"Feature","id":"way/1228246713","properties":{"highway":"tertiary","osm_type":"way","osm_id":1228246713,"kind":"road","source_url":"https://www.openstreetmap.org/way/1228246713","osmId":"way/1228246713","source":"OpenStreetMap","name":""},"geometry":{"type":"LineString","coordinates":[[120.6747857,27.8041283],[120.675019,27.8039954],[120.6755206,27.8039966],[120.67588,27.8039705],[120.6761777,27.8040701],[120.6764299,27.8039657],[120.6768,27.8037736],[120.6770682,27.803757],[120.6776342,27.8037949],[120.6781411,27.803681],[120.6787688,27.8036407],[120.6794929,27.8034984],[120.680024,27.8033987],[120.6804612,27.8032445],[120.6804934,27.8030499],[120.6805283,27.8027534],[120.6807268,27.8025849],[120.6809789,27.8024354],[120.6810889,27.802388],[120.6814134,27.8024212],[120.6817567,27.8024995],[120.6822503,27.8025375],[120.682953,27.8024473]]}},{"type":"Feature","id":"way/1228246715","properties":{"highway":"tertiary","name":"凤岙路","osm_type":"way","osm_id":1228246715,"kind":"road","source_url":"https://www.openstreetmap.org/way/1228246715","osmId":"way/1228246715","source":"OpenStreetMap"},"geometry":{"type":"LineString","coordinates":[[120.6797719,27.8049812],[120.6803218,27.8048483],[120.6816414,27.8044735],[120.6828752,27.8041342],[120.6857827,27.803356],[120.6869217,27.8030873]]}},{"type":"Feature","id":"way/1228246716","properties":{"highway":"tertiary","osm_type":"way","osm_id":1228246716,"kind":"road","source_url":"https://www.openstreetmap.org/way/1228246716","osmId":"way/1228246716","source":"OpenStreetMap","name":""},"geometry":{"type":"LineString","coordinates":[[120.6751424,27.8058282],[120.67531,27.805649],[120.675703,27.805655],[120.6764245,27.8056004],[120.6767678,27.8056929],[120.676977,27.8056313],[120.6772989,27.805515],[120.6777576,27.8054865],[120.6785247,27.8055458],[120.6791174,27.8055482],[120.6794474,27.8055008],[120.6798524,27.8053845],[120.6797719,27.8049812]]}},{"type":"Feature","id":"way/1228246718","properties":{"highway":"unclassified","osm_type":"way","osm_id":1228246718,"kind":"road","source_url":"https://www.openstreetmap.org/way/1228246718","osmId":"way/1228246718","source":"OpenStreetMap","name":""},"geometry":{"type":"LineString","coordinates":[[120.6721088,27.8122195],[120.6716448,27.8123903],[120.6712425,27.8126133],[120.670934,27.8126845],[120.6701267,27.8131139],[120.6696761,27.8133891],[120.6696841,27.8135124],[120.6693032,27.8137283],[120.6684825,27.8141874]]}},{"type":"Feature","id":"way/1228246720","properties":{"natural":"water","osm_type":"way","osm_id":1228246720,"kind":"water","source_url":"https://www.openstreetmap.org/way/1228246720","osmId":"way/1228246720","source":"OpenStreetMap","name":""},"geometry":{"type":"Polygon","coordinates":[[[120.6784952,27.8112967],[120.6787419,27.8114651],[120.6789887,27.8114129],[120.6795466,27.8111591],[120.6792703,27.8108127],[120.6789404,27.8110072],[120.6785971,27.8111733],[120.6784952,27.8112967]]]}},{"type":"Feature","id":"way/1228246721","properties":{"bridge":"yes","highway":"tertiary","layer":"1","osm_type":"way","osm_id":1228246721,"kind":"road","source_url":"https://www.openstreetmap.org/way/1228246721","osmId":"way/1228246721","source":"OpenStreetMap","name":""},"geometry":{"type":"LineString","coordinates":[[120.6813933,27.8077345],[120.6813132,27.8075806]]}},{"type":"Feature","id":"way/1228246722","properties":{"highway":"tertiary","osm_type":"way","osm_id":1228246722,"kind":"road","source_url":"https://www.openstreetmap.org/way/1228246722","osmId":"way/1228246722","source":"OpenStreetMap","name":""},"geometry":{"type":"LineString","coordinates":[[120.681251,27.8082738],[120.6813946,27.8083371],[120.6814711,27.8083466],[120.6815703,27.8083311],[120.6816401,27.8082861],[120.6816454,27.8082101],[120.6813933,27.8077345]]}},{"type":"Feature","id":"way/1228246723","properties":{"highway":"tertiary","osm_type":"way","osm_id":1228246723,"kind":"road","source_url":"https://www.openstreetmap.org/way/1228246723","osmId":"way/1228246723","source":"OpenStreetMap","name":""},"geometry":{"type":"LineString","coordinates":[[120.6834707,27.8104734],[120.6833419,27.8103809],[120.6831971,27.8102528],[120.683071,27.8100179],[120.682589,27.8088648]]}},{"type":"Feature","id":"way/1228246724","properties":{"highway":"tertiary","osm_type":"way","osm_id":1228246724,"kind":"road","source_url":"https://www.openstreetmap.org/way/1228246724","osmId":"way/1228246724","source":"OpenStreetMap","name":""},"geometry":{"type":"LineString","coordinates":[[120.6813132,27.8075806],[120.6812766,27.8075103],[120.6811827,27.8073371],[120.6810674,27.8073181],[120.6809816,27.8073347],[120.6808716,27.8074154],[120.6808716,27.8075909],[120.6809333,27.8078353],[120.6809118,27.8079349],[120.6807429,27.8083169],[120.6806141,27.8083264],[120.6805658,27.8082457],[120.6806302,27.80812],[120.6808206,27.8077926],[120.6807536,27.807617],[120.6806597,27.8074913],[120.6806114,27.8075031],[120.6806329,27.8078804],[120.6805605,27.8080061],[120.6803995,27.8082101],[120.6802252,27.8083549],[120.6801394,27.8083667],[120.6802708,27.808184],[120.6804746,27.8079848],[120.6804773,27.807878],[120.6803593,27.807795],[120.6802359,27.807878],[120.6801313,27.8081769],[120.6799141,27.8085138],[120.6794983,27.8088009],[120.6793964,27.8088222],[120.6792918,27.8087795],[120.679391,27.8086253],[120.6797853,27.808362],[120.6799167,27.8081603],[120.6799355,27.8080322],[120.6798336,27.8080227],[120.6796297,27.8082244],[120.6793159,27.8084118],[120.6790262,27.8087084],[120.678876,27.8089598],[120.678758,27.8090927],[120.678573,27.8090666],[120.6786212,27.8089195],[120.6788841,27.8086917],[120.6789833,27.8085257],[120.6790584,27.8082766],[120.6789458,27.8081935],[120.6788787,27.8081959],[120.6788492,27.8082979],[120.678817,27.808528],[120.6786936,27.8086775],[120.6783369,27.8088009],[120.6782457,27.8088863],[120.6781626,27.8091994],[120.6781787,27.8093086],[120.6784093,27.8094913],[120.6788251,27.8096644],[120.6791711,27.8098187],[120.6792837,27.8099563],[120.6793535,27.8101745],[120.6792623,27.810426],[120.6790799,27.810547],[120.6789431,27.8105494],[120.6785113,27.8104165],[120.6781197,27.8103216],[120.6773391,27.8102101],[120.6770307,27.8101271],[120.6764299,27.8097404],[120.6760544,27.8094628],[120.6756145,27.809292],[120.6754294,27.8093157],[120.6749949,27.809458],[120.674606,27.8096929],[120.6743941,27.80998],[120.6743512,27.810165],[120.6747991,27.8104355],[120.6749734,27.8105422],[120.675078,27.810687],[120.6750807,27.8110167],[120.6748018,27.8114082],[120.6746516,27.8117118],[120.6746194,27.8117901],[120.6744987,27.8117783],[120.674445,27.8116952],[120.6747374,27.8111543],[120.6747803,27.8109384],[120.6746703,27.8108056],[120.674496,27.8107012],[120.6742465,27.8107676],[120.673914,27.8107391],[120.6738389,27.8105731],[120.6734472,27.8104497],[120.6732836,27.8104616],[120.6732541,27.8105612],[120.6734553,27.8106561],[120.674158,27.8110476],[120.67426,27.8111567],[120.6742948,27.8113299],[120.6741232,27.8117616],[120.6741124,27.8121104],[120.6740507,27.812127],[120.6739917,27.8120701],[120.6739488,27.8116074],[120.67393,27.8113299],[120.6736913,27.8111401],[120.6734392,27.8109479],[120.6733105,27.8108934],[120.6732514,27.8109171],[120.6732836,27.8109954],[120.6735143,27.8111045],[120.6735867,27.811254],[120.6735787,27.8114698],[120.6736109,27.8117996],[120.6737235,27.8121128],[120.6736591,27.8121721],[120.6735653,27.8121222],[120.6734231,27.8118992],[120.6733373,27.8113322],[120.6732675,27.8112231],[120.6731388,27.8112421],[120.6730986,27.8113963],[120.6731978,27.811745],[120.6732568,27.8119799],[120.6731254,27.8120772],[120.6729162,27.8121033],[120.6724146,27.8120748],[120.6721786,27.812108],[120.6721088,27.8122195],[120.6723958,27.8122124],[120.6727257,27.8122005],[120.673171,27.8122622],[120.6734821,27.8123761],[120.6736082,27.8124449],[120.6738603,27.8126513],[120.6740212,27.8128577],[120.6742761,27.8130024],[120.6744075,27.8132349],[120.6744879,27.8132871],[120.674606,27.8132894],[120.6748447,27.8131163],[120.675137,27.8130332],[120.6754509,27.8130451],[120.6758559,27.8131376],[120.6763869,27.8135385],[120.6765559,27.813605],[120.6768215,27.8136334],[120.6773069,27.8136809],[120.6776288,27.8136572],[120.6779668,27.813726],[120.678125,27.8136572],[120.6785247,27.8132918],[120.6788841,27.813121],[120.6796619,27.8126465],[120.6797665,27.8125279],[120.6798202,27.8121555],[120.6798711,27.8120463],[120.6799972,27.8119894],[120.68048,27.8120036],[120.6810486,27.8120345],[120.6812176,27.8120131],[120.6816548,27.8117688],[120.6819043,27.8116525],[120.6821617,27.8116644],[120.6831971,27.8117688],[120.6833634,27.8118376],[120.6836745,27.8120368],[120.6838354,27.8120748],[120.683991,27.8120867],[120.6840581,27.8120487],[120.6840152,27.8119823],[120.6838676,27.8119372],[120.6836182,27.8118091],[120.6830657,27.8113156],[120.6826231,27.811076],[120.6822234,27.8108483],[120.6821966,27.8107913],[120.6822985,27.8107771],[120.6827304,27.8109764],[120.6833526,27.8112563],[120.6836759,27.8114532],[120.6839347,27.8114793],[120.6841144,27.8114663],[120.6844886,27.8113417],[120.6848051,27.811216],[120.6848158,27.8111709],[120.6847286,27.8111519],[120.684502,27.8111982],[120.6842338,27.8112812],[120.6839052,27.8112516],[120.6837469,27.8111946],[120.6833956,27.81091],[120.6832212,27.8106917],[120.6832105,27.8106158],[120.6832722,27.8105304],[120.6834707,27.8104734]]}},{"type":"Feature","id":"way/1228246725","properties":{"highway":"tertiary","osm_type":"way","osm_id":1228246725,"kind":"road","source_url":"https://www.openstreetmap.org/way/1228246725","osmId":"way/1228246725","source":"OpenStreetMap","name":""},"geometry":{"type":"LineString","coordinates":[[120.6834707,27.8104734],[120.6842968,27.810063],[120.6847233,27.8098519],[120.6849593,27.8097997],[120.6852114,27.8097712],[120.6854823,27.8098044],[120.6857827,27.8097593],[120.6863353,27.8096146],[120.6868087,27.8094913],[120.6871936,27.8093252],[120.6878534,27.8090144],[120.6880479,27.8089753],[120.6885615,27.80884],[120.6888726,27.8087297],[120.6890778,27.8087072],[120.6894352,27.8086787]]}},{"type":"Feature","id":"way/1228246726","properties":{"highway":"tertiary","osm_type":"way","osm_id":1228246726,"kind":"road","source_url":"https://www.openstreetmap.org/way/1228246726","osmId":"way/1228246726","source":"OpenStreetMap","name":""},"geometry":{"type":"LineString","coordinates":[[120.6820564,27.807361],[120.6825547,27.8088768]]}},{"type":"Feature","id":"way/1228246727","properties":{"highway":"unclassified","osm_type":"way","osm_id":1228246727,"kind":"road","source_url":"https://www.openstreetmap.org/way/1228246727","osmId":"way/1228246727","source":"OpenStreetMap","name":""},"geometry":{"type":"LineString","coordinates":[[120.6821403,27.8096051],[120.6822637,27.8094652],[120.6822717,27.8093584],[120.6821376,27.8090464]]}},{"type":"Feature","id":"way/1228246728","properties":{"highway":"tertiary","name":"金前路","osm_type":"way","osm_id":1228246728,"kind":"road","source_url":"https://www.openstreetmap.org/way/1228246728","osmId":"way/1228246728","source":"OpenStreetMap"},"geometry":{"type":"LineString","coordinates":[[120.6885739,27.8068048],[120.6880063,27.8069658],[120.6868167,27.8073098],[120.685831,27.8077155],[120.6847246,27.8081152],[120.682589,27.8088648],[120.6825547,27.8088768],[120.6821376,27.8090464]]}},{"type":"Feature","id":"way/1228246731","properties":{"highway":"unclassified","osm_type":"way","osm_id":1228246731,"kind":"road","source_url":"https://www.openstreetmap.org/way/1228246731","osmId":"way/1228246731","source":"OpenStreetMap","name":""},"geometry":{"type":"LineString","coordinates":[[120.6832387,27.8170911],[120.683637,27.817983],[120.6837899,27.8183112]]}},{"type":"Feature","id":"way/1235818850","properties":{"highway":"motorway","lanes":"2","name":"沈海高速","name:en":"Shenhai Expressway","name:zh":"沈海高速","oneway":"yes","ref":"G15","reg_name":"甬台温高速","source":"OpenStreetMap","surface":"asphalt","toll":"yes","osm_type":"way","osm_id":1235818850,"kind":"road","source_url":"https://www.openstreetmap.org/way/1235818850","osmId":"way/1235818850"},"geometry":{"type":"LineString","coordinates":[[120.6276526,27.8020287],[120.629161,27.8031272],[120.6300986,27.8037928]]}},{"type":"Feature","id":"way/1235818851","properties":{"bridge":"yes","highway":"motorway","lanes":"2","layer":"1","name":"沈海高速","name:en":"Shenhai Expressway","name:zh":"沈海高速","oneway":"yes","ref":"G15","reg_name":"甬台温高速","source":"OpenStreetMap","surface":"asphalt","toll":"yes","osm_type":"way","osm_id":1235818851,"kind":"road","source_url":"https://www.openstreetmap.org/way/1235818851","osmId":"way/1235818851"},"geometry":{"type":"LineString","coordinates":[[120.6300986,27.8037928],[120.630518,27.8040938]]}},{"type":"Feature","id":"way/1235818852","properties":{"highway":"motorway","lanes":"2","name":"沈海高速","name:en":"Shenhai Expressway","name:zh":"沈海高速","oneway":"yes","ref":"G15","reg_name":"甬台温高速","source":"OpenStreetMap","osm_type":"way","osm_id":1235818852,"kind":"road","source_url":"https://www.openstreetmap.org/way/1235818852","osmId":"way/1235818852"},"geometry":{"type":"LineString","coordinates":[[120.6302953,27.8041124],[120.6290789,27.8032045],[120.6284157,27.8027185],[120.6276385,27.8021449]]}},{"type":"Feature","id":"way/1235818853","properties":{"bridge":"yes","highway":"motorway","lanes":"2","layer":"1","name":"沈海高速","name:en":"Shenhai Expressway","name:zh":"沈海高速","oneway":"yes","ref":"G15","reg_name":"甬台温高速","source":"OpenStreetMap","osm_type":"way","osm_id":1235818853,"kind":"road","source_url":"https://www.openstreetmap.org/way/1235818853","osmId":"way/1235818853"},"geometry":{"type":"LineString","coordinates":[[120.6308953,27.8045544],[120.6302953,27.8041124]]}},{"type":"Feature","id":"way/1235818854","properties":{"highway":"motorway","lanes":"2","name":"沈海高速","name:en":"Shenhai Expressway","name:zh":"沈海高速","oneway":"yes","ref":"G15","reg_name":"甬台温高速","source":"OpenStreetMap","surface":"asphalt","toll":"yes","osm_type":"way","osm_id":1235818854,"kind":"road","source_url":"https://www.openstreetmap.org/way/1235818854","osmId":"way/1235818854"},"geometry":{"type":"LineString","coordinates":[[120.6394481,27.8118942],[120.639622,27.8120807]]}},{"type":"Feature","id":"way/1235818855","properties":{"bridge":"yes","highway":"motorway","lanes":"2","layer":"1","name":"沈海高速","name:en":"Shenhai Expressway","name:zh":"沈海高速","oneway":"yes","ref":"G15","reg_name":"甬台温高速","source":"OpenStreetMap","surface":"asphalt","toll":"yes","osm_type":"way","osm_id":1235818855,"kind":"road","source_url":"https://www.openstreetmap.org/way/1235818855","osmId":"way/1235818855"},"geometry":{"type":"LineString","coordinates":[[120.6392957,27.8117456],[120.6394481,27.8118942]]}},{"type":"Feature","id":"way/1235818856","properties":{"highway":"motorway","lanes":"2","name":"沈海高速","name:en":"Shenhai Expressway","name:zh":"沈海高速","oneway":"yes","ref":"G15","reg_name":"甬台温高速","source":"OpenStreetMap","osm_type":"way","osm_id":1235818856,"kind":"road","source_url":"https://www.openstreetmap.org/way/1235818856","osmId":"way/1235818856"},"geometry":{"type":"LineString","coordinates":[[120.6392484,27.8122536],[120.6391386,27.8121606]]}},{"type":"Feature","id":"way/1235818857","properties":{"bridge":"yes","highway":"motorway","lanes":"2","layer":"1","name":"沈海高速","name:en":"Shenhai Expressway","name:zh":"沈海高速","oneway":"yes","ref":"G15","reg_name":"甬台温高速","source":"OpenStreetMap","osm_type":"way","osm_id":1235818857,"kind":"road","source_url":"https://www.openstreetmap.org/way/1235818857","osmId":"way/1235818857"},"geometry":{"type":"LineString","coordinates":[[120.6391386,27.8121606],[120.6390142,27.8120115]]}},{"type":"Feature","id":"way/1235818858","properties":{"highway":"motorway","lanes":"2","name":"沈海高速","name:en":"Shenhai Expressway","name:zh":"沈海高速","oneway":"yes","ref":"G15","reg_name":"甬台温高速","source":"OpenStreetMap","osm_type":"way","osm_id":1235818858,"kind":"road","source_url":"https://www.openstreetmap.org/way/1235818858","osmId":"way/1235818858"},"geometry":{"type":"LineString","coordinates":[[120.6390142,27.8120115],[120.637982,27.8109294]]}},{"type":"Feature","id":"way/1235818859","properties":{"bridge":"yes","highway":"motorway","lanes":"2","layer":"1","name":"沈海高速","name:en":"Shenhai Expressway","name:zh":"沈海高速","oneway":"yes","ref":"G15","reg_name":"甬台温高速","source":"OpenStreetMap","osm_type":"way","osm_id":1235818859,"kind":"road","source_url":"https://www.openstreetmap.org/way/1235818859","osmId":"way/1235818859"},"geometry":{"type":"LineString","coordinates":[[120.637982,27.8109294],[120.63759,27.8105063]]}},{"type":"Feature","id":"way/1235818860","properties":{"highway":"motorway","lanes":"2","name":"沈海高速","name:en":"Shenhai Expressway","name:zh":"沈海高速","oneway":"yes","ref":"G15","reg_name":"甬台温高速","source":"OpenStreetMap","surface":"asphalt","toll":"yes","osm_type":"way","osm_id":1235818860,"kind":"road","source_url":"https://www.openstreetmap.org/way/1235818860","osmId":"way/1235818860"},"geometry":{"type":"LineString","coordinates":[[120.6383835,27.8108482],[120.6392957,27.8117456]]}},{"type":"Feature","id":"way/1235818861","properties":{"bridge":"yes","highway":"motorway","lanes":"2","layer":"1","name":"沈海高速","name:en":"Shenhai Expressway","name:zh":"沈海高速","oneway":"yes","ref":"G15","reg_name":"甬台温高速","source":"OpenStreetMap","surface":"asphalt","toll":"yes","osm_type":"way","osm_id":1235818861,"kind":"road","source_url":"https://www.openstreetmap.org/way/1235818861","osmId":"way/1235818861"},"geometry":{"type":"LineString","coordinates":[[120.6380273,27.8105029],[120.6383835,27.8108482]]}},{"type":"Feature","id":"way/1241982949","properties":{"highway":"tertiary","osm_type":"way","osm_id":1241982949,"kind":"road","source_url":"https://www.openstreetmap.org/way/1241982949","osmId":"way/1241982949","source":"OpenStreetMap","name":""},"geometry":{"type":"LineString","coordinates":[[120.6575065,27.7846443],[120.6609079,27.7848034]]}},{"type":"Feature","id":"way/1255157091","properties":{"waterway":"canal","osm_type":"way","osm_id":1255157091,"kind":"water","source_url":"https://www.openstreetmap.org/way/1255157091","osmId":"way/1255157091","source":"OpenStreetMap","name":""},"geometry":{"type":"LineString","coordinates":[[120.636245,27.801363],[120.6361055,27.8012444],[120.6354994,27.8010309],[120.6329776,27.800251]]}},{"type":"Feature","id":"way/1255157092","properties":{"layer":"-1","tunnel":"culvert","waterway":"canal","osm_type":"way","osm_id":1255157092,"kind":"water","source_url":"https://www.openstreetmap.org/way/1255157092","osmId":"way/1255157092","source":"OpenStreetMap","name":""},"geometry":{"type":"LineString","coordinates":[[120.6329776,27.800251],[120.6322485,27.8000723]]}},{"type":"Feature","id":"way/1255157093","properties":{"waterway":"canal","osm_type":"way","osm_id":1255157093,"kind":"water","source_url":"https://www.openstreetmap.org/way/1255157093","osmId":"way/1255157093","source":"OpenStreetMap","name":""},"geometry":{"type":"LineString","coordinates":[[120.6322485,27.8000723],[120.6322217,27.7999869],[120.6319437,27.7986764]]}},{"type":"Feature","id":"way/1255157094","properties":{"layer":"-1","tunnel":"culvert","waterway":"canal","osm_type":"way","osm_id":1255157094,"kind":"water","source_url":"https://www.openstreetmap.org/way/1255157094","osmId":"way/1255157094","source":"OpenStreetMap","name":""},"geometry":{"type":"LineString","coordinates":[[120.6319437,27.7986764],[120.6319075,27.7985057]]}},{"type":"Feature","id":"way/1255157095","properties":{"waterway":"canal","osm_type":"way","osm_id":1255157095,"kind":"water","source_url":"https://www.openstreetmap.org/way/1255157095","osmId":"way/1255157095","source":"OpenStreetMap","name":""},"geometry":{"type":"LineString","coordinates":[[120.6317818,27.7979132],[120.6318998,27.7977709]]}},{"type":"Feature","id":"way/1255157096","properties":{"layer":"-1","tunnel":"culvert","waterway":"canal","osm_type":"way","osm_id":1255157096,"kind":"water","source_url":"https://www.openstreetmap.org/way/1255157096","osmId":"way/1255157096","source":"OpenStreetMap","name":""},"geometry":{"type":"LineString","coordinates":[[120.6318998,27.7977709],[120.6322753,27.7977685]]}},{"type":"Feature","id":"way/1287029333","properties":{"layer":"-1","tunnel":"culvert","waterway":"canal","osm_type":"way","osm_id":1287029333,"kind":"water","source_url":"https://www.openstreetmap.org/way/1287029333","osmId":"way/1287029333","source":"OpenStreetMap","name":""},"geometry":{"type":"LineString","coordinates":[[120.6462926,27.782345],[120.6462858,27.7831684]]}},{"type":"Feature","id":"way/1287029334","properties":{"waterway":"canal","osm_type":"way","osm_id":1287029334,"kind":"water","source_url":"https://www.openstreetmap.org/way/1287029334","osmId":"way/1287029334","source":"OpenStreetMap","name":""},"geometry":{"type":"LineString","coordinates":[[120.6462858,27.7831684],[120.6464106,27.7836406],[120.6464428,27.7843454]]}},{"type":"Feature","id":"way/1287029335","properties":{"bridge":"yes","highway":"primary","layer":"1","name":"万松东路","oneway":"yes","osm_type":"way","osm_id":1287029335,"kind":"road","source_url":"https://www.openstreetmap.org/way/1287029335","osmId":"way/1287029335","source":"OpenStreetMap"},"geometry":{"type":"LineString","coordinates":[[120.6455235,27.7811063],[120.6457571,27.7810737]]}},{"type":"Feature","id":"way/1287029336","properties":{"highway":"primary","name":"万松东路","oneway":"yes","osm_type":"way","osm_id":1287029336,"kind":"road","source_url":"https://www.openstreetmap.org/way/1287029336","osmId":"way/1287029336","source":"OpenStreetMap"},"geometry":{"type":"LineString","coordinates":[[120.638654,27.7828456],[120.6387903,27.7827898],[120.6409733,27.7818447],[120.641301,27.7817032],[120.6418402,27.7816202],[120.6439867,27.7813207],[120.6447047,27.781213],[120.644998,27.7811796],[120.6455235,27.7811063]]}},{"type":"Feature","id":"way/1287029337","properties":{"bridge":"yes","highway":"primary","layer":"1","name":"万松东路","oneway":"yes","osm_type":"way","osm_id":1287029337,"kind":"road","source_url":"https://www.openstreetmap.org/way/1287029337","osmId":"way/1287029337","source":"OpenStreetMap"},"geometry":{"type":"LineString","coordinates":[[120.6457878,27.7811648],[120.645547,27.7811993]]}},{"type":"Feature","id":"way/1287029338","properties":{"highway":"primary","name":"万松东路","oneway":"yes","osm_type":"way","osm_id":1287029338,"kind":"road","source_url":"https://www.openstreetmap.org/way/1287029338","osmId":"way/1287029338","source":"OpenStreetMap"},"geometry":{"type":"LineString","coordinates":[[120.645547,27.7811993],[120.6450952,27.781264],[120.6447905,27.7813127],[120.6442015,27.7813972],[120.6440015,27.781427],[120.641845,27.7817213],[120.6413435,27.7818019],[120.6410189,27.7819539],[120.6388492,27.7829145],[120.6387095,27.7829825]]}},{"type":"Feature","id":"way/1287032301","properties":{"bridge":"yes","highway":"primary","layer":"1","name":"万松东路","oneway":"yes","osm_type":"way","osm_id":1287032301,"kind":"road","source_url":"https://www.openstreetmap.org/way/1287032301","osmId":"way/1287032301","source":"OpenStreetMap"},"geometry":{"type":"LineString","coordinates":[[120.6680666,27.7803295],[120.6678415,27.7803815]]}},{"type":"Feature","id":"way/1287032302","properties":{"bridge":"yes","highway":"primary","layer":"1","name":"万松东路","oneway":"yes","osm_type":"way","osm_id":1287032302,"kind":"road","source_url":"https://www.openstreetmap.org/way/1287032302","osmId":"way/1287032302","source":"OpenStreetMap"},"geometry":{"type":"LineString","coordinates":[[120.6677731,27.7801784],[120.6679987,27.7801271]]}},{"type":"Feature","id":"way/1287032303","properties":{"highway":"primary","name":"万松东路","oneway":"yes","osm_type":"way","osm_id":1287032303,"kind":"road","source_url":"https://www.openstreetmap.org/way/1287032303","osmId":"way/1287032303","source":"OpenStreetMap"},"geometry":{"type":"LineString","coordinates":[[120.676546,27.7774328],[120.6759211,27.7777537],[120.6750555,27.7781939],[120.674303,27.7785401],[120.6737893,27.7787511],[120.6726145,27.7791729],[120.672117,27.7793515],[120.6712158,27.7796078],[120.6697427,27.7799426],[120.6680666,27.7803295]]}},{"type":"Feature","id":"way/1287032304","properties":{"highway":"primary","name":"万松东路","oneway":"yes","osm_type":"way","osm_id":1287032304,"kind":"road","source_url":"https://www.openstreetmap.org/way/1287032304","osmId":"way/1287032304","source":"OpenStreetMap"},"geometry":{"type":"LineString","coordinates":[[120.6679987,27.7801271],[120.6696262,27.7797571],[120.6710763,27.7794275],[120.6720848,27.7791522],[120.6733722,27.7786966],[120.6740428,27.7784141],[120.6742078,27.778343],[120.6749533,27.7780094],[120.6758036,27.7775751],[120.676419,27.7772554]]}},{"type":"Feature","id":"way/1287425382","properties":{"highway":"tertiary","osm_type":"way","osm_id":1287425382,"kind":"road","source_url":"https://www.openstreetmap.org/way/1287425382","osmId":"way/1287425382","source":"OpenStreetMap","name":""},"geometry":{"type":"LineString","coordinates":[[120.6453182,27.7798168],[120.6481755,27.7793478]]}},{"type":"Feature","id":"way/1287425383","properties":{"bridge":"yes","highway":"tertiary","layer":"1","osm_type":"way","osm_id":1287425383,"kind":"road","source_url":"https://www.openstreetmap.org/way/1287425383","osmId":"way/1287425383","source":"OpenStreetMap","name":""},"geometry":{"type":"LineString","coordinates":[[120.6448361,27.7799173],[120.6453182,27.7798168]]}},{"type":"Feature","id":"way/1287426184","properties":{"bridge":"yes","highway":"primary","layer":"1","name":"万松东路","oneway":"yes","osm_type":"way","osm_id":1287426184,"kind":"road","source_url":"https://www.openstreetmap.org/way/1287426184","osmId":"way/1287426184","source":"OpenStreetMap"},"geometry":{"type":"LineString","coordinates":[[120.676419,27.7772554],[120.6768735,27.7770193]]}},{"type":"Feature","id":"way/1287426185","properties":{"bridge":"yes","highway":"primary","layer":"1","name":"万松东路","oneway":"yes","osm_type":"way","osm_id":1287426185,"kind":"road","source_url":"https://www.openstreetmap.org/way/1287426185","osmId":"way/1287426185","source":"OpenStreetMap"},"geometry":{"type":"LineString","coordinates":[[120.6769957,27.7772019],[120.676546,27.7774328]]}},{"type":"Feature","id":"way/1287426186","properties":{"highway":"primary","name":"万松东路","oneway":"yes","osm_type":"way","osm_id":1287426186,"kind":"road","source_url":"https://www.openstreetmap.org/way/1287426186","osmId":"way/1287426186","source":"OpenStreetMap"},"geometry":{"type":"LineString","coordinates":[[120.6817749,27.7746376],[120.6815062,27.7748022],[120.6797664,27.7757451],[120.6790464,27.7761488],[120.6769957,27.7772019]]}},{"type":"Feature","id":"way/1287426187","properties":{"highway":"primary","name":"万松东路","oneway":"yes","osm_type":"way","osm_id":1287426187,"kind":"road","source_url":"https://www.openstreetmap.org/way/1287426187","osmId":"way/1287426187","source":"OpenStreetMap"},"geometry":{"type":"LineString","coordinates":[[120.6768735,27.7770193],[120.6789164,27.775958],[120.6796177,27.7756006],[120.6812699,27.7746704],[120.6815801,27.7744502]]}},{"type":"Feature","id":"way/1294774614","properties":{"bridge":"yes","highway":"primary","layer":"1","name":"莘阳大道","oneway":"yes","osm_type":"way","osm_id":1294774614,"kind":"road","source_url":"https://www.openstreetmap.org/way/1294774614","osmId":"way/1294774614","source":"OpenStreetMap"},"geometry":{"type":"LineString","coordinates":[[120.6623433,27.7762132],[120.6624732,27.7766955]]}},{"type":"Feature","id":"way/1294774615","properties":{"highway":"primary","name":"莘阳大道","oneway":"yes","osm_type":"way","osm_id":1294774615,"kind":"road","source_url":"https://www.openstreetmap.org/way/1294774615","osmId":"way/1294774615","source":"OpenStreetMap"},"geometry":{"type":"LineString","coordinates":[[120.6624732,27.7766955],[120.6627695,27.7776268],[120.6629395,27.7781788],[120.6632218,27.7790952],[120.6634508,27.7798385],[120.6636801,27.7807687],[120.663758,27.7810406],[120.6640355,27.7820312],[120.6643762,27.7834645],[120.6644325,27.7836591],[120.6645559,27.7848503],[120.6646815,27.7858615],[120.6647168,27.7861459],[120.6647543,27.7868104],[120.6646529,27.7872203],[120.6645251,27.7874778]]}},{"type":"Feature","id":"way/1294774616","properties":{"bridge":"yes","highway":"primary","layer":"1","name":"莘阳大道","oneway":"yes","osm_type":"way","osm_id":1294774616,"kind":"road","source_url":"https://www.openstreetmap.org/way/1294774616","osmId":"way/1294774616","source":"OpenStreetMap"},"geometry":{"type":"LineString","coordinates":[[120.6623054,27.7767222],[120.6621991,27.7762365]]}},{"type":"Feature","id":"way/1294774617","properties":{"highway":"primary","name":"莘阳大道","oneway":"yes","osm_type":"way","osm_id":1294774617,"kind":"road","source_url":"https://www.openstreetmap.org/way/1294774617","osmId":"way/1294774617","source":"OpenStreetMap"},"geometry":{"type":"LineString","coordinates":[[120.6644041,27.7874041],[120.664518,27.7871525],[120.6645508,27.7869819],[120.6645422,27.7866422],[120.6644665,27.7858891],[120.6644081,27.7853086],[120.6642579,27.7839513],[120.6641796,27.7834901],[120.6641109,27.7830856],[120.6635557,27.7810613],[120.6634806,27.7807824],[120.6630026,27.7791292],[120.6623054,27.7767222]]}},{"type":"Feature","id":"way/1294774618","properties":{"bridge":"yes","highway":"tertiary","layer":"1","name":"安阳路","osm_type":"way","osm_id":1294774618,"kind":"road","source_url":"https://www.openstreetmap.org/way/1294774618","osmId":"way/1294774618","source":"OpenStreetMap"},"geometry":{"type":"LineString","coordinates":[[120.6535969,27.7777147],[120.6537155,27.7781384]]}},{"type":"Feature","id":"way/1294774619","properties":{"highway":"tertiary","name":"安阳路","osm_type":"way","osm_id":1294774619,"kind":"road","source_url":"https://www.openstreetmap.org/way/1294774619","osmId":"way/1294774619","source":"OpenStreetMap"},"geometry":{"type":"LineString","coordinates":[[120.6537155,27.7781384],[120.6542932,27.7804078],[120.6543133,27.7805348],[120.6542006,27.7831378],[120.654024,27.7855142]]}},{"type":"Feature","id":"way/1294774620","properties":{"bridge":"yes","highway":"secondary","layer":"1","name":"罗阳大道","oneway":"yes","osm_type":"way","osm_id":1294774620,"kind":"road","source_url":"https://www.openstreetmap.org/way/1294774620","osmId":"way/1294774620","source":"OpenStreetMap"},"geometry":{"type":"LineString","coordinates":[[120.6573259,27.77708],[120.6573535,27.7774811]]}},{"type":"Feature","id":"way/1294774621","properties":{"bridge":"yes","highway":"secondary","layer":"1","name":"罗阳大道","oneway":"yes","osm_type":"way","osm_id":1294774621,"kind":"road","source_url":"https://www.openstreetmap.org/way/1294774621","osmId":"way/1294774621","source":"OpenStreetMap"},"geometry":{"type":"LineString","coordinates":[[120.6572178,27.7775094],[120.6571924,27.7771181]]}},{"type":"Feature","id":"way/1294774622","properties":{"highway":"secondary","name":"罗阳大道","oneway":"yes","osm_type":"way","osm_id":1294774622,"kind":"road","source_url":"https://www.openstreetmap.org/way/1294774622","osmId":"way/1294774622","source":"OpenStreetMap"},"geometry":{"type":"LineString","coordinates":[[120.6571044,27.7911225],[120.6572376,27.7862006],[120.6572282,27.786015],[120.6573163,27.7833343],[120.6574287,27.7807222],[120.6574153,27.7805504],[120.6572178,27.7775094]]}},{"type":"Feature","id":"way/1294774623","properties":{"highway":"secondary","name":"罗阳大道","oneway":"yes","osm_type":"way","osm_id":1294774623,"kind":"road","source_url":"https://www.openstreetmap.org/way/1294774623","osmId":"way/1294774623","source":"OpenStreetMap"},"geometry":{"type":"LineString","coordinates":[[120.6573535,27.7774811],[120.6576768,27.7805528],[120.6576877,27.7807501],[120.6575761,27.7833448],[120.6575065,27.7846443],[120.6574311,27.7860503],[120.6574276,27.7862335],[120.6573711,27.7892076],[120.657335,27.7911093]]}},{"type":"Feature","id":"way/1294774624","properties":{"bridge":"yes","highway":"primary","layer":"1","name":"万松东路","oneway":"yes","osm_type":"way","osm_id":1294774624,"kind":"road","source_url":"https://www.openstreetmap.org/way/1294774624","osmId":"way/1294774624","source":"OpenStreetMap"},"geometry":{"type":"LineString","coordinates":[[120.6632054,27.7810697],[120.6630014,27.7810823]]}},{"type":"Feature","id":"way/1294774625","properties":{"bridge":"yes","highway":"primary","layer":"1","name":"万松东路","oneway":"yes","osm_type":"way","osm_id":1294774625,"kind":"road","source_url":"https://www.openstreetmap.org/way/1294774625","osmId":"way/1294774625","source":"OpenStreetMap"},"geometry":{"type":"LineString","coordinates":[[120.6629218,27.7808421],[120.6631194,27.7808286]]}},{"type":"Feature","id":"way/1294774626","properties":{"highway":"primary","name":"万松东路","oneway":"yes","osm_type":"way","osm_id":1294774626,"kind":"road","source_url":"https://www.openstreetmap.org/way/1294774626","osmId":"way/1294774626","source":"OpenStreetMap"},"geometry":{"type":"LineString","coordinates":[[120.6549589,27.7804382],[120.6574153,27.7805504],[120.6576768,27.7805528],[120.6602294,27.7807754],[120.6615713,27.7808586],[120.6629218,27.7808421]]}},{"type":"Feature","id":"way/1294774627","properties":{"highway":"primary","name":"万松东路","oneway":"yes","osm_type":"way","osm_id":1294774627,"kind":"road","source_url":"https://www.openstreetmap.org/way/1294774627","osmId":"way/1294774627","source":"OpenStreetMap"},"geometry":{"type":"LineString","coordinates":[[120.6678415,27.7803815],[120.6668862,27.7805829],[120.6662161,27.7807279],[120.6650252,27.7809178],[120.663758,27.7810406],[120.6635557,27.7810613],[120.6632054,27.7810697]]}},{"type":"Feature","id":"way/1294774628","properties":{"bridge":"yes","highway":"primary","layer":"1","name":"万松东路","oneway":"yes","osm_type":"way","osm_id":1294774628,"kind":"road","source_url":"https://www.openstreetmap.org/way/1294774628","osmId":"way/1294774628","source":"OpenStreetMap"},"geometry":{"type":"LineString","coordinates":[[120.6549786,27.7805708],[120.6547415,27.780558]]}},{"type":"Feature","id":"way/1294774629","properties":{"bridge":"yes","highway":"primary","layer":"1","name":"万松东路","oneway":"yes","osm_type":"way","osm_id":1294774629,"kind":"road","source_url":"https://www.openstreetmap.org/way/1294774629","osmId":"way/1294774629","source":"OpenStreetMap"},"geometry":{"type":"LineString","coordinates":[[120.6547308,27.7804278],[120.6549589,27.7804382]]}},{"type":"Feature","id":"way/1294774630","properties":{"highway":"primary","name":"万松东路","oneway":"yes","osm_type":"way","osm_id":1294774630,"kind":"road","source_url":"https://www.openstreetmap.org/way/1294774630","osmId":"way/1294774630","source":"OpenStreetMap"},"geometry":{"type":"LineString","coordinates":[[120.6457571,27.7810737],[120.6471022,27.780886],[120.6487914,27.7806779],[120.6489009,27.7806627],[120.6492908,27.7806487],[120.6542932,27.7804078],[120.6547308,27.7804278]]}},{"type":"Feature","id":"way/1294774631","properties":{"highway":"primary","name":"万松东路","oneway":"yes","osm_type":"way","osm_id":1294774631,"kind":"road","source_url":"https://www.openstreetmap.org/way/1294774631","osmId":"way/1294774631","source":"OpenStreetMap"},"geometry":{"type":"LineString","coordinates":[[120.6547415,27.780558],[120.6543133,27.7805348],[120.6489153,27.7807531],[120.648871,27.7807573],[120.6488075,27.7807659],[120.6471129,27.7809714],[120.6457878,27.7811648]]}},{"type":"Feature","id":"way/1294774910","properties":{"bridge":"yes","highway":"unclassified","layer":"1","osm_type":"way","osm_id":1294774910,"kind":"road","source_url":"https://www.openstreetmap.org/way/1294774910","osmId":"way/1294774910","source":"OpenStreetMap","name":""},"geometry":{"type":"LineString","coordinates":[[120.6456327,27.77919],[120.645218,27.7792537]]}},{"type":"Feature","id":"way/1294774911","properties":{"highway":"unclassified","osm_type":"way","osm_id":1294774911,"kind":"road","source_url":"https://www.openstreetmap.org/way/1294774911","osmId":"way/1294774911","source":"OpenStreetMap","name":""},"geometry":{"type":"LineString","coordinates":[[120.645218,27.7792537],[120.6441253,27.7794214],[120.6438115,27.7794641],[120.6428953,27.7796414],[120.6425857,27.7797275]]}},{"type":"Feature","id":"way/1294774912","properties":{"bridge":"yes","highway":"unclassified","layer":"1","osm_type":"way","osm_id":1294774912,"kind":"road","source_url":"https://www.openstreetmap.org/way/1294774912","osmId":"way/1294774912","source":"OpenStreetMap","name":""},"geometry":{"type":"LineString","coordinates":[[120.6409623,27.7805384],[120.6408889,27.7801933]]}},{"type":"Feature","id":"way/1294774913","properties":{"highway":"unclassified","osm_type":"way","osm_id":1294774913,"kind":"road","source_url":"https://www.openstreetmap.org/way/1294774913","osmId":"way/1294774913","source":"OpenStreetMap","name":""},"geometry":{"type":"LineString","coordinates":[[120.6408889,27.7801933],[120.6408799,27.7801641],[120.640845,27.7797845],[120.6408289,27.7793881]]}},{"type":"Feature","id":"way/1294774914","properties":{"bridge":"yes","highway":"secondary","layer":"1","oneway":"yes","osm_type":"way","osm_id":1294774914,"kind":"road","source_url":"https://www.openstreetmap.org/way/1294774914","osmId":"way/1294774914","source":"OpenStreetMap","name":""},"geometry":{"type":"LineString","coordinates":[[120.6485853,27.7791329],[120.6485192,27.7787022]]}},{"type":"Feature","id":"way/1294774915","properties":{"bridge":"yes","highway":"secondary","layer":"1","oneway":"yes","osm_type":"way","osm_id":1294774915,"kind":"road","source_url":"https://www.openstreetmap.org/way/1294774915","osmId":"way/1294774915","source":"OpenStreetMap","name":""},"geometry":{"type":"LineString","coordinates":[[120.6486227,27.7786816],[120.6486996,27.7791194]]}},{"type":"Feature","id":"way/1294774916","properties":{"highway":"secondary","oneway":"yes","osm_type":"way","osm_id":1294774916,"kind":"road","source_url":"https://www.openstreetmap.org/way/1294774916","osmId":"way/1294774916","source":"OpenStreetMap","name":""},"geometry":{"type":"LineString","coordinates":[[120.6488075,27.7807659],[120.6487914,27.7806779],[120.6485853,27.7791329]]}},{"type":"Feature","id":"way/1294774917","properties":{"highway":"secondary","oneway":"yes","osm_type":"way","osm_id":1294774917,"kind":"road","source_url":"https://www.openstreetmap.org/way/1294774917","osmId":"way/1294774917","source":"OpenStreetMap","name":""},"geometry":{"type":"LineString","coordinates":[[120.6486996,27.7791194],[120.6489009,27.7806627],[120.6489153,27.7807531]]}},{"type":"Feature","id":"way/1295177716","properties":{"bridge":"yes","highway":"secondary","layer":"1","name":"罗阳大道","oneway":"yes","osm_type":"way","osm_id":1295177716,"kind":"road","source_url":"https://www.openstreetmap.org/way/1295177716","osmId":"way/1295177716","source":"OpenStreetMap"},"geometry":{"type":"LineString","coordinates":[[120.6490063,27.7595042],[120.6488747,27.7594236]]}},{"type":"Feature","id":"way/1295177717","properties":{"bridge":"yes","highway":"secondary","layer":"1","name":"罗阳大道","oneway":"yes","osm_type":"way","osm_id":1295177717,"kind":"road","source_url":"https://www.openstreetmap.org/way/1295177717","osmId":"way/1295177717","source":"OpenStreetMap"},"geometry":{"type":"LineString","coordinates":[[120.6489681,27.7593433],[120.6490871,27.7594325]]}},{"type":"Feature","id":"way/1295177718","properties":{"highway":"secondary","name":"罗阳大道","oneway":"yes","osm_type":"way","osm_id":1295177718,"kind":"road","source_url":"https://www.openstreetmap.org/way/1295177718","osmId":"way/1295177718","source":"OpenStreetMap"},"geometry":{"type":"LineString","coordinates":[[120.6490871,27.7594325],[120.6500274,27.7602757],[120.6510894,27.7613017],[120.6511885,27.7614646],[120.6517871,27.7627444]]}},{"type":"Feature","id":"way/1295177719","properties":{"highway":"secondary","name":"罗阳大道","oneway":"yes","osm_type":"way","osm_id":1295177719,"kind":"road","source_url":"https://www.openstreetmap.org/way/1295177719","osmId":"way/1295177719","source":"OpenStreetMap"},"geometry":{"type":"LineString","coordinates":[[120.651674,27.7628167],[120.6511051,27.7615443],[120.6510031,27.7613972],[120.6499264,27.7603448],[120.6490063,27.7595042]]}},{"type":"Feature","id":"way/1295177720","properties":{"bridge":"yes","highway":"secondary","layer":"1","name":"罗阳大道","oneway":"yes","osm_type":"way","osm_id":1295177720,"kind":"road","source_url":"https://www.openstreetmap.org/way/1295177720","osmId":"way/1295177720","source":"OpenStreetMap"},"geometry":{"type":"LineString","coordinates":[[120.6517635,27.7630169],[120.651674,27.7628167]]}},{"type":"Feature","id":"way/1295177721","properties":{"highway":"secondary","name":"罗阳大道","oneway":"yes","osm_type":"way","osm_id":1295177721,"kind":"road","source_url":"https://www.openstreetmap.org/way/1295177721","osmId":"way/1295177721","source":"OpenStreetMap"},"geometry":{"type":"LineString","coordinates":[[120.6488747,27.7594236],[120.6487555,27.7593536],[120.6472505,27.7584597],[120.6456712,27.7575095],[120.6455488,27.7574227],[120.6438192,27.7558283]]}},{"type":"Feature","id":"way/1295177722","properties":{"bridge":"yes","highway":"secondary","layer":"1","name":"罗阳大道","oneway":"yes","osm_type":"way","osm_id":1295177722,"kind":"road","source_url":"https://www.openstreetmap.org/way/1295177722","osmId":"way/1295177722","source":"OpenStreetMap"},"geometry":{"type":"LineString","coordinates":[[120.6517871,27.7627444],[120.6518806,27.7629442]]}},{"type":"Feature","id":"way/1295177723","properties":{"highway":"secondary","name":"罗阳大道","oneway":"yes","osm_type":"way","osm_id":1295177723,"kind":"road","source_url":"https://www.openstreetmap.org/way/1295177723","osmId":"way/1295177723","source":"OpenStreetMap"},"geometry":{"type":"LineString","coordinates":[[120.6439191,27.7557446],[120.6456072,27.7573501],[120.6457406,27.7574257],[120.6473642,27.7583771],[120.6489681,27.7593433]]}},{"type":"Feature","id":"way/1295177771","properties":{"bridge":"yes","highway":"secondary","layer":"1","name":"罗阳大道","oneway":"yes","osm_type":"way","osm_id":1295177771,"kind":"road","source_url":"https://www.openstreetmap.org/way/1295177771","osmId":"way/1295177771","source":"OpenStreetMap"},"geometry":{"type":"LineString","coordinates":[[120.6438192,27.7558283],[120.6436746,27.755695]]}},{"type":"Feature","id":"way/1295177772","properties":{"highway":"secondary","name":"罗阳大道","oneway":"yes","osm_type":"way","osm_id":1295177772,"kind":"road","source_url":"https://www.openstreetmap.org/way/1295177772","osmId":"way/1295177772","source":"OpenStreetMap"},"geometry":{"type":"LineString","coordinates":[[120.6436746,27.755695],[120.643552,27.755582],[120.6434455,27.7553487]]}},{"type":"Feature","id":"way/1295177773","properties":{"bridge":"yes","highway":"secondary","layer":"1","name":"罗阳大道","oneway":"yes","osm_type":"way","osm_id":1295177773,"kind":"road","source_url":"https://www.openstreetmap.org/way/1295177773","osmId":"way/1295177773","source":"OpenStreetMap"},"geometry":{"type":"LineString","coordinates":[[120.6437692,27.755602],[120.6439191,27.7557446]]}},{"type":"Feature","id":"way/1295177774","properties":{"highway":"secondary","name":"罗阳大道","oneway":"yes","osm_type":"way","osm_id":1295177774,"kind":"road","source_url":"https://www.openstreetmap.org/way/1295177774","osmId":"way/1295177774","source":"OpenStreetMap"},"geometry":{"type":"LineString","coordinates":[[120.6434455,27.7553487],[120.6436838,27.7555208],[120.6437692,27.755602]]}},{"type":"Feature","id":"way/1295177978","properties":{"bridge":"yes","highway":"secondary","layer":"1","name":"望东西路","oneway":"yes","osm_type":"way","osm_id":1295177978,"kind":"road","source_url":"https://www.openstreetmap.org/way/1295177978","osmId":"way/1295177978","source":"OpenStreetMap"},"geometry":{"type":"LineString","coordinates":[[120.6621216,27.7701931],[120.6624181,27.7700723]]}},{"type":"Feature","id":"way/1295177979","properties":{"bridge":"yes","highway":"secondary","layer":"1","name":"望东西路","oneway":"yes","osm_type":"way","osm_id":1295177979,"kind":"road","source_url":"https://www.openstreetmap.org/way/1295177979","osmId":"way/1295177979","source":"OpenStreetMap"},"geometry":{"type":"LineString","coordinates":[[120.6624542,27.7701457],[120.6621501,27.770284]]}},{"type":"Feature","id":"way/1295177980","properties":{"highway":"secondary","name":"望东西路","oneway":"yes","osm_type":"way","osm_id":1295177980,"kind":"road","source_url":"https://www.openstreetmap.org/way/1295177980","osmId":"way/1295177980","source":"OpenStreetMap"},"geometry":{"type":"LineString","coordinates":[[120.6621501,27.770284],[120.6610118,27.7708017]]}},{"type":"Feature","id":"way/1295177981","properties":{"highway":"secondary","name":"望东西路","oneway":"yes","osm_type":"way","osm_id":1295177981,"kind":"road","source_url":"https://www.openstreetmap.org/way/1295177981","osmId":"way/1295177981","source":"OpenStreetMap"},"geometry":{"type":"LineString","coordinates":[[120.6609531,27.7706692],[120.6621216,27.7701931]]}},{"type":"Feature","id":"way/1295177982","properties":{"bridge":"yes","highway":"secondary","layer":"1","name":"隆山东路","oneway":"yes","osm_type":"way","osm_id":1295177982,"kind":"road","source_url":"https://www.openstreetmap.org/way/1295177982","osmId":"way/1295177982","source":"OpenStreetMap"},"geometry":{"type":"LineString","coordinates":[[120.6594727,27.7709953],[120.6597992,27.7709292]]}},{"type":"Feature","id":"way/1295177983","properties":{"highway":"secondary","name":"隆山东路","oneway":"yes","osm_type":"way","osm_id":1295177983,"kind":"road","source_url":"https://www.openstreetmap.org/way/1295177983","osmId":"way/1295177983","source":"OpenStreetMap"},"geometry":{"type":"LineString","coordinates":[[120.6597992,27.7709292],[120.6607972,27.7707009],[120.6609531,27.7706692]]}},{"type":"Feature","id":"way/1295177984","properties":{"bridge":"yes","highway":"secondary","layer":"1","name":"隆山东路","oneway":"yes","osm_type":"way","osm_id":1295177984,"kind":"road","source_url":"https://www.openstreetmap.org/way/1295177984","osmId":"way/1295177984","source":"OpenStreetMap"},"geometry":{"type":"LineString","coordinates":[[120.6598018,27.771024],[120.6594998,27.7710761]]}},{"type":"Feature","id":"way/1295177985","properties":{"highway":"secondary","name":"隆山东路","oneway":"yes","osm_type":"way","osm_id":1295177985,"kind":"road","source_url":"https://www.openstreetmap.org/way/1295177985","osmId":"way/1295177985","source":"OpenStreetMap"},"geometry":{"type":"LineString","coordinates":[[120.6610118,27.7708017],[120.6608498,27.7708431],[120.6598018,27.771024]]}},{"type":"Feature","id":"way/1295177986","properties":{"bridge":"yes","highway":"primary","layer":"1","name":"莘阳大道","oneway":"yes","osm_type":"way","osm_id":1295177986,"kind":"road","source_url":"https://www.openstreetmap.org/way/1295177986","osmId":"way/1295177986","source":"OpenStreetMap"},"geometry":{"type":"LineString","coordinates":[[120.6605461,27.7702181],[120.6604407,27.7700291]]}},{"type":"Feature","id":"way/1295177987","properties":{"bridge":"yes","highway":"primary","layer":"1","name":"莘阳大道","oneway":"yes","osm_type":"way","osm_id":1295177987,"kind":"road","source_url":"https://www.openstreetmap.org/way/1295177987","osmId":"way/1295177987","source":"OpenStreetMap"},"geometry":{"type":"LineString","coordinates":[[120.6605723,27.7699816],[120.6606729,27.7701643]]}},{"type":"Feature","id":"way/1295177988","properties":{"highway":"primary","name":"莘阳大道","oneway":"yes","osm_type":"way","osm_id":1295177988,"kind":"road","source_url":"https://www.openstreetmap.org/way/1295177988","osmId":"way/1295177988","source":"OpenStreetMap"},"geometry":{"type":"LineString","coordinates":[[120.6606729,27.7701643],[120.6608383,27.7704645],[120.6609531,27.7706692],[120.6610118,27.7708017],[120.6610422,27.7709344],[120.6615566,27.7730788],[120.6619695,27.7747649],[120.6623162,27.7761127],[120.6623433,27.7762132]]}},{"type":"Feature","id":"way/1295177989","properties":{"highway":"primary","name":"莘阳大道","oneway":"yes","osm_type":"way","osm_id":1295177989,"kind":"road","source_url":"https://www.openstreetmap.org/way/1295177989","osmId":"way/1295177989","source":"OpenStreetMap"},"geometry":{"type":"LineString","coordinates":[[120.6621991,27.7762365],[120.6621767,27.7761341],[120.6617977,27.7747995],[120.6613847,27.7731074],[120.6608498,27.7708431],[120.6607972,27.7707009],[120.6607087,27.7705097],[120.6605461,27.7702181]]}},{"type":"Feature","id":"way/1295178010","properties":{"bridge":"yes","highway":"tertiary","layer":"1","name":"安阳路","osm_type":"way","osm_id":1295178010,"kind":"road","source_url":"https://www.openstreetmap.org/way/1295178010","osmId":"way/1295178010","source":"OpenStreetMap"},"geometry":{"type":"LineString","coordinates":[[120.6470874,27.7656105],[120.6472316,27.7658518]]}},{"type":"Feature","id":"way/1295178011","properties":{"highway":"tertiary","name":"安阳路","osm_type":"way","osm_id":1295178011,"kind":"road","source_url":"https://www.openstreetmap.org/way/1295178011","osmId":"way/1295178011","source":"OpenStreetMap"},"geometry":{"type":"LineString","coordinates":[[120.6445294,27.7623334],[120.6445806,27.7623767],[120.6456618,27.7632243],[120.6470874,27.7656105]]}},{"type":"Feature","id":"way/1295178014","properties":{"bridge":"yes","highway":"tertiary","layer":"1","name":"安阳路","osm_type":"way","osm_id":1295178014,"kind":"road","source_url":"https://www.openstreetmap.org/way/1295178014","osmId":"way/1295178014","source":"OpenStreetMap"},"geometry":{"type":"LineString","coordinates":[[120.6443718,27.7622001],[120.6445294,27.7623334]]}},{"type":"Feature","id":"way/1295178015","properties":{"highway":"tertiary","name":"安阳路","osm_type":"way","osm_id":1295178015,"kind":"road","source_url":"https://www.openstreetmap.org/way/1295178015","osmId":"way/1295178015","source":"OpenStreetMap"},"geometry":{"type":"LineString","coordinates":[[120.6430788,27.761036],[120.6443368,27.7621705],[120.6443718,27.7622001]]}},{"type":"Feature","id":"way/1295178036","properties":{"bridge":"yes","highway":"tertiary","layer":"1","name":"民公路","osm_type":"way","osm_id":1295178036,"kind":"road","source_url":"https://www.openstreetmap.org/way/1295178036","osmId":"way/1295178036","source":"OpenStreetMap"},"geometry":{"type":"LineString","coordinates":[[120.655982,27.7915739],[120.656654,27.7915534]]}},{"type":"Feature","id":"way/1295178037","properties":{"highway":"tertiary","name":"民公路","osm_type":"way","osm_id":1295178037,"kind":"road","source_url":"https://www.openstreetmap.org/way/1295178037","osmId":"way/1295178037","source":"OpenStreetMap"},"geometry":{"type":"LineString","coordinates":[[120.6544783,27.7916318],[120.655463,27.7915898],[120.655982,27.7915739]]}},{"type":"Feature","id":"way/1295178038","properties":{"bridge":"yes","highway":"secondary","layer":"1","name":"罗阳大道","oneway":"yes","osm_type":"way","osm_id":1295178038,"kind":"road","source_url":"https://www.openstreetmap.org/way/1295178038","osmId":"way/1295178038","source":"OpenStreetMap"},"geometry":{"type":"LineString","coordinates":[[120.657335,27.7911093],[120.6573299,27.7913775]]}},{"type":"Feature","id":"way/1295178039","properties":{"highway":"secondary","name":"罗阳大道","oneway":"yes","osm_type":"way","osm_id":1295178039,"kind":"road","source_url":"https://www.openstreetmap.org/way/1295178039","osmId":"way/1295178039","source":"OpenStreetMap"},"geometry":{"type":"LineString","coordinates":[[120.6573299,27.7913775],[120.6573269,27.7915374],[120.6572716,27.7946616],[120.6572649,27.7948016],[120.6572523,27.7958102],[120.6572496,27.7960311]]}},{"type":"Feature","id":"way/1295178040","properties":{"bridge":"yes","highway":"secondary","layer":"1","name":"罗阳大道","oneway":"yes","osm_type":"way","osm_id":1295178040,"kind":"road","source_url":"https://www.openstreetmap.org/way/1295178040","osmId":"way/1295178040","source":"OpenStreetMap"},"geometry":{"type":"LineString","coordinates":[[120.657095,27.7913871],[120.6571044,27.7911225]]}},{"type":"Feature","id":"way/1295178041","properties":{"highway":"secondary","name":"罗阳大道","oneway":"yes","osm_type":"way","osm_id":1295178041,"kind":"road","source_url":"https://www.openstreetmap.org/way/1295178041","osmId":"way/1295178041","source":"OpenStreetMap"},"geometry":{"type":"LineString","coordinates":[[120.656971,27.7960614],[120.6569777,27.7958099],[120.6570304,27.7948199],[120.6570361,27.7946739],[120.6570931,27.79154],[120.657095,27.7913871]]}},{"type":"Feature","id":"way/1295178168","properties":{"bridge":"yes","highway":"secondary","lanes":"2","layer":"1","name":"院士路","oneway":"yes","osm_type":"way","osm_id":1295178168,"kind":"road","source_url":"https://www.openstreetmap.org/way/1295178168","osmId":"way/1295178168","source":"OpenStreetMap"},"geometry":{"type":"LineString","coordinates":[[120.6603017,27.7944965],[120.6601176,27.794512]]}},{"type":"Feature","id":"way/1295178169","properties":{"bridge":"yes","highway":"secondary","lanes":"2","layer":"1","name":"院士路","oneway":"yes","osm_type":"way","osm_id":1295178169,"kind":"road","source_url":"https://www.openstreetmap.org/way/1295178169","osmId":"way/1295178169","source":"OpenStreetMap"},"geometry":{"type":"LineString","coordinates":[[120.660107,27.7944381],[120.6602743,27.7944269]]}},{"type":"Feature","id":"way/1295178170","properties":{"highway":"secondary","lanes":"2","name":"院士路","oneway":"yes","osm_type":"way","osm_id":1295178170,"kind":"road","source_url":"https://www.openstreetmap.org/way/1295178170","osmId":"way/1295178170","source":"OpenStreetMap"},"geometry":{"type":"LineString","coordinates":[[120.6626038,27.7943108],[120.6617903,27.7944016],[120.6603017,27.7944965]]}},{"type":"Feature","id":"way/1295178171","properties":{"highway":"secondary","lanes":"2","name":"院士路","oneway":"yes","osm_type":"way","osm_id":1295178171,"kind":"road","source_url":"https://www.openstreetmap.org/way/1295178171","osmId":"way/1295178171","source":"OpenStreetMap"},"geometry":{"type":"LineString","coordinates":[[120.6602743,27.7944269],[120.6617812,27.7943309],[120.6626212,27.7942371]]}},{"type":"Feature","id":"way/1295178172","properties":{"bridge":"yes","highway":"secondary","lanes":"2","layer":"1","name":"院士路","oneway":"yes","osm_type":"way","osm_id":1295178172,"kind":"road","source_url":"https://www.openstreetmap.org/way/1295178172","osmId":"way/1295178172","source":"OpenStreetMap"},"geometry":{"type":"LineString","coordinates":[[120.6556928,27.7947908],[120.656313,27.7947368]]}},{"type":"Feature","id":"way/1295178173","properties":{"bridge":"yes","highway":"secondary","lanes":"2","layer":"1","name":"院士路","oneway":"yes","osm_type":"way","osm_id":1295178173,"kind":"road","source_url":"https://www.openstreetmap.org/way/1295178173","osmId":"way/1295178173","source":"OpenStreetMap"},"geometry":{"type":"LineString","coordinates":[[120.6562935,27.7948768],[120.6556805,27.7949241]]}},{"type":"Feature","id":"way/1295178174","properties":{"highway":"secondary","lanes":"2","name":"院士路","oneway":"yes","osm_type":"way","osm_id":1295178174,"kind":"road","source_url":"https://www.openstreetmap.org/way/1295178174","osmId":"way/1295178174","source":"OpenStreetMap"},"geometry":{"type":"LineString","coordinates":[[120.656313,27.7947368],[120.6570361,27.7946739],[120.6572716,27.7946616],[120.6597456,27.7944622],[120.660107,27.7944381]]}},{"type":"Feature","id":"way/1295178175","properties":{"highway":"secondary","lanes":"2","name":"院士路","oneway":"yes","osm_type":"way","osm_id":1295178175,"kind":"road","source_url":"https://www.openstreetmap.org/way/1295178175","osmId":"way/1295178175","source":"OpenStreetMap"},"geometry":{"type":"LineString","coordinates":[[120.6601176,27.794512],[120.6597729,27.7945409],[120.6572649,27.7948016],[120.6570304,27.7948199],[120.6562935,27.7948768]]}},{"type":"Feature","id":"way/1295377275","properties":{"bridge":"yes","highway":"tertiary","layer":"1","osm_type":"way","osm_id":1295377275,"kind":"road","source_url":"https://www.openstreetmap.org/way/1295377275","osmId":"way/1295377275","source":"OpenStreetMap","name":""},"geometry":{"type":"LineString","coordinates":[[120.6690712,27.7684406],[120.6691291,27.7685727]]}},{"type":"Feature","id":"way/1295377276","properties":{"highway":"tertiary","osm_type":"way","osm_id":1295377276,"kind":"road","source_url":"https://www.openstreetmap.org/way/1295377276","osmId":"way/1295377276","source":"OpenStreetMap","name":""},"geometry":{"type":"LineString","coordinates":[[120.6683889,27.7673708],[120.6684526,27.7674495],[120.668622,27.7677571],[120.6688365,27.7680964],[120.6690712,27.7684406]]}},{"type":"Feature","id":"way/1295377277","properties":{"bridge":"yes","highway":"secondary","layer":"1","name":"望东西路","oneway":"yes","osm_type":"way","osm_id":1295377277,"kind":"road","source_url":"https://www.openstreetmap.org/way/1295377277","osmId":"way/1295377277","source":"OpenStreetMap"},"geometry":{"type":"LineString","coordinates":[[120.6673299,27.7680596],[120.6672357,27.7681106]]}},{"type":"Feature","id":"way/1295377278","properties":{"highway":"secondary","name":"望东西路","oneway":"yes","osm_type":"way","osm_id":1295377278,"kind":"road","source_url":"https://www.openstreetmap.org/way/1295377278","osmId":"way/1295377278","source":"OpenStreetMap"},"geometry":{"type":"LineString","coordinates":[[120.6694614,27.7667526],[120.6692066,27.7669231],[120.6684526,27.7674495],[120.6677716,27.76782],[120.6673299,27.7680596]]}},{"type":"Feature","id":"way/1295377279","properties":{"highway":"secondary","name":"望东西路","oneway":"yes","osm_type":"way","osm_id":1295377279,"kind":"road","source_url":"https://www.openstreetmap.org/way/1295377279","osmId":"way/1295377279","source":"OpenStreetMap"},"geometry":{"type":"LineString","coordinates":[[120.6672552,27.7680043],[120.6677222,27.7677457],[120.6683889,27.7673708],[120.6691575,27.7668527],[120.6694033,27.7666912]]}},{"type":"Feature","id":"way/1295377280","properties":{"bridge":"yes","highway":"secondary","layer":"1","name":"望东西路","oneway":"yes","osm_type":"way","osm_id":1295377280,"kind":"road","source_url":"https://www.openstreetmap.org/way/1295377280","osmId":"way/1295377280","source":"OpenStreetMap"},"geometry":{"type":"LineString","coordinates":[[120.6671519,27.7680615],[120.6672552,27.7680043]]}},{"type":"Feature","id":"way/1295377281","properties":{"bridge":"yes","highway":"secondary","layer":"1","name":"望东西路","oneway":"yes","osm_type":"way","osm_id":1295377281,"kind":"road","source_url":"https://www.openstreetmap.org/way/1295377281","osmId":"way/1295377281","source":"OpenStreetMap"},"geometry":{"type":"LineString","coordinates":[[120.6696022,27.7666584],[120.6694614,27.7667526]]}},{"type":"Feature","id":"way/1295377282","properties":{"bridge":"yes","highway":"secondary","layer":"1","name":"望东西路","oneway":"yes","osm_type":"way","osm_id":1295377282,"kind":"road","source_url":"https://www.openstreetmap.org/way/1295377282","osmId":"way/1295377282","source":"OpenStreetMap"},"geometry":{"type":"LineString","coordinates":[[120.6694033,27.7666912],[120.6695567,27.7665904]]}},{"type":"Feature","id":"way/1295377283","properties":{"highway":"secondary","name":"望东西路","oneway":"yes","osm_type":"way","osm_id":1295377283,"kind":"road","source_url":"https://www.openstreetmap.org/way/1295377283","osmId":"way/1295377283","source":"OpenStreetMap"},"geometry":{"type":"LineString","coordinates":[[120.6695567,27.7665904],[120.6716224,27.7651849]]}},{"type":"Feature","id":"way/1295377284","properties":{"highway":"secondary","name":"望东西路","oneway":"yes","osm_type":"way","osm_id":1295377284,"kind":"road","source_url":"https://www.openstreetmap.org/way/1295377284","osmId":"way/1295377284","source":"OpenStreetMap"},"geometry":{"type":"LineString","coordinates":[[120.6717367,27.7652719],[120.6696022,27.7666584]]}},{"type":"Feature","id":"way/1295377832","properties":{"bridge":"yes","highway":"secondary","layer":"1","name":"隆山东路","oneway":"yes","osm_type":"way","osm_id":1295377832,"kind":"road","source_url":"https://www.openstreetmap.org/way/1295377832","osmId":"way/1295377832","source":"OpenStreetMap"},"geometry":{"type":"LineString","coordinates":[[120.6481329,27.7749855],[120.6479325,27.7750651]]}},{"type":"Feature","id":"way/1295377833","properties":{"bridge":"yes","highway":"secondary","layer":"1","name":"隆山东路","oneway":"yes","osm_type":"way","osm_id":1295377833,"kind":"road","source_url":"https://www.openstreetmap.org/way/1295377833","osmId":"way/1295377833","source":"OpenStreetMap"},"geometry":{"type":"LineString","coordinates":[[120.647897,27.7749862],[120.6481015,27.774907]]}},{"type":"Feature","id":"way/1295377834","properties":{"highway":"secondary","name":"隆山东路","oneway":"yes","osm_type":"way","osm_id":1295377834,"kind":"road","source_url":"https://www.openstreetmap.org/way/1295377834","osmId":"way/1295377834","source":"OpenStreetMap"},"geometry":{"type":"LineString","coordinates":[[120.6479325,27.7750651],[120.6472161,27.7753496],[120.6470646,27.7754028],[120.6454919,27.7759712],[120.6442915,27.7764714]]}},{"type":"Feature","id":"way/1295377835","properties":{"highway":"secondary","name":"隆山东路","oneway":"yes","osm_type":"way","osm_id":1295377835,"kind":"road","source_url":"https://www.openstreetmap.org/way/1295377835","osmId":"way/1295377835","source":"OpenStreetMap"},"geometry":{"type":"LineString","coordinates":[[120.6481015,27.774907],[120.6493775,27.7743374],[120.6505681,27.7738044],[120.6519696,27.7733317],[120.6532818,27.7727904]]}},{"type":"Feature","id":"way/1295377836","properties":{"bridge":"yes","highway":"secondary","layer":"1","name":"隆山东路","oneway":"yes","osm_type":"way","osm_id":1295377836,"kind":"road","source_url":"https://www.openstreetmap.org/way/1295377836","osmId":"way/1295377836","source":"OpenStreetMap"},"geometry":{"type":"LineString","coordinates":[[120.6532818,27.7727904],[120.653569,27.7726737]]}},{"type":"Feature","id":"way/1295377837","properties":{"bridge":"yes","highway":"secondary","layer":"1","name":"隆山东路","oneway":"yes","osm_type":"way","osm_id":1295377837,"kind":"road","source_url":"https://www.openstreetmap.org/way/1295377837","osmId":"way/1295377837","source":"OpenStreetMap"},"geometry":{"type":"LineString","coordinates":[[120.653603,27.7727612],[120.6533212,27.7728836]]}},{"type":"Feature","id":"way/1295377838","properties":{"highway":"secondary","name":"隆山东路","oneway":"yes","osm_type":"way","osm_id":1295377838,"kind":"road","source_url":"https://www.openstreetmap.org/way/1295377838","osmId":"way/1295377838","source":"OpenStreetMap"},"geometry":{"type":"LineString","coordinates":[[120.6594998,27.7710761],[120.658463,27.7712202],[120.655923,27.7717658],[120.655732,27.7718367],[120.653603,27.7727612]]}},{"type":"Feature","id":"way/1295377839","properties":{"highway":"secondary","name":"隆山东路","oneway":"yes","osm_type":"way","osm_id":1295377839,"kind":"road","source_url":"https://www.openstreetmap.org/way/1295377839","osmId":"way/1295377839","source":"OpenStreetMap"},"geometry":{"type":"LineString","coordinates":[[120.653569,27.7726737],[120.6556784,27.7717002],[120.655851,27.7716277],[120.6584427,27.7711587],[120.6594727,27.7709953]]}},{"type":"Feature","id":"way/1295378339","properties":{"bridge":"yes","highway":"tertiary","layer":"1","osm_type":"way","osm_id":1295378339,"kind":"road","source_url":"https://www.openstreetmap.org/way/1295378339","osmId":"way/1295378339","source":"OpenStreetMap","name":""},"geometry":{"type":"LineString","coordinates":[[120.6606464,27.7762319],[120.661234,27.7762138]]}},{"type":"Feature","id":"way/1295378340","properties":{"highway":"tertiary","osm_type":"way","osm_id":1295378340,"kind":"road","source_url":"https://www.openstreetmap.org/way/1295378340","osmId":"way/1295378340","source":"OpenStreetMap","name":""},"geometry":{"type":"LineString","coordinates":[[120.661234,27.7762138],[120.6620157,27.776175],[120.6621767,27.7761341]]}},{"type":"Feature","id":"way/1316841454","properties":{"highway":"tertiary","osm_type":"way","osm_id":1316841454,"kind":"road","source_url":"https://www.openstreetmap.org/way/1316841454","osmId":"way/1316841454","source":"OpenStreetMap","name":""},"geometry":{"type":"LineString","coordinates":[[120.6235337,27.8081663],[120.6234616,27.8083976],[120.623416,27.8085589],[120.6234965,27.8087439],[120.6235501,27.808948],[120.6235528,27.8091235],[120.6235582,27.8094177],[120.623652,27.8097831],[120.6236815,27.8099349],[120.6236118,27.8103572],[120.6235823,27.8104758],[120.6236225,27.8106893],[120.6236172,27.8108767],[120.6235582,27.8109645],[120.6234831,27.8109788],[120.623365,27.810955],[120.6231666,27.8108388],[120.6227696,27.8105019],[120.622547,27.8103951],[120.6219998,27.8102338],[120.6210208,27.8101223],[120.6204441,27.8100322],[120.6201303,27.8099634],[120.6198969,27.8100393],[120.6196797,27.8101057],[120.6195375,27.8101057],[120.6194329,27.8100606],[120.6193149,27.8098898],[120.6191862,27.8097332],[120.6189582,27.8096217],[120.6185156,27.8095909],[120.6172228,27.809636],[120.6169331,27.8096146],[120.61685,27.8096004],[120.6167668,27.8095055],[120.6167507,27.8093679],[120.6167722,27.8091994],[120.6168821,27.8089836],[120.6168956,27.8088365],[120.61674,27.8085684],[120.6159836,27.8078922],[120.6157637,27.8077143],[120.6156725,27.8075791],[120.6156242,27.8073988],[120.6155518,27.8063881],[120.615474,27.8061129],[120.615364,27.8060583],[120.6152433,27.8060322],[120.6142697,27.8061319],[120.6142133,27.8061793],[120.6142133,27.8062552],[120.6142884,27.8062837],[120.6146076,27.8062695],[120.6150502,27.8062766],[120.6151628,27.806305],[120.6151977,27.8063857],[120.6151843,27.8064806],[120.6150421,27.8066775],[120.6145701,27.8071995],[120.6145459,27.8073371],[120.6145889,27.8074913],[120.6148544,27.8076858],[120.6151468,27.8078685],[120.6154069,27.8080109],[120.6155169,27.8081129],[120.6156725,27.808305],[120.6157556,27.8086135],[120.6157583,27.8089693],[120.6156591,27.809133],[120.6156054,27.8092493],[120.6155544,27.8096312],[120.6155115,27.809802],[120.6154203,27.8099468],[120.6150073,27.8104212],[120.6149563,27.8105588],[120.6149724,27.8106656],[120.6150609,27.81077],[120.6152675,27.8108388],[120.6154364,27.8108056],[120.6156456,27.810687],[120.6157958,27.8106253],[120.6159756,27.8105968],[120.6162116,27.8106466],[120.6164101,27.8107391],[120.6165764,27.8108008],[120.6168017,27.8108246],[120.6171182,27.8108246],[120.6174749,27.8107913],[120.6176761,27.8108293],[120.6183118,27.8111733],[120.618411,27.8112801],[120.618419,27.8113536],[120.6183654,27.8114034],[120.6182876,27.8114082],[120.6181937,27.8113631],[120.6180435,27.8112611],[120.6178209,27.8111164],[120.6176063,27.8110642],[120.617314,27.8110333],[120.6165817,27.8113061],[120.6165335,27.8113963],[120.6165254,27.8114817],[120.6166005,27.8115363],[120.6167319,27.8115125],[120.616866,27.8113299],[120.6171128,27.811254],[120.6173059,27.8113014],[120.6177136,27.8114248],[120.6178048,27.8115173],[120.6178746,27.8117308],[120.6179041,27.8126679],[120.6179309,27.8128316],[120.6180221,27.8129004],[120.6182179,27.8129478],[120.6186363,27.8129004],[120.6188589,27.8128672],[120.6189823,27.8128695],[120.6190842,27.8129336],[120.6190735,27.8130641],[120.6189662,27.8131091],[120.6187275,27.8131163],[120.6184164,27.8130759],[120.6180382,27.8131779],[120.6175581,27.8134081],[120.6174132,27.8134745],[120.6172737,27.8136382],[120.6171477,27.8136738],[120.6169707,27.8136548],[120.6167963,27.8135362],[120.61674,27.8133867],[120.6167695,27.8132681],[120.6169519,27.8130166],[120.6169626,27.8128529],[120.6168553,27.8127485],[120.6166166,27.8125137],[120.6164691,27.8124994],[120.6163055,27.8125611],[120.6155652,27.81286],[120.6154472,27.812981],[120.6154284,27.8130736],[120.615364,27.8135338],[120.6153747,27.81365],[120.6154364,27.8138066],[120.6156269,27.8141079],[120.6160372,27.8143546],[120.6162143,27.8143949],[120.61685,27.8144305],[120.6170484,27.8143902],[120.6172416,27.8142336],[120.6175795,27.8140937],[120.6178504,27.8140865]]}},{"type":"Feature","id":"way/1316841457","properties":{"highway":"secondary","name":"西银线","osm_type":"way","osm_id":1316841457,"kind":"road","source_url":"https://www.openstreetmap.org/way/1316841457","osmId":"way/1316841457","source":"OpenStreetMap"},"geometry":{"type":"LineString","coordinates":[[120.626572,27.8055251],[120.6265338,27.8057134],[120.6264925,27.806018],[120.6264174,27.8066965],[120.6263852,27.8076645],[120.6264549,27.8078116],[120.6265998,27.8079112],[120.6267017,27.8079539],[120.6268465,27.8079444],[120.6270075,27.8078827],[120.6271201,27.8077831],[120.6272918,27.8076408],[120.627442,27.8074937],[120.627501,27.8073703],[120.6275386,27.8072232],[120.6276137,27.8070856],[120.6277209,27.8070571],[120.6278121,27.8070903],[120.6278712,27.8071805],[120.6278497,27.8073181],[120.6277263,27.8075553],[120.6275707,27.8077831],[120.6273669,27.8080014],[120.6272167,27.8082054],[120.6271362,27.8083098],[120.6271362,27.8084521],[120.6271523,27.8086799],[120.6271201,27.8087938],[120.6269592,27.8088982],[120.6266588,27.8088697],[120.626353,27.8087463],[120.6261921,27.8086704],[120.6260472,27.8086657],[120.6258756,27.8086324],[120.62572,27.8085328],[120.6253391,27.8079871],[120.6252265,27.8077119],[120.6248832,27.8072801],[120.6246418,27.8071236],[120.6244755,27.8070761],[120.6239712,27.8069954],[120.6236064,27.8069005],[120.6232738,27.8067534],[120.6230807,27.8067772],[120.622775,27.8068816],[120.6225228,27.807133],[120.6224906,27.8072659],[120.622496,27.8074652],[120.6225014,27.8075743],[120.6223351,27.807859],[120.6221366,27.8080868],[120.6220669,27.8082054],[120.6221312,27.8083857],[120.6222171,27.8085518],[120.6222331,27.8087226],[120.6221527,27.8089029],[120.6219113,27.8089693],[120.6212944,27.8088934],[120.6210369,27.8088792],[120.6208974,27.8087795],[120.6208116,27.8086182],[120.6207204,27.8084853],[120.620597,27.8083762],[120.6204039,27.8082291],[120.620259,27.8081959],[120.6201732,27.8082576],[120.6201518,27.8083762],[120.6203234,27.8084806],[120.6204253,27.8086135],[120.6205219,27.8087511],[120.6205755,27.8089171],[120.6206667,27.8090168],[120.6209028,27.8091307],[120.6215411,27.8093299],[120.6223243,27.8096336],[120.6228447,27.8099041],[120.6230324,27.809961],[120.6232148,27.8098946],[120.6232738,27.809776],[120.6232256,27.80905],[120.6233007,27.8083525],[120.6234831,27.8081769],[120.6235337,27.8081663],[120.6237996,27.8081105],[120.6241053,27.8081864],[120.6243145,27.8083145],[120.6244647,27.8084521],[120.6246203,27.8088412],[120.6247598,27.8092683],[120.6248617,27.8096526],[120.6250441,27.8098376],[120.6252265,27.8100037],[120.6253499,27.810146],[120.6254464,27.8103311],[120.6253606,27.8105588],[120.6253391,27.8107344],[120.625366,27.8109527],[120.6254303,27.8112279],[120.6255215,27.8114224],[120.6256288,27.811541],[120.6256288,27.8118304],[120.6255859,27.8120677],[120.6255859,27.8122148],[120.6256127,27.8123097],[120.6257522,27.8123571],[120.6260043,27.8123571],[120.6261224,27.8123619],[120.6263047,27.8124615],[120.6264281,27.812675],[120.6266051,27.8128126],[120.6268197,27.8128743],[120.6271148,27.8127794],[120.6274205,27.8126133],[120.6276673,27.8125137],[120.6278658,27.8125232],[120.6279784,27.8126038],[120.6279999,27.8127604],[120.6279087,27.8129407],[120.627839,27.8130546],[120.6278175,27.813159],[120.6278765,27.8132396],[120.6280321,27.8133203],[120.6283593,27.813382],[120.6288367,27.8134863],[120.6289977,27.8136856],[120.6290621,27.8138185],[120.6292552,27.814013],[120.6294268,27.8140794],[120.6296736,27.8140747],[120.6298989,27.8139845],[120.6300062,27.8137568],[120.630092,27.8134294],[120.6300867,27.8132586],[120.6302047,27.8130831],[120.6303549,27.8129644],[120.6304032,27.8127652],[120.6303173,27.8124757],[120.6303871,27.8122765],[120.6306016,27.8121009],[120.6308109,27.8120107],[120.6311005,27.8120013],[120.6312132,27.8120724],[120.6312025,27.8122005],[120.6310469,27.812414],[120.6308001,27.8128173],[120.6304675,27.813605],[120.6304514,27.8138232],[120.6305212,27.8140699],[120.6305212,27.8143356],[120.6303978,27.8146393],[120.6302369,27.8152039],[120.6301618,27.8153795],[120.6299901,27.8154981],[120.6298292,27.8155835],[120.6296414,27.8155503],[120.6294805,27.8154649],[120.6291693,27.8154601],[120.6288797,27.815555],[120.6286865,27.8158065],[120.62859,27.8161955],[120.6285483,27.8164566],[120.6284451,27.8171017],[120.6284559,27.817301],[120.6286865,27.8175667],[120.6289923,27.8177754],[120.6292337,27.8179984],[120.6294,27.8184254],[120.6294268,27.8186389],[120.6293839,27.8189236],[120.6293249,27.8190849],[120.6291211,27.8192747],[120.6289226,27.8194265],[120.6281877,27.8203232],[120.6279999,27.8204323],[120.6279838,27.8206411],[120.6280321,27.8208783],[120.6280374,27.8212246],[120.6279784,27.8214334],[120.627839,27.8215947],[120.6273776,27.8222542],[120.6272274,27.8225293],[120.6272006,27.8227143],[120.6270343,27.8230891],[120.6267232,27.8232504],[120.6265837,27.8234924],[120.6264764,27.8237533],[120.626058,27.8241044],[120.6259561,27.8241329],[120.6256771,27.8241424],[120.6254679,27.824223],[120.6252694,27.824427],[120.6250656,27.8247022],[120.6250066,27.8248303],[120.6250548,27.8251102],[120.6251031,27.825466],[120.6250977,27.8256273],[120.6248563,27.8258028],[120.6246203,27.8259357],[120.6242448,27.8259878],[120.6240195,27.8259262],[120.6237996,27.8257506],[120.6233865,27.8255846],[120.6226784,27.8253616],[120.6223565,27.8255087],[120.6218684,27.826078],[120.6218523,27.8262108],[120.621922,27.826301],[120.6225121,27.8265002],[120.6227106,27.8265998],[120.622791,27.8267659],[120.6226087,27.8272023],[120.6224585,27.8273731],[120.6219917,27.8276103],[120.6216055,27.8276198],[120.621112,27.8275724],[120.6209296,27.8274965],[120.620774,27.8272972],[120.6201839,27.8265951],[120.6199747,27.8264955],[120.6197602,27.8265334],[120.6196797,27.8266615],[120.6197494,27.8270031],[120.6197709,27.8271501],[120.6197467,27.8273138],[120.6193015,27.8275036],[120.6191486,27.8277076],[120.6188375,27.8280895],[120.6184271,27.8284619],[120.6180838,27.8284785],[120.617888,27.8285093],[120.6177968,27.8285947],[120.6177834,27.8287394],[120.6178585,27.8289505],[120.6182125,27.8291782],[120.6185344,27.8291758],[120.6186953,27.8291711],[120.6188804,27.8293371],[120.6191432,27.8293798],[120.6194141,27.8293229],[120.6197333,27.8294083],[120.620133,27.8297333],[120.6202644,27.8298519],[120.6203851,27.8301697],[120.6205085,27.8302764],[120.6206721,27.8304401],[120.6206962,27.8306631],[120.6205729,27.8310307],[120.6204307,27.8313059],[120.6200927,27.8320317],[120.6199211,27.8321882],[120.6197789,27.8322238],[120.6196448,27.8322096],[120.61928,27.8320341],[120.6190065,27.8318941],[120.6187892,27.831906],[120.6186417,27.8320341],[120.6186336,27.8322214],[120.6187275,27.8324302],[120.6187382,27.8327172],[120.6184807,27.8328903],[120.6180221,27.8331916],[120.617719,27.8333386],[120.6175795,27.8339174],[120.6175286,27.8342945],[120.61744,27.8344178],[120.6172791,27.8344795],[120.6167856,27.8345957],[120.6164047,27.8346171],[120.6162384,27.8346408],[120.6161204,27.8347404],[120.6160909,27.8348685],[120.6163779,27.8354211],[120.6167668,27.836007],[120.616807,27.8362252],[120.61674,27.8364505],[120.6164905,27.8367256],[120.6163377,27.8369438],[120.6163269,27.8371075],[120.6164208,27.8373233],[120.6166622,27.8375226],[120.6169787,27.8376317],[120.6172013,27.8376767],[120.6174079,27.8376696],[120.6174991,27.837755],[120.6174937,27.8378926],[120.6173703,27.8382626],[120.6170109,27.8388223],[120.6169814,27.8388935],[120.6170136,27.8389717],[120.6171048,27.8389955],[120.6171879,27.8389623],[120.6179497,27.83794],[120.618073,27.8376388],[120.6184325,27.8367731],[120.6185022,27.8366758],[120.6185934,27.836645],[120.6194115,27.8367375],[120.6197977,27.8367422],[120.620589,27.8366924],[120.6211093,27.8367707],[120.6214848,27.8369913],[120.6217879,27.8372451],[120.6218979,27.8375107],[120.6219918,27.8376886],[120.6222787,27.8378333],[120.62296,27.8383242],[120.6230646,27.8383954],[120.6231424,27.8384144],[120.6233194,27.8383574],[120.6238532,27.838246],[120.6244755,27.8384642],[120.6247491,27.8386397],[120.6252855,27.8393939],[120.6255698,27.8398398],[120.6256932,27.8399347],[120.6259131,27.840039],[120.6260258,27.8401102],[120.6261384,27.840409],[120.6262565,27.840677],[120.6263155,27.8407387],[120.626463,27.8407861],[120.6267339,27.8408668],[120.6268492,27.8409047],[120.6269726,27.8409308],[120.6270424,27.8409332],[120.6271389,27.8408976],[120.6271952,27.8408336],[120.6272194,27.8407506],[120.627265,27.8406462],[120.6273293,27.8405917],[120.6275547,27.8405181],[120.6278148,27.8404541],[120.6279811,27.8404304],[120.628126,27.8404399],[120.6282252,27.8404636],[120.6282896,27.8404968],[120.62837,27.8405893],[120.6284371,27.840696],[120.6284773,27.8407363],[120.6285444,27.8407434],[120.62859,27.8407055],[120.6285953,27.8406652],[120.6285632,27.8405822],[120.6284881,27.8404778],[120.6284076,27.840428],[120.6282815,27.8403687],[120.6280723,27.8403331],[120.6277987,27.8403236],[120.6275788,27.8403521],[120.6273508,27.8404067],[120.6271952,27.8404826],[120.6270987,27.8405324],[120.6269887,27.8405751],[120.6268626,27.8405869],[120.6267768,27.8405822],[120.6266668,27.8405418],[120.6265837,27.8404897],[120.626463,27.8403284],[120.6262618,27.8399537],[120.6262135,27.8398778],[120.6260768,27.8397521],[120.6259534,27.8396406],[120.625771,27.8393607],[120.6257522,27.8392469],[120.6258059,27.8390998],[120.625881,27.8390192],[120.626007,27.8389931],[120.6262243,27.8390405],[120.6263691,27.839088],[120.6265461,27.8390903],[120.626691,27.8390785],[120.6268224,27.8390192],[120.6269029,27.8388911],[120.626927,27.8387701],[120.626927,27.8386871],[120.6268224,27.838533],[120.6267795,27.8384784],[120.6267446,27.8383764],[120.6267634,27.8382389],[120.6268144,27.8381558],[120.6269243,27.8380515],[120.6271389,27.8379329],[120.6273428,27.8378333],[120.6275305,27.8377171],[120.6276137,27.837608],[120.6276593,27.8375178],[120.6276727,27.8374016],[120.6276619,27.8370601],[120.6276807,27.8369771],[120.627729,27.8369367],[120.6278014,27.8369344],[120.6278416,27.8369771],[120.627839,27.8370601],[120.6278014,27.8375273],[120.6277746,27.8376459],[120.627729,27.8377123],[120.6275654,27.8378949],[120.6274152,27.8380135],[120.6272542,27.8381321],[120.6272006,27.8382175],[120.6271738,27.8383029],[120.6271926,27.8383883],[120.6272837,27.8385424],[120.6273454,27.8386397],[120.6273615,27.8387251],[120.6273481,27.8388176],[120.6272677,27.8389717],[120.6270665,27.8393489],[120.6269914,27.8394532],[120.6269243,27.8395267],[120.6269163,27.8396003],[120.6269672,27.8396904],[120.6270665,27.8397354],[120.6271872,27.8397426],[120.6272891,27.8397165],[120.6274527,27.8396335],[120.6276137,27.8395742],[120.6277987,27.8395433],[120.6280348,27.839586],[120.6282681,27.8396026],[120.6286865,27.8395433],[120.6288421,27.839522],[120.6289655,27.8395196],[120.6290433,27.8395694],[120.6291103,27.8396572],[120.6292257,27.8397544],[120.6293008,27.8397829],[120.6294966,27.8398161],[120.6296763,27.8399537],[120.629966,27.8402098],[120.6300062,27.8403355],[120.630025,27.8404114],[120.6301269,27.8405561],[120.6303468,27.8408075],[120.6304193,27.8408478],[120.630472,27.840839],[120.6305051,27.8408336],[120.6305292,27.8407814],[120.6305158,27.8407174],[120.6301725,27.8402572],[120.6298614,27.8398493],[120.629805,27.8397283],[120.6298345,27.8396619],[120.6299284,27.8396453],[120.6300089,27.8397236],[120.6301966,27.8400153],[120.6304166,27.8402454],[120.6307277,27.8405679],[120.6308135,27.8406652],[120.6308269,27.8408051],[120.6307974,27.8409759],[120.6307384,27.8411063],[120.6306311,27.8412107],[120.6305239,27.8413127],[120.6304702,27.841372],[120.6304729,27.841455],[120.63054,27.8414929],[120.6306016,27.8414597],[120.6306902,27.8413625],[120.6308994,27.8410115],[120.6309825,27.8408573],[120.631012,27.8405727],[120.6310201,27.8400129],[120.6309664,27.8399228],[120.6307974,27.8397687],[120.630261,27.8393441],[120.6300706,27.8391639],[120.6299391,27.838967],[120.6298453,27.8388271],[120.6298399,27.8387512],[120.6299096,27.838699],[120.6300062,27.8386966],[120.6301483,27.8387346],[120.6301913,27.8388199],[120.6302235,27.8390026],[120.6302261,27.839069],[120.6302878,27.8391496],[120.6305695,27.8393394],[120.6308269,27.8395196],[120.6309959,27.8395813],[120.6313473,27.839643],[120.6314868,27.8396975],[120.6317282,27.8398967],[120.6318167,27.8399774],[120.6318489,27.840077],[120.631814,27.8402952],[120.6317443,27.8404067],[120.6316423,27.8404659],[120.6315055,27.8405988],[120.6314653,27.8406675],[120.6314626,27.8407529],[120.6314895,27.8408004],[120.6315511,27.8408027],[120.6316209,27.8407434],[120.6318247,27.8405229],[120.6319401,27.8403901],[120.6320769,27.8400343],[120.6321117,27.8398066],[120.6321466,27.8397687],[120.6322297,27.8397639],[120.6322834,27.8398066],[120.632329,27.8399204],[120.6323504,27.8400319],[120.6323317,27.8401244],[120.6322888,27.8402098],[120.6320366,27.8405371],[120.6319749,27.8405893],[120.6318113,27.8407031],[120.6317952,27.8407624],[120.631814,27.8408075],[120.6318676,27.8408099],[120.6319374,27.8407648],[120.6321117,27.8405964],[120.6322968,27.8404422],[120.6324255,27.8403806],[120.6325302,27.8403568],[120.6326187,27.8403189],[120.6326669,27.8402501],[120.6326669,27.840141],[120.6326213,27.8399797],[120.6326294,27.8399038],[120.632675,27.8398351],[120.6327528,27.8398256],[120.6328145,27.8399086],[120.6328493,27.8401481],[120.632844,27.8402691],[120.6328145,27.8403592],[120.6327501,27.8404161],[120.6325838,27.8404968],[120.6324604,27.8405727],[120.6319481,27.8409972],[120.6319079,27.8410613],[120.6319213,27.8411205],[120.6319776,27.8411514],[120.6320849,27.8411205],[120.6321788,27.8410281],[120.6323692,27.840798],[120.6325436,27.8406794],[120.6327072,27.8406296],[120.6328869,27.8405727],[120.6330183,27.8404992],[120.6331095,27.8404067],[120.6331497,27.8402501],[120.63319,27.8401054],[120.6332356,27.8400485],[120.6333026,27.8400201],[120.6333858,27.840039],[120.6334126,27.84016],[120.6333348,27.8404043],[120.6332865,27.8404731],[120.6331122,27.8405893],[120.6329218,27.8407055],[120.6327072,27.8407838],[120.6326053,27.8408881],[120.6325865,27.8409593],[120.6326455,27.8410091],[120.6327689,27.8409948],[120.6329271,27.8408454],[120.6331524,27.8407482],[120.6334475,27.8405964],[120.6336486,27.8404683],[120.633831,27.8402928],[120.6338686,27.8402122],[120.6338552,27.8400888],[120.6337586,27.8399442],[120.6335252,27.8397781],[120.6334019,27.8396643],[120.6333509,27.8394651],[120.6333697,27.8393915],[120.6335092,27.8393299],[120.6336969,27.8392801],[120.6340724,27.8392564],[120.634338,27.8392706],[120.6345418,27.8392231],[120.6346571,27.8391259],[120.6347591,27.8389765],[120.6347859,27.8388342],[120.6347966,27.8387346],[120.6347591,27.8386587],[120.6346732,27.8386231],[120.634456,27.8386112],[120.6340831,27.8386397],[120.6339329,27.8386563],[120.6338391,27.8386539],[120.6337962,27.8386183],[120.6338149,27.8385448],[120.6339946,27.8385021],[120.6344318,27.8384523],[120.634641,27.838412],[120.6347242,27.8383622],[120.63481,27.8383171],[120.6349012,27.8383148],[120.634979,27.8383361],[120.6351024,27.8383646],[120.6351721,27.8383242],[120.6351587,27.8382673],[120.6350917,27.8382104],[120.634861,27.8381772],[120.6344426,27.8382673],[120.6342119,27.8382839],[120.633941,27.8382839],[120.6336862,27.8382839],[120.6334797,27.8382507],[120.6333965,27.8382033],[120.6333804,27.8381274],[120.6334662,27.8380965],[120.6336862,27.8381392],[120.633831,27.8381582],[120.6339946,27.8380728],[120.6342334,27.8380349],[120.6345069,27.8380467],[120.6346464,27.8380373],[120.6349146,27.837959],[120.6351668,27.8379092],[120.6352875,27.8378949],[120.6354349,27.8379086],[120.6357675,27.838032],[120.636465,27.8382626],[120.6371328,27.8384049]]}},{"type":"Feature","id":"way/1316841458","properties":{"highway":"tertiary","osm_type":"way","osm_id":1316841458,"kind":"road","source_url":"https://www.openstreetmap.org/way/1316841458","osmId":"way/1316841458","source":"OpenStreetMap","name":""},"geometry":{"type":"LineString","coordinates":[[120.6277263,27.800899],[120.6274205,27.8021128],[120.6272489,27.8024781],[120.6271342,27.8027923],[120.6269699,27.8032421],[120.6266802,27.8040345],[120.6265783,27.8048697],[120.6265354,27.8054296],[120.626572,27.8055251]]}},{"type":"Feature","id":"way/1316853799","properties":{"bridge":"yes","highway":"tertiary","name":"安阳路","osm_type":"way","osm_id":1316853799,"kind":"road","source_url":"https://www.openstreetmap.org/way/1316853799","osmId":"way/1316853799","source":"OpenStreetMap"},"geometry":{"type":"LineString","coordinates":[[120.653336,27.7958015],[120.6534272,27.7954456]]}},{"type":"Feature","id":"way/1316853800","properties":{"highway":"tertiary","name":"安阳路","osm_type":"way","osm_id":1316853800,"kind":"road","source_url":"https://www.openstreetmap.org/way/1316853800","osmId":"way/1316853800","source":"OpenStreetMap"},"geometry":{"type":"LineString","coordinates":[[120.6521907,27.8003539],[120.652526,27.7990426],[120.6527498,27.7981876],[120.653336,27.7958015]]}},{"type":"Feature","id":"way/1316853801","properties":{"bridge":"yes","highway":"unclassified","osm_type":"way","osm_id":1316853801,"kind":"road","source_url":"https://www.openstreetmap.org/way/1316853801","osmId":"way/1316853801","source":"OpenStreetMap","name":""},"geometry":{"type":"LineString","coordinates":[[120.6308725,27.8047392],[120.6306526,27.8045684]]}},{"type":"Feature","id":"way/1316853802","properties":{"highway":"unclassified","osm_type":"way","osm_id":1316853802,"kind":"road","source_url":"https://www.openstreetmap.org/way/1316853802","osmId":"way/1316853802","source":"OpenStreetMap","name":""},"geometry":{"type":"LineString","coordinates":[[120.6306526,27.8045684],[120.6280911,27.8027818],[120.6271342,27.8027923]]}},{"type":"Feature","id":"way/1316853815","properties":{"highway":"unclassified","osm_type":"way","osm_id":1316853815,"kind":"road","source_url":"https://www.openstreetmap.org/way/1316853815","osmId":"way/1316853815","source":"OpenStreetMap","name":""},"geometry":{"type":"LineString","coordinates":[[120.6466493,27.8211843],[120.6467539,27.8210444],[120.6469148,27.8208024],[120.6468129,27.8206601],[120.6465393,27.820271],[120.6461638,27.8196685],[120.6459868,27.8195261],[120.645622,27.8193459],[120.6454933,27.8191608],[120.6453216,27.8187813],[120.6451124,27.8185108],[120.6449085,27.818378],[120.6447369,27.8180838],[120.6443131,27.8171634],[120.6443131,27.8169404],[120.6443185,27.816689],[120.6441897,27.8165751],[120.6439269,27.8164043],[120.6437552,27.8162904],[120.6435674,27.8162192],[120.6433958,27.8161433],[120.643326,27.8160295],[120.6433636,27.8158254],[120.6433904,27.8156404],[120.6433421,27.8155076],[120.6431866,27.8154791],[120.6429934,27.8154981],[120.6428218,27.8154649],[120.6422853,27.815128],[120.6418669,27.8146915],[120.641942,27.8144875],[120.6421137,27.814217],[120.6423444,27.8140462],[120.6423229,27.8139181],[120.6420278,27.8135528],[120.6419849,27.8134436],[120.6420708,27.8132491],[120.6424195,27.8128601],[120.6426555,27.8126798],[120.6428325,27.8125991],[120.6430578,27.8126228],[120.6433743,27.812656],[120.6434494,27.8126181],[120.6434441,27.8125422],[120.6433475,27.8125089],[120.6431866,27.8124805],[120.6430149,27.8124473],[120.642854,27.8123619],[120.6426179,27.812414],[120.6423068,27.8125042],[120.6421888,27.8124852],[120.6421834,27.812414],[120.6425053,27.8122385],[120.6427896,27.8121436],[120.6430632,27.8121768],[120.6433046,27.8120534],[120.643487,27.8118921],[120.643546,27.8115695],[120.6435943,27.8114224],[120.643723,27.8112943],[120.6440717,27.8112326],[120.6441843,27.8111757],[120.6442165,27.811057],[120.6441736,27.810872],[120.6440717,27.8107154],[120.644002,27.8105588],[120.6439751,27.8103216],[120.6439537,27.8101888],[120.6437445,27.8102836],[120.6436962,27.8105304],[120.6437874,27.8106917],[120.6439108,27.8108435],[120.6439,27.8109432],[120.6437176,27.8109906],[120.6434601,27.8110143],[120.6432617,27.811095],[120.6431168,27.8111994],[120.6429988,27.8113655],[120.642854,27.8114271],[120.6427628,27.8113892],[120.6427467,27.8112279],[120.6428969,27.81091],[120.6431436,27.8107344],[120.6432724,27.810649],[120.643208,27.8105494],[120.6430203,27.8105778],[120.6428111,27.8106015],[120.6424731,27.8107913],[120.6423444,27.8108103],[120.6422424,27.8107439],[120.6423175,27.8105399],[120.6424516,27.8103406],[120.6426394,27.8102979],[120.6428271,27.8102599],[120.6428593,27.810184],[120.6427789,27.8099895],[120.6425321,27.8098092],[120.64228,27.8096953],[120.6421351,27.8095529],[120.6420654,27.809292],[120.6420171,27.8091307],[120.6417704,27.8091022],[120.6413627,27.8092445],[120.6410891,27.8094486],[120.6409174,27.8095862],[120.6407297,27.8096858],[120.6403434,27.8098471],[120.6402039,27.8100796],[120.6400484,27.8102457],[120.6398874,27.8102979],[120.6396675,27.8103358],[120.6393081,27.8102315],[120.6391257,27.8101935],[120.6390023,27.8102979],[120.6391257,27.8103785],[120.6393939,27.8104307],[120.6396192,27.8104782],[120.6398499,27.8105399],[120.640102,27.8104165],[120.6405258,27.8101318],[120.6407672,27.8101271],[120.6408745,27.8102457],[120.6408852,27.8104307],[120.6407404,27.810611],[120.6405097,27.8107059],[120.6402308,27.8107297],[120.6399411,27.8107297],[120.6396568,27.8107391],[120.6393135,27.810687],[120.6386858,27.8106917],[120.6380153,27.8106632],[120.6375539,27.8106205],[120.637275,27.8105019],[120.6370658,27.8104165],[120.6366259,27.8105256],[120.6359982,27.8107202],[120.6353706,27.8099041],[120.6342763,27.8076597],[120.6320876,27.8057285],[120.6308725,27.8047392]]}},{"type":"Feature","id":"way/1316853816","properties":{"highway":"track","osm_type":"way","osm_id":1316853816,"kind":"road","source_url":"https://www.openstreetmap.org/way/1316853816","osmId":"way/1316853816","source":"OpenStreetMap","name":""},"geometry":{"type":"LineString","coordinates":[[120.6352211,27.8232728],[120.6356013,27.8231983],[120.6358427,27.8229705],[120.6359017,27.8226811],[120.6360412,27.8225768],[120.6363147,27.8225198],[120.6364864,27.8223585],[120.636524,27.8221023],[120.6365079,27.8218082],[120.6366956,27.8214856],[120.6368405,27.8212768],[120.636996,27.8211772],[120.6373125,27.821106],[120.6374413,27.8210918],[120.637688,27.8210111],[120.6377041,27.8207455],[120.6376612,27.820513],[120.6374305,27.8201951],[120.6374037,27.8200385],[120.6374681,27.8198867],[120.63779,27.8197871],[120.6383103,27.8197871],[120.6386965,27.8197729],[120.6388897,27.8196542],[120.639115,27.8195831],[120.6393564,27.819678],[120.6395709,27.8199247],[120.63963,27.8201334],[120.6397104,27.820271],[120.6398553,27.8203469],[120.6399733,27.8204845],[120.640102,27.8206174],[120.6402415,27.8206695],[120.64044,27.820679],[120.640735,27.8204608],[120.6408262,27.8202331],[120.6409496,27.820048],[120.6413144,27.8200148],[120.6414217,27.8199484],[120.6414914,27.8198488],[120.6414592,27.8196969],[120.6411964,27.8194502],[120.6409013,27.8189568],[120.6407404,27.8186864],[120.6407565,27.8184112],[120.6407565,27.8182546],[120.6406438,27.8180032],[120.6405419,27.8177944],[120.6406653,27.817524],[120.6410783,27.8174244],[120.6413895,27.8173579],[120.6416416,27.8174149],[120.6418294,27.8176616],[120.6420493,27.8178276],[120.6422532,27.8179035],[120.6424463,27.8178703],[120.6426233,27.817766],[120.6426609,27.817486],[120.6427145,27.8174196],[120.6429291,27.8174006],[120.6432027,27.817524],[120.643605,27.8175335],[120.6441897,27.8177233],[120.6443238,27.8177944],[120.6444204,27.8177138],[120.6443131,27.8171634]]}},{"type":"Feature","id":"way/1316853818","properties":{"highway":"unclassified","osm_type":"way","osm_id":1316853818,"kind":"road","source_url":"https://www.openstreetmap.org/way/1316853818","osmId":"way/1316853818","source":"OpenStreetMap","name":""},"geometry":{"type":"LineString","coordinates":[[120.6285483,27.8164566],[120.6283539,27.81639],[120.628311,27.8162667],[120.628429,27.8160579],[120.6286114,27.8155265],[120.6286651,27.8153557],[120.6286275,27.8152561],[120.6282198,27.815166],[120.6278282,27.8150758],[120.6271523,27.8148623],[120.6266856,27.8148101],[120.6264013,27.8147294],[120.6261277,27.8144637],[120.6258649,27.8143878],[120.6256986,27.8141886],[120.6256342,27.8139893],[120.625543,27.8138944],[120.6254357,27.8139845],[120.6254303,27.8141316],[120.6255591,27.8143404],[120.625779,27.8144827],[120.6259882,27.8146346],[120.6261438,27.8147579],[120.6262243,27.8148908],[120.626176,27.8149857],[120.6259614,27.8149287],[120.6257361,27.8147105],[120.6254947,27.8145159],[120.6253338,27.8143499],[120.6249475,27.8141553],[120.6245989,27.8141364],[120.6243789,27.8142028],[120.6241697,27.8144258],[120.6240785,27.8148243],[120.6239337,27.8149857],[120.6237137,27.8150331],[120.6234509,27.8149619],[120.6233436,27.8148291],[120.623306,27.8146725],[120.6233758,27.8145302],[120.6235421,27.8143878],[120.6235635,27.8143167],[120.6235421,27.8142313],[120.6234187,27.8141364],[120.6232899,27.8140842],[120.6231129,27.8140083],[120.6229305,27.8139086],[120.6227857,27.8138422],[120.6226569,27.8138564],[120.6226033,27.8139371],[120.6227106,27.8140605],[120.6228822,27.8141791],[120.6229573,27.8143072],[120.6229681,27.8144068],[120.6229037,27.8144875],[120.6227428,27.8144685],[120.6225926,27.8144021],[120.6222922,27.8143878],[120.6215197,27.8144495],[120.62123,27.8145159],[120.6209081,27.814478],[120.6205809,27.8145254],[120.6203717,27.8146583],[120.6201035,27.8147769],[120.6198943,27.8148338],[120.6196958,27.8148528],[120.6194812,27.8147816],[120.6193256,27.8145966],[120.6192505,27.8144068],[120.6191808,27.8142787],[120.6190681,27.814217],[120.6188697,27.8142455],[120.618462,27.8142929],[120.6182688,27.8142835],[120.6180167,27.8141553],[120.6178504,27.8140865]]}},{"type":"Feature","id":"way/1316853821","properties":{"highway":"service","osm_type":"way","osm_id":1316853821,"kind":"road","source_url":"https://www.openstreetmap.org/way/1316853821","osmId":"way/1316853821","source":"OpenStreetMap","name":""},"geometry":{"type":"LineString","coordinates":[[120.6607067,27.8005379],[120.6609535,27.8004899],[120.661152,27.800618],[120.6613398,27.8006797],[120.6615812,27.8006275],[120.661844,27.8004045],[120.6618977,27.8002764],[120.6619137,27.800115],[120.6619942,27.8000723],[120.6620908,27.800172],[120.6621015,27.8004709],[120.662064,27.8005563],[120.6617206,27.8008695],[120.6617582,27.8009312],[120.6619137,27.8008743],[120.662241,27.8006892],[120.6623483,27.8004235],[120.6624287,27.800357],[120.6625307,27.8005374],[120.6626862,27.8006085],[120.6628847,27.8007224],[120.6629169,27.8008458],[120.6628418,27.8010309],[120.6626111,27.8011448],[120.6623429,27.8011732],[120.6619459,27.8012017],[120.661785,27.8012824],[120.6617475,27.8013773],[120.661844,27.8014057],[120.6619888,27.8013251],[120.6622034,27.8013061],[120.6624287,27.8013108],[120.6625736,27.8013488],[120.6625736,27.8014247],[120.6624234,27.8014579],[120.6621605,27.8014959],[120.6619352,27.8015671],[120.6619137,27.8016383],[120.6620532,27.801643],[120.6624126,27.8016288],[120.6627452,27.8017616],[120.6630617,27.8018803],[120.663287,27.8020558],[120.6631744,27.8025398],[120.6631422,27.8028198],[120.6632709,27.8031093],[120.6635338,27.8034319],[120.663625,27.8035268],[120.6637484,27.8035743],[120.6640273,27.8035743],[120.6645155,27.8035648]]}},{"type":"Feature","id":"way/1316853822","properties":{"highway":"unclassified","osm_type":"way","osm_id":1316853822,"kind":"road","source_url":"https://www.openstreetmap.org/way/1316853822","osmId":"way/1316853822","source":"OpenStreetMap","name":""},"geometry":{"type":"LineString","coordinates":[[120.6610501,27.8023216],[120.6608838,27.8018992],[120.6607979,27.8015955],[120.6607389,27.8007794],[120.6607067,27.8005379],[120.660637,27.8000154],[120.6602454,27.800153],[120.6600862,27.799908]]}},{"type":"Feature","id":"way/1316853826","properties":{"highway":"unclassified","osm_type":"way","osm_id":1316853826,"kind":"road","source_url":"https://www.openstreetmap.org/way/1316853826","osmId":"way/1316853826","source":"OpenStreetMap","name":""},"geometry":{"type":"LineString","coordinates":[[120.6520817,27.8006538],[120.6520164,27.8009549],[120.6519467,27.8013441],[120.6519628,27.801643],[120.6520808,27.8019609],[120.6522578,27.8021839],[120.652408,27.8022789]]}},{"type":"Feature","id":"way/1316853827","properties":{"highway":"tertiary","osm_type":"way","osm_id":1316853827,"kind":"road","source_url":"https://www.openstreetmap.org/way/1316853827","osmId":"way/1316853827","source":"OpenStreetMap","name":""},"geometry":{"type":"LineString","coordinates":[[120.6519252,27.8008411],[120.6520817,27.8006538],[120.6521622,27.8004654],[120.6521907,27.8003539]]}},{"type":"Feature","id":"way/1316853828","properties":{"highway":"tertiary","name":"安阳路","osm_type":"way","osm_id":1316853828,"kind":"road","source_url":"https://www.openstreetmap.org/way/1316853828","osmId":"way/1316853828","source":"OpenStreetMap"},"geometry":{"type":"LineString","coordinates":[[120.6534272,27.7954456],[120.6535161,27.795091],[120.6535603,27.7949764],[120.65384,27.7939201],[120.6542972,27.7922391],[120.6544783,27.7916318],[120.6547308,27.790776],[120.654822,27.7898173],[120.6548059,27.7888255],[120.654602,27.7874587],[120.6540892,27.7857002]]}},{"type":"Feature","id":"way/1318379204","properties":{"highway":"unclassified","osm_type":"way","osm_id":1318379204,"kind":"road","source_url":"https://www.openstreetmap.org/way/1318379204","osmId":"way/1318379204","source":"OpenStreetMap","name":""},"geometry":{"type":"LineString","coordinates":[[120.6410093,27.7807211],[120.6409623,27.7805384]]}},{"type":"Feature","id":"way/1329891628","properties":{"highway":"primary","oneway":"yes","source":"OpenStreetMap","osm_type":"way","osm_id":1329891628,"kind":"road","source_url":"https://www.openstreetmap.org/way/1329891628","osmId":"way/1329891628","name":""},"geometry":{"type":"LineString","coordinates":[[120.6824675,27.7482813],[120.6824624,27.7482767],[120.6807428,27.7468092],[120.6801571,27.7463829]]}},{"type":"Feature","id":"way/1329891629","properties":{"bridge":"yes","highway":"primary","layer":"1","oneway":"yes","source":"OpenStreetMap","osm_type":"way","osm_id":1329891629,"kind":"road","source_url":"https://www.openstreetmap.org/way/1329891629","osmId":"way/1329891629","name":""},"geometry":{"type":"LineString","coordinates":[[120.6801571,27.7463829],[120.6799652,27.7462423]]}},{"type":"Feature","id":"way/1329891630","properties":{"highway":"primary","oneway":"yes","source":"OpenStreetMap","osm_type":"way","osm_id":1329891630,"kind":"road","source_url":"https://www.openstreetmap.org/way/1329891630","osmId":"way/1329891630","name":""},"geometry":{"type":"LineString","coordinates":[[120.6980157,27.7629162],[120.6979089,27.7628414],[120.6969956,27.7622017],[120.6934146,27.7596175],[120.6932849,27.7595083]]}},{"type":"Feature","id":"way/1329891631","properties":{"bridge":"yes","highway":"primary","layer":"1","oneway":"yes","source":"OpenStreetMap","osm_type":"way","osm_id":1329891631,"kind":"road","source_url":"https://www.openstreetmap.org/way/1329891631","osmId":"way/1329891631","name":""},"geometry":{"type":"LineString","coordinates":[[120.6932849,27.7595083],[120.6930598,27.7593189]]}},{"type":"Feature","id":"way/1329891632","properties":{"highway":"primary","oneway":"yes","source":"OpenStreetMap","osm_type":"way","osm_id":1329891632,"kind":"road","source_url":"https://www.openstreetmap.org/way/1329891632","osmId":"way/1329891632","name":""},"geometry":{"type":"LineString","coordinates":[[120.693352,27.7593662],[120.697191,27.7621568],[120.6980536,27.7627631],[120.6981615,27.762839],[120.6984014,27.7630007]]}},{"type":"Feature","id":"way/1329891633","properties":{"bridge":"yes","highway":"primary","layer":"1","oneway":"yes","source":"OpenStreetMap","osm_type":"way","osm_id":1329891633,"kind":"road","source_url":"https://www.openstreetmap.org/way/1329891633","osmId":"way/1329891633","name":""},"geometry":{"type":"LineString","coordinates":[[120.6931557,27.7592185],[120.693352,27.7593662]]}},{"type":"Feature","id":"way/1329891634","properties":{"highway":"unclassified","osm_type":"way","osm_id":1329891634,"kind":"road","source_url":"https://www.openstreetmap.org/way/1329891634","osmId":"way/1329891634","source":"OpenStreetMap","name":""},"geometry":{"type":"LineString","coordinates":[[120.6955809,27.7471529],[120.6941874,27.7455464]]}},{"type":"Feature","id":"way/1329891635","properties":{"bridge":"yes","highway":"unclassified","layer":"1","osm_type":"way","osm_id":1329891635,"kind":"road","source_url":"https://www.openstreetmap.org/way/1329891635","osmId":"way/1329891635","source":"OpenStreetMap","name":""},"geometry":{"type":"LineString","coordinates":[[120.6958181,27.7474236],[120.6955809,27.7471529]]}},{"type":"Feature","id":"way/1329891636","properties":{"highway":"primary","name":"进港公路","oneway":"yes","osm_type":"way","osm_id":1329891636,"kind":"road","source_url":"https://www.openstreetmap.org/way/1329891636","osmId":"way/1329891636","source":"OpenStreetMap"},"geometry":{"type":"LineString","coordinates":[[120.6928968,27.7466923],[120.690448,27.7490207],[120.6894287,27.7500604],[120.6882324,27.7513089],[120.6870845,27.7525148],[120.6867189,27.7528777]]}},{"type":"Feature","id":"way/1329891637","properties":{"bridge":"yes","highway":"primary","layer":"1","name":"进港公路","oneway":"yes","osm_type":"way","osm_id":1329891637,"kind":"road","source_url":"https://www.openstreetmap.org/way/1329891637","osmId":"way/1329891637","source":"OpenStreetMap"},"geometry":{"type":"LineString","coordinates":[[120.6932614,27.746373],[120.6928968,27.7466923]]}},{"type":"Feature","id":"way/1329891638","properties":{"highway":"primary","name":"进港公路","oneway":"yes","osm_type":"way","osm_id":1329891638,"kind":"road","source_url":"https://www.openstreetmap.org/way/1329891638","osmId":"way/1329891638","source":"OpenStreetMap"},"geometry":{"type":"LineString","coordinates":[[120.6865868,27.7526755],[120.689502,27.7496082],[120.6911274,27.7480178],[120.6927349,27.7465998]]}},{"type":"Feature","id":"way/1329891639","properties":{"bridge":"yes","highway":"primary","layer":"1","name":"进港公路","oneway":"yes","osm_type":"way","osm_id":1329891639,"kind":"road","source_url":"https://www.openstreetmap.org/way/1329891639","osmId":"way/1329891639","source":"OpenStreetMap"},"geometry":{"type":"LineString","coordinates":[[120.6927349,27.7465998],[120.6931419,27.7462345]]}},{"type":"Feature","id":"way/1329891640","properties":{"highway":"primary","name":"进港公路","oneway":"yes","osm_type":"way","osm_id":1329891640,"kind":"road","source_url":"https://www.openstreetmap.org/way/1329891640","osmId":"way/1329891640","source":"OpenStreetMap"},"geometry":{"type":"LineString","coordinates":[[120.6931419,27.7462345],[120.6935897,27.7457627],[120.6951722,27.7443241],[120.6973984,27.7422921],[120.6995616,27.7403826]]}},{"type":"Feature","id":"way/1329891641","properties":{"bridge":"yes","highway":"primary","layer":"1","name":"进港公路","oneway":"yes","osm_type":"way","osm_id":1329891641,"kind":"road","source_url":"https://www.openstreetmap.org/way/1329891641","osmId":"way/1329891641","source":"OpenStreetMap"},"geometry":{"type":"LineString","coordinates":[[120.6995616,27.7403826],[120.6996689,27.7402812]]}},{"type":"Feature","id":"way/1329891642","properties":{"highway":"primary","name":"进港公路","oneway":"yes","osm_type":"way","osm_id":1329891642,"kind":"road","source_url":"https://www.openstreetmap.org/way/1329891642","osmId":"way/1329891642","source":"OpenStreetMap"},"geometry":{"type":"LineString","coordinates":[[120.6996689,27.7402812],[120.7002469,27.7397235],[120.7014606,27.7386361]]}},{"type":"Feature","id":"way/1329891654","properties":{"highway":"unclassified","osm_type":"way","osm_id":1329891654,"kind":"road","source_url":"https://www.openstreetmap.org/way/1329891654","osmId":"way/1329891654","source":"OpenStreetMap","name":""},"geometry":{"type":"LineString","coordinates":[[120.6986117,27.752823],[120.6991321,27.7522201],[120.6994486,27.7518593],[120.6980189,27.7501438],[120.6958181,27.7474236]]}},{"type":"Feature","id":"way/1329891655","properties":{"bridge":"yes","highway":"unclassified","layer":"1","osm_type":"way","osm_id":1329891655,"kind":"road","source_url":"https://www.openstreetmap.org/way/1329891655","osmId":"way/1329891655","source":"OpenStreetMap","name":""},"geometry":{"type":"LineString","coordinates":[[120.6982505,27.7531447],[120.6986117,27.752823]]}},{"type":"Feature","id":"way/1329891656","properties":{"highway":"primary","name":"望东东路","oneway":"yes","osm_type":"way","osm_id":1329891656,"kind":"road","source_url":"https://www.openstreetmap.org/way/1329891656","osmId":"way/1329891656","source":"OpenStreetMap"},"geometry":{"type":"LineString","coordinates":[[120.6846243,27.7544291],[120.6858737,27.7533047],[120.6864822,27.7527807],[120.6865868,27.7526755]]}},{"type":"Feature","id":"way/1329891657","properties":{"bridge":"yes","highway":"primary","layer":"1","name":"望东东路","oneway":"yes","osm_type":"way","osm_id":1329891657,"kind":"road","source_url":"https://www.openstreetmap.org/way/1329891657","osmId":"way/1329891657","source":"OpenStreetMap"},"geometry":{"type":"LineString","coordinates":[[120.6844694,27.7545698],[120.6846243,27.7544291]]}},{"type":"Feature","id":"way/1329891658","properties":{"highway":"primary","name":"望东东路","oneway":"yes","osm_type":"way","osm_id":1329891658,"kind":"road","source_url":"https://www.openstreetmap.org/way/1329891658","osmId":"way/1329891658","source":"OpenStreetMap"},"geometry":{"type":"LineString","coordinates":[[120.6867189,27.7528777],[120.6866222,27.7529508],[120.686364,27.7532041],[120.6847462,27.7544978]]}},{"type":"Feature","id":"way/1329891659","properties":{"bridge":"yes","highway":"primary","layer":"1","name":"望东东路","oneway":"yes","osm_type":"way","osm_id":1329891659,"kind":"road","source_url":"https://www.openstreetmap.org/way/1329891659","osmId":"way/1329891659","source":"OpenStreetMap"},"geometry":{"type":"LineString","coordinates":[[120.6847462,27.7544978],[120.684566,27.754659]]}},{"type":"Feature","id":"way/1329891660","properties":{"highway":"primary","oneway":"yes","source":"OpenStreetMap","osm_type":"way","osm_id":1329891660,"kind":"road","source_url":"https://www.openstreetmap.org/way/1329891660","osmId":"way/1329891660","name":""},"geometry":{"type":"LineString","coordinates":[[120.6799652,27.7462423],[120.6788702,27.7454775]]}},{"type":"Feature","id":"way/1329891661","properties":{"bridge":"yes","highway":"primary","layer":"1","oneway":"yes","source":"OpenStreetMap","osm_type":"way","osm_id":1329891661,"kind":"road","source_url":"https://www.openstreetmap.org/way/1329891661","osmId":"way/1329891661","name":""},"geometry":{"type":"LineString","coordinates":[[120.6788702,27.7454775],[120.6787511,27.7453938]]}},{"type":"Feature","id":"way/1329891662","properties":{"highway":"primary","oneway":"yes","source":"OpenStreetMap","osm_type":"way","osm_id":1329891662,"kind":"road","source_url":"https://www.openstreetmap.org/way/1329891662","osmId":"way/1329891662","name":""},"geometry":{"type":"LineString","coordinates":[[120.678965,27.7453646],[120.6800467,27.7461372]]}},{"type":"Feature","id":"way/1329891663","properties":{"bridge":"yes","highway":"primary","layer":"1","oneway":"yes","source":"OpenStreetMap","osm_type":"way","osm_id":1329891663,"kind":"road","source_url":"https://www.openstreetmap.org/way/1329891663","osmId":"way/1329891663","name":""},"geometry":{"type":"LineString","coordinates":[[120.6788375,27.7452863],[120.678965,27.7453646]]}},{"type":"Feature","id":"way/1329891668","properties":{"waterway":"canal","osm_type":"way","osm_id":1329891668,"kind":"water","source_url":"https://www.openstreetmap.org/way/1329891668","osmId":"way/1329891668","source":"OpenStreetMap","name":""},"geometry":{"type":"LineString","coordinates":[[120.6758314,27.7430781],[120.6762663,27.7426514],[120.6766981,27.7422383]]}},{"type":"Feature","id":"way/1329891669","properties":{"layer":"-1","tunnel":"culvert","waterway":"canal","osm_type":"way","osm_id":1329891669,"kind":"water","source_url":"https://www.openstreetmap.org/way/1329891669","osmId":"way/1329891669","source":"OpenStreetMap","name":""},"geometry":{"type":"LineString","coordinates":[[120.6755676,27.7433429],[120.6758314,27.7430781]]}},{"type":"Feature","id":"way/1329891670","properties":{"highway":"primary","oneway":"yes","source":"OpenStreetMap","osm_type":"way","osm_id":1329891670,"kind":"road","source_url":"https://www.openstreetmap.org/way/1329891670","osmId":"way/1329891670","name":""},"geometry":{"type":"LineString","coordinates":[[120.6739171,27.7419411],[120.673745,27.741796],[120.6733957,27.7414754]]}},{"type":"Feature","id":"way/1329891671","properties":{"bridge":"yes","highway":"primary","layer":"1","oneway":"yes","source":"OpenStreetMap","osm_type":"way","osm_id":1329891671,"kind":"road","source_url":"https://www.openstreetmap.org/way/1329891671","osmId":"way/1329891671","name":""},"geometry":{"type":"LineString","coordinates":[[120.6741378,27.7421271],[120.6739171,27.7419411]]}},{"type":"Feature","id":"way/1329891672","properties":{"highway":"primary","oneway":"yes","source":"OpenStreetMap","osm_type":"way","osm_id":1329891672,"kind":"road","source_url":"https://www.openstreetmap.org/way/1329891672","osmId":"way/1329891672","name":""},"geometry":{"type":"LineString","coordinates":[[120.6735039,27.7413888],[120.6738277,27.7416594],[120.6740751,27.7418585]]}},{"type":"Feature","id":"way/1329891673","properties":{"bridge":"yes","highway":"primary","layer":"1","oneway":"yes","source":"OpenStreetMap","osm_type":"way","osm_id":1329891673,"kind":"road","source_url":"https://www.openstreetmap.org/way/1329891673","osmId":"way/1329891673","name":""},"geometry":{"type":"LineString","coordinates":[[120.6740751,27.7418585],[120.674302,27.742041]]}},{"type":"Feature","id":"way/1329891698","properties":{"highway":"secondary","name":"开发区大道","oneway":"yes","osm_type":"way","osm_id":1329891698,"kind":"road","source_url":"https://www.openstreetmap.org/way/1329891698","osmId":"way/1329891698","source":"OpenStreetMap"},"geometry":{"type":"LineString","coordinates":[[120.6719591,27.7382027],[120.6700312,27.7395387],[120.6699373,27.7395894],[120.6675964,27.7411772],[120.6675652,27.7411984],[120.667494,27.7412467],[120.6628238,27.7444144],[120.6626832,27.744528],[120.6609217,27.7459549],[120.6587752,27.7476811],[120.6586116,27.7478626]]}},{"type":"Feature","id":"way/1329891700","properties":{"highway":"secondary","name":"开发区大道","oneway":"yes","osm_type":"way","osm_id":1329891700,"kind":"road","source_url":"https://www.openstreetmap.org/way/1329891700","osmId":"way/1329891700","source":"OpenStreetMap"},"geometry":{"type":"LineString","coordinates":[[120.6586116,27.7478626],[120.6586111,27.7474889],[120.6607325,27.7457567],[120.6624375,27.7443475],[120.6625728,27.7442356],[120.663866,27.7433631],[120.6665919,27.7415218],[120.6668032,27.7413799],[120.6672927,27.741051],[120.6673975,27.7409803],[120.6697042,27.7394239],[120.669826,27.7393539],[120.6718544,27.738019]]}},{"type":"Feature","id":"way/1329891706","properties":{"highway":"unclassified","osm_type":"way","osm_id":1329891706,"kind":"road","source_url":"https://www.openstreetmap.org/way/1329891706","osmId":"way/1329891706","source":"OpenStreetMap","name":""},"geometry":{"type":"LineString","coordinates":[[120.6967145,27.7513291],[120.6941861,27.7535636],[120.6909943,27.756355],[120.6903913,27.7569264],[120.6903045,27.7569998]]}},{"type":"Feature","id":"way/1329891707","properties":{"bridge":"yes","highway":"unclassified","layer":"1","osm_type":"way","osm_id":1329891707,"kind":"road","source_url":"https://www.openstreetmap.org/way/1329891707","osmId":"way/1329891707","source":"OpenStreetMap","name":""},"geometry":{"type":"LineString","coordinates":[[120.6970989,27.7509819],[120.6967145,27.7513291]]}},{"type":"Feature","id":"way/1329891708","properties":{"highway":"unclassified","osm_type":"way","osm_id":1329891708,"kind":"road","source_url":"https://www.openstreetmap.org/way/1329891708","osmId":"way/1329891708","source":"OpenStreetMap","name":""},"geometry":{"type":"LineString","coordinates":[[120.7062688,27.7427725],[120.705167,27.7437837],[120.7012403,27.7472448],[120.6980189,27.7501438],[120.6970989,27.7509819]]}},{"type":"Feature","id":"way/1329891716","properties":{"waterway":"canal","osm_type":"way","osm_id":1329891716,"kind":"water","source_url":"https://www.openstreetmap.org/way/1329891716","osmId":"way/1329891716","source":"OpenStreetMap","name":""},"geometry":{"type":"LineString","coordinates":[[120.700728,27.7610996],[120.699141,27.7622706],[120.6984761,27.7627455]]}},{"type":"Feature","id":"way/1329891717","properties":{"layer":"-1","tunnel":"culvert","waterway":"canal","osm_type":"way","osm_id":1329891717,"kind":"water","source_url":"https://www.openstreetmap.org/way/1329891717","osmId":"way/1329891717","source":"OpenStreetMap","name":""},"geometry":{"type":"LineString","coordinates":[[120.6984761,27.7627455],[120.6978526,27.7631898]]}},{"type":"Feature","id":"way/1329891730","properties":{"highway":"primary","name":"万松东路","oneway":"yes","osm_type":"way","osm_id":1329891730,"kind":"road","source_url":"https://www.openstreetmap.org/way/1329891730","osmId":"way/1329891730","source":"OpenStreetMap"},"geometry":{"type":"LineString","coordinates":[[120.703447,27.7594012],[120.7008206,27.7612673],[120.6984014,27.7630007]]}},{"type":"Feature","id":"way/1329891732","properties":{"highway":"primary","name":"万松东路","oneway":"yes","osm_type":"way","osm_id":1329891732,"kind":"road","source_url":"https://www.openstreetmap.org/way/1329891732","osmId":"way/1329891732","source":"OpenStreetMap"},"geometry":{"type":"LineString","coordinates":[[120.6980157,27.7629162],[120.6981615,27.762839],[120.7006157,27.7610564]]}},{"type":"Feature","id":"way/1329891745","properties":{"highway":"tertiary","oneway":"yes","osm_type":"way","osm_id":1329891745,"kind":"road","source_url":"https://www.openstreetmap.org/way/1329891745","osmId":"way/1329891745","source":"OpenStreetMap","name":""},"geometry":{"type":"LineString","coordinates":[[120.7035608,27.7595134],[120.703314,27.7596974],[120.7020066,27.7605713],[120.7010268,27.7612801],[120.7009056,27.761371],[120.6999012,27.7621162],[120.699248,27.7625325],[120.6985171,27.7630763],[120.6983531,27.7631665]]}},{"type":"Feature","id":"way/1329891749","properties":{"highway":"tertiary","oneway":"yes","osm_type":"way","osm_id":1329891749,"kind":"road","source_url":"https://www.openstreetmap.org/way/1329891749","osmId":"way/1329891749","source":"OpenStreetMap","name":""},"geometry":{"type":"LineString","coordinates":[[120.6979089,27.7628414],[120.6980536,27.7627631],[120.6988002,27.7621817],[120.7005214,27.7609522]]}},{"type":"Feature","id":"way/1329891807","properties":{"highway":"tertiary","osm_type":"way","osm_id":1329891807,"kind":"road","source_url":"https://www.openstreetmap.org/way/1329891807","osmId":"way/1329891807","source":"OpenStreetMap","name":""},"geometry":{"type":"LineString","coordinates":[[120.6902942,27.7644913],[120.6926233,27.7666411],[120.6926745,27.7666903]]}},{"type":"Feature","id":"way/1329891808","properties":{"bridge":"yes","highway":"tertiary","layer":"1","osm_type":"way","osm_id":1329891808,"kind":"road","source_url":"https://www.openstreetmap.org/way/1329891808","osmId":"way/1329891808","source":"OpenStreetMap","name":""},"geometry":{"type":"LineString","coordinates":[[120.6926745,27.7666903],[120.6928077,27.7668188]]}},{"type":"Feature","id":"way/1469320443","properties":{"highway":"secondary","oneway":"yes","osm_type":"way","osm_id":1469320443,"kind":"road","source_url":"https://www.openstreetmap.org/way/1469320443","osmId":"way/1469320443","source":"OpenStreetMap","name":""},"geometry":{"type":"LineString","coordinates":[[120.6894148,27.7707257],[120.688642,27.7700093],[120.6884562,27.769818],[120.6882382,27.7696006],[120.6860989,27.7674415],[120.6851147,27.7664657]]}},{"type":"Feature","id":"way/1469320444","properties":{"highway":"secondary","oneway":"yes","osm_type":"way","osm_id":1469320444,"kind":"road","source_url":"https://www.openstreetmap.org/way/1469320444","osmId":"way/1469320444","source":"OpenStreetMap","name":""},"geometry":{"type":"LineString","coordinates":[[120.6807143,27.7619235],[120.6817862,27.7629842],[120.6824201,27.7635878],[120.6843775,27.765484],[120.6850781,27.766178]]}},{"type":"Feature","id":"way/1469320748","properties":{"highway":"secondary","oneway":"yes","osm_type":"way","osm_id":1469320748,"kind":"road","source_url":"https://www.openstreetmap.org/way/1469320748","osmId":"way/1469320748","source":"OpenStreetMap","name":""},"geometry":{"type":"LineString","coordinates":[[120.6586234,27.766703],[120.6587266,27.7666727],[120.6613559,27.7657967],[120.6635338,27.7650823],[120.6634802,27.7649185],[120.6619032,27.7626743],[120.6617387,27.7624508]]}},{"type":"Feature","id":"way/1469320749","properties":{"highway":"secondary","oneway":"yes","osm_type":"way","osm_id":1469320749,"kind":"road","source_url":"https://www.openstreetmap.org/way/1469320749","osmId":"way/1469320749","source":"OpenStreetMap","name":""},"geometry":{"type":"LineString","coordinates":[[120.6618472,27.762394],[120.6620265,27.7626084],[120.6635338,27.7648449],[120.6636679,27.7650538],[120.6636465,27.765144],[120.6633675,27.7652437],[120.6619942,27.7656827],[120.6587897,27.7667849],[120.6586888,27.7668234]]}},{"type":"Feature","id":"way/1476311720","properties":{"construction":"secondary","highway":"construction","oneway":"yes","osm_type":"way","osm_id":1476311720,"kind":"road","source_url":"https://www.openstreetmap.org/way/1476311720","osmId":"way/1476311720","source":"OpenStreetMap","name":""},"geometry":{"type":"LineString","coordinates":[[120.70254,27.8201844],[120.7023963,27.8199674],[120.6991696,27.8151992],[120.6981399,27.8136565]]}},{"type":"Feature","id":"way/1476311721","properties":{"construction":"secondary","highway":"construction","oneway":"yes","osm_type":"way","osm_id":1476311721,"kind":"road","source_url":"https://www.openstreetmap.org/way/1476311721","osmId":"way/1476311721","source":"OpenStreetMap","name":""},"geometry":{"type":"LineString","coordinates":[[120.6984239,27.8135116],[120.701133,27.8176046],[120.7027822,27.8201265]]}},{"type":"Feature","id":"way/1476311733","properties":{"highway":"tertiary","osm_type":"way","osm_id":1476311733,"kind":"road","source_url":"https://www.openstreetmap.org/way/1476311733","osmId":"way/1476311733","source":"OpenStreetMap","name":""},"geometry":{"type":"LineString","coordinates":[[120.7039472,27.8072601],[120.7009516,27.808861],[120.699557,27.8096315],[120.6968277,27.811166],[120.6966373,27.8112731]]}},{"type":"Feature","id":"way/1483322840","properties":{"addr:city":"温州市","addr:district":"瑞安市","addr:province":"浙江省","addr:street":"万松路","leisure":"park","name":"玉海广场","osm_type":"way","osm_id":1483322840,"kind":"park","source_url":"https://www.openstreetmap.org/way/1483322840","osmId":"way/1483322840","source":"OpenStreetMap"},"geometry":{"type":"Polygon","coordinates":[[[120.6308951,27.7853038],[120.6304912,27.7842083],[120.6310197,27.7839712],[120.6312198,27.7844789],[120.6316652,27.7844221],[120.6318351,27.7851201],[120.6308951,27.7853038]]]}},{"type":"Feature","id":"way/1489839010","properties":{"highway":"primary","oneway":"yes","osm_type":"way","osm_id":1489839010,"kind":"road","source_url":"https://www.openstreetmap.org/way/1489839010","osmId":"way/1489839010","source":"OpenStreetMap","name":""},"geometry":{"type":"LineString","coordinates":[[120.6537814,27.7599092],[120.6534426,27.7594562],[120.652883,27.7587425],[120.6527662,27.7586127],[120.6519853,27.7577441],[120.6516044,27.7573295],[120.6490345,27.7546456]]}},{"type":"Feature","id":"way/1489839011","properties":{"bridge":"yes","highway":"primary","layer":"1","name":"永宁大桥","oneway":"yes","osm_type":"way","osm_id":1489839011,"kind":"road","source_url":"https://www.openstreetmap.org/way/1489839011","osmId":"way/1489839011","source":"OpenStreetMap"},"geometry":{"type":"LineString","coordinates":[[120.6490345,27.7546456],[120.6466901,27.7522465],[120.645522,27.7510565],[120.6448604,27.7503639],[120.6445126,27.7500057],[120.6440906,27.749584],[120.6434343,27.7489684],[120.6358964,27.7423075],[120.6349094,27.7414584],[120.6340377,27.7407019],[120.6333492,27.7401124],[120.6326483,27.7395141],[120.6324468,27.739347],[120.6320493,27.7390172],[120.6315548,27.738593],[120.630309,27.7375439],[120.6293633,27.7367633],[120.6276594,27.7353769],[120.6268154,27.7346955]]}},{"type":"Feature","id":"way/1489839012","properties":{"highway":"primary","oneway":"yes","osm_type":"way","osm_id":1489839012,"kind":"road","source_url":"https://www.openstreetmap.org/way/1489839012","osmId":"way/1489839012","source":"OpenStreetMap","name":""},"geometry":{"type":"LineString","coordinates":[[120.6491531,27.7545522],[120.6528543,27.7585623],[120.6538662,27.7598665]]}},{"type":"Feature","id":"way/1489839013","properties":{"highway":"primary","oneway":"yes","osm_type":"way","osm_id":1489839013,"kind":"road","source_url":"https://www.openstreetmap.org/way/1489839013","osmId":"way/1489839013","source":"OpenStreetMap","name":""},"geometry":{"type":"LineString","coordinates":[[120.6540337,27.7600824],[120.6543,27.7604256],[120.6547068,27.7609621],[120.6549154,27.7610828]]}},{"type":"Feature","id":"way/1489839014","properties":{"bridge":"yes","highway":"primary","layer":"1","oneway":"yes","osm_type":"way","osm_id":1489839014,"kind":"road","source_url":"https://www.openstreetmap.org/way/1489839014","osmId":"way/1489839014","source":"OpenStreetMap","name":""},"geometry":{"type":"LineString","coordinates":[[120.6538662,27.7598665],[120.6540337,27.7600824]]}},{"type":"Feature","id":"way/1489839015","properties":{"highway":"primary","oneway":"yes","osm_type":"way","osm_id":1489839015,"kind":"road","source_url":"https://www.openstreetmap.org/way/1489839015","osmId":"way/1489839015","source":"OpenStreetMap","name":""},"geometry":{"type":"LineString","coordinates":[[120.6547118,27.7612213],[120.6546139,27.7610448],[120.6542098,27.7604752],[120.653929,27.7601065]]}},{"type":"Feature","id":"way/1489839016","properties":{"bridge":"yes","highway":"primary","layer":"1","oneway":"yes","osm_type":"way","osm_id":1489839016,"kind":"road","source_url":"https://www.openstreetmap.org/way/1489839016","osmId":"way/1489839016","source":"OpenStreetMap","name":""},"geometry":{"type":"LineString","coordinates":[[120.653929,27.7601065],[120.6537814,27.7599092]]}},{"type":"Feature","id":"way/1489839017","properties":{"bridge":"yes","highway":"primary","layer":"1","name":"永宁大桥","oneway":"yes","osm_type":"way","osm_id":1489839017,"kind":"road","source_url":"https://www.openstreetmap.org/way/1489839017","osmId":"way/1489839017","source":"OpenStreetMap"},"geometry":{"type":"LineString","coordinates":[[120.6267604,27.7343869],[120.6269329,27.7346041],[120.6313335,27.7382197],[120.6325229,27.7392518],[120.6328928,27.7395729],[120.6355643,27.7418542],[120.6435501,27.7489108],[120.6444612,27.7497915],[120.6454017,27.7507354],[120.6484764,27.7538006],[120.6491531,27.7545522]]}},{"type":"Feature","id":"way/1491293432","properties":{"highway":"residential","osm_type":"way","osm_id":1491293432,"kind":"road","source_url":"https://www.openstreetmap.org/way/1491293432","osmId":"way/1491293432","source":"OpenStreetMap","name":""},"geometry":{"type":"LineString","coordinates":[[120.6903045,27.7569998],[120.6897994,27.7573588],[120.6875131,27.7594008],[120.6869562,27.7598523],[120.6867615,27.7600183],[120.6865492,27.7601248],[120.6845955,27.7617627],[120.6829144,27.7632128],[120.6826914,27.7633668],[120.6824201,27.7635878],[120.6822793,27.7637025]]}},{"type":"Feature","id":"way/1491293433","properties":{"highway":"secondary","oneway":"yes","osm_type":"way","osm_id":1491293433,"kind":"road","source_url":"https://www.openstreetmap.org/way/1491293433","osmId":"way/1491293433","source":"OpenStreetMap","name":""},"geometry":{"type":"LineString","coordinates":[[120.6628238,27.7444144],[120.6631824,27.7447238],[120.6644994,27.7460341],[120.6669187,27.7483747],[120.6672353,27.7486886]]}},{"type":"Feature","id":"way/1491293434","properties":{"bridge":"yes","highway":"secondary","layer":"1","oneway":"yes","osm_type":"way","osm_id":1491293434,"kind":"road","source_url":"https://www.openstreetmap.org/way/1491293434","osmId":"way/1491293434","source":"OpenStreetMap","name":""},"geometry":{"type":"LineString","coordinates":[[120.6672353,27.7486886],[120.6674345,27.7488763]]}},{"type":"Feature","id":"way/1491293435","properties":{"highway":"secondary","oneway":"yes","osm_type":"way","osm_id":1491293435,"kind":"road","source_url":"https://www.openstreetmap.org/way/1491293435","osmId":"way/1491293435","source":"OpenStreetMap","name":""},"geometry":{"type":"LineString","coordinates":[[120.6671059,27.7488074],[120.6647408,27.7464804],[120.6628445,27.7446644],[120.6626832,27.744528]]}},{"type":"Feature","id":"way/1491293436","properties":{"bridge":"yes","highway":"secondary","layer":"1","oneway":"yes","osm_type":"way","osm_id":1491293436,"kind":"road","source_url":"https://www.openstreetmap.org/way/1491293436","osmId":"way/1491293436","source":"OpenStreetMap","name":""},"geometry":{"type":"LineString","coordinates":[[120.6673039,27.7490023],[120.6671059,27.7488074]]}},{"type":"Feature","id":"way/1491293441","properties":{"highway":"secondary","oneway":"yes","osm_type":"way","osm_id":1491293441,"kind":"road","source_url":"https://www.openstreetmap.org/way/1491293441","osmId":"way/1491293441","source":"OpenStreetMap","name":""},"geometry":{"type":"LineString","coordinates":[[120.699904,27.7806243],[120.700518,27.7812341],[120.7025167,27.7831456]]}},{"type":"Feature","id":"way/1491293442","properties":{"bridge":"yes","highway":"secondary","layer":"1","oneway":"yes","osm_type":"way","osm_id":1491293442,"kind":"road","source_url":"https://www.openstreetmap.org/way/1491293442","osmId":"way/1491293442","source":"OpenStreetMap","name":""},"geometry":{"type":"LineString","coordinates":[[120.6967551,27.7775711],[120.6970354,27.7778415]]}},{"type":"Feature","id":"way/1491293443","properties":{"highway":"secondary","oneway":"yes","osm_type":"way","osm_id":1491293443,"kind":"road","source_url":"https://www.openstreetmap.org/way/1491293443","osmId":"way/1491293443","source":"OpenStreetMap","name":""},"geometry":{"type":"LineString","coordinates":[[120.6993861,27.7804621],[120.6969809,27.7781874],[120.6968002,27.7780165]]}},{"type":"Feature","id":"way/1491293444","properties":{"bridge":"yes","highway":"secondary","layer":"1","oneway":"yes","osm_type":"way","osm_id":1491293444,"kind":"road","source_url":"https://www.openstreetmap.org/way/1491293444","osmId":"way/1491293444","source":"OpenStreetMap","name":""},"geometry":{"type":"LineString","coordinates":[[120.6968002,27.7780165],[120.6965201,27.7777515]]}},{"type":"Feature","id":"way/1491293445","properties":{"highway":"residential","osm_type":"way","osm_id":1491293445,"kind":"road","source_url":"https://www.openstreetmap.org/way/1491293445","osmId":"way/1491293445","source":"OpenStreetMap","name":""},"geometry":{"type":"LineString","coordinates":[[120.6964623,27.7781657],[120.6966625,27.7782545],[120.696751,27.7782746],[120.6968101,27.7782758],[120.6968838,27.778258],[120.6969809,27.7781874]]}},{"type":"Feature","id":"way/1491293446","properties":{"highway":"residential","osm_type":"way","osm_id":1491293446,"kind":"road","source_url":"https://www.openstreetmap.org/way/1491293446","osmId":"way/1491293446","source":"OpenStreetMap","name":""},"geometry":{"type":"LineString","coordinates":[[120.6972002,27.7780004],[120.6973277,27.7778771],[120.6973545,27.777819],[120.6973733,27.777749],[120.6973747,27.7776944],[120.6973827,27.7776588],[120.6974015,27.7775935],[120.6974117,27.7775561]]}},{"type":"Feature","id":"way/1491293447","properties":{"highway":"tertiary","osm_type":"way","osm_id":1491293447,"kind":"road","source_url":"https://www.openstreetmap.org/way/1491293447","osmId":"way/1491293447","source":"OpenStreetMap","name":""},"geometry":{"type":"LineString","coordinates":[[120.6944397,27.7874314],[120.6943226,27.7875092],[120.6939031,27.7878059]]}},{"type":"Feature","id":"way/1491293448","properties":{"bridge":"yes","highway":"tertiary","layer":"1","osm_type":"way","osm_id":1491293448,"kind":"road","source_url":"https://www.openstreetmap.org/way/1491293448","osmId":"way/1491293448","source":"OpenStreetMap","name":""},"geometry":{"type":"LineString","coordinates":[[120.6939031,27.7878059],[120.6938038,27.7878844]]}},{"type":"Feature","id":"way/1491293449","properties":{"highway":"secondary","oneway":"yes","osm_type":"way","osm_id":1491293449,"kind":"road","source_url":"https://www.openstreetmap.org/way/1491293449","osmId":"way/1491293449","source":"OpenStreetMap","name":""},"geometry":{"type":"LineString","coordinates":[[120.6944519,27.7753335],[120.6960339,27.7768692],[120.6961288,27.7769669],[120.6967551,27.7775711]]}},{"type":"Feature","id":"way/1491293450","properties":{"bridge":"yes","highway":"secondary","layer":"1","oneway":"yes","osm_type":"way","osm_id":1491293450,"kind":"road","source_url":"https://www.openstreetmap.org/way/1491293450","osmId":"way/1491293450","source":"OpenStreetMap","name":""},"geometry":{"type":"LineString","coordinates":[[120.6942382,27.775126],[120.6944519,27.7753335]]}},{"type":"Feature","id":"way/1491293451","properties":{"highway":"secondary","oneway":"yes","osm_type":"way","osm_id":1491293451,"kind":"road","source_url":"https://www.openstreetmap.org/way/1491293451","osmId":"way/1491293451","source":"OpenStreetMap","name":""},"geometry":{"type":"LineString","coordinates":[[120.6965201,27.7777515],[120.6958721,27.7771387],[120.6957753,27.7770411],[120.6941994,27.7754595]]}},{"type":"Feature","id":"way/1491293452","properties":{"bridge":"yes","highway":"secondary","layer":"1","oneway":"yes","osm_type":"way","osm_id":1491293452,"kind":"road","source_url":"https://www.openstreetmap.org/way/1491293452","osmId":"way/1491293452","source":"OpenStreetMap","name":""},"geometry":{"type":"LineString","coordinates":[[120.6941994,27.7754595],[120.694016,27.7752754]]}},{"type":"Feature","id":"way/1491293453","properties":{"highway":"secondary","oneway":"yes","osm_type":"way","osm_id":1491293453,"kind":"road","source_url":"https://www.openstreetmap.org/way/1491293453","osmId":"way/1491293453","source":"OpenStreetMap","name":""},"geometry":{"type":"LineString","coordinates":[[120.7003317,27.7813563],[120.6997058,27.7807644]]}},{"type":"Feature","id":"way/1491293454","properties":{"bridge":"yes","highway":"secondary","layer":"1","oneway":"yes","osm_type":"way","osm_id":1491293454,"kind":"road","source_url":"https://www.openstreetmap.org/way/1491293454","osmId":"way/1491293454","source":"OpenStreetMap","name":""},"geometry":{"type":"LineString","coordinates":[[120.6997058,27.7807644],[120.6993861,27.7804621]]}},{"type":"Feature","id":"way/1491293455","properties":{"highway":"secondary","oneway":"yes","osm_type":"way","osm_id":1491293455,"kind":"road","source_url":"https://www.openstreetmap.org/way/1491293455","osmId":"way/1491293455","source":"OpenStreetMap","name":""},"geometry":{"type":"LineString","coordinates":[[120.6970354,27.7778415],[120.6972002,27.7780004],[120.6996025,27.7803178]]}},{"type":"Feature","id":"way/1491293456","properties":{"bridge":"yes","highway":"secondary","layer":"1","oneway":"yes","osm_type":"way","osm_id":1491293456,"kind":"road","source_url":"https://www.openstreetmap.org/way/1491293456","osmId":"way/1491293456","source":"OpenStreetMap","name":""},"geometry":{"type":"LineString","coordinates":[[120.6996025,27.7803178],[120.699904,27.7806243]]}},{"type":"Feature","id":"way/1491293457","properties":{"highway":"primary","name":"人民路","oneway":"yes","osm_type":"way","osm_id":1491293457,"kind":"road","source_url":"https://www.openstreetmap.org/way/1491293457","osmId":"way/1491293457","source":"OpenStreetMap"},"geometry":{"type":"LineString","coordinates":[[120.6924652,27.7850843],[120.6930832,27.78584],[120.6940014,27.7869172]]}},{"type":"Feature","id":"way/1491293458","properties":{"bridge":"yes","highway":"primary","layer":"1","name":"人民路","oneway":"yes","osm_type":"way","osm_id":1491293458,"kind":"road","source_url":"https://www.openstreetmap.org/way/1491293458","osmId":"way/1491293458","source":"OpenStreetMap"},"geometry":{"type":"LineString","coordinates":[[120.6940014,27.7869172],[120.6940351,27.7869567]]}},{"type":"Feature","id":"way/1491293459","properties":{"highway":"primary","name":"人民路","oneway":"yes","osm_type":"way","osm_id":1491293459,"kind":"road","source_url":"https://www.openstreetmap.org/way/1491293459","osmId":"way/1491293459","source":"OpenStreetMap"},"geometry":{"type":"LineString","coordinates":[[120.6939013,27.7869443],[120.6929617,27.7859039],[120.6923449,27.7851507]]}},{"type":"Feature","id":"way/1491293460","properties":{"bridge":"yes","highway":"primary","layer":"1","name":"人民路","oneway":"yes","osm_type":"way","osm_id":1491293460,"kind":"road","source_url":"https://www.openstreetmap.org/way/1491293460","osmId":"way/1491293460","source":"OpenStreetMap"},"geometry":{"type":"LineString","coordinates":[[120.6939591,27.7870124],[120.6939013,27.7869443]]}},{"type":"Feature","id":"way/1491293461","properties":{"highway":"secondary","oneway":"yes","osm_type":"way","osm_id":1491293461,"kind":"road","source_url":"https://www.openstreetmap.org/way/1491293461","osmId":"way/1491293461","source":"OpenStreetMap","name":""},"geometry":{"type":"LineString","coordinates":[[120.6922056,27.7731463],[120.6928691,27.773797],[120.6942382,27.775126]]}},{"type":"Feature","id":"way/1491293462","properties":{"bridge":"yes","highway":"secondary","layer":"1","oneway":"yes","osm_type":"way","osm_id":1491293462,"kind":"road","source_url":"https://www.openstreetmap.org/way/1491293462","osmId":"way/1491293462","source":"OpenStreetMap","name":""},"geometry":{"type":"LineString","coordinates":[[120.6919359,27.7728817],[120.6922056,27.7731463]]}},{"type":"Feature","id":"way/1491293463","properties":{"highway":"secondary","oneway":"yes","osm_type":"way","osm_id":1491293463,"kind":"road","source_url":"https://www.openstreetmap.org/way/1491293463","osmId":"way/1491293463","source":"OpenStreetMap","name":""},"geometry":{"type":"LineString","coordinates":[[120.694016,27.7752754],[120.6926716,27.773926],[120.6920269,27.773279]]}},{"type":"Feature","id":"way/1491293464","properties":{"bridge":"yes","highway":"secondary","layer":"1","oneway":"yes","osm_type":"way","osm_id":1491293464,"kind":"road","source_url":"https://www.openstreetmap.org/way/1491293464","osmId":"way/1491293464","source":"OpenStreetMap","name":""},"geometry":{"type":"LineString","coordinates":[[120.6920269,27.773279],[120.6917673,27.7730185]]}},{"type":"Feature","id":"way/1491293465","properties":{"highway":"primary","name":"人民路","oneway":"yes","osm_type":"way","osm_id":1491293465,"kind":"road","source_url":"https://www.openstreetmap.org/way/1491293465","osmId":"way/1491293465","source":"OpenStreetMap"},"geometry":{"type":"LineString","coordinates":[[120.6948905,27.7881507],[120.6943226,27.7875092],[120.6939591,27.7870124]]}},{"type":"Feature","id":"way/1491293466","properties":{"bridge":"yes","highway":"primary","layer":"1","name":"人民路","oneway":"yes","osm_type":"way","osm_id":1491293466,"kind":"road","source_url":"https://www.openstreetmap.org/way/1491293466","osmId":"way/1491293466","source":"OpenStreetMap"},"geometry":{"type":"LineString","coordinates":[[120.6949997,27.7882884],[120.6948905,27.7881507]]}},{"type":"Feature","id":"way/1491293467","properties":{"highway":"primary","name":"人民路","oneway":"yes","osm_type":"way","osm_id":1491293467,"kind":"road","source_url":"https://www.openstreetmap.org/way/1491293467","osmId":"way/1491293467","source":"OpenStreetMap"},"geometry":{"type":"LineString","coordinates":[[120.6950937,27.7882049],[120.6951723,27.7882908],[120.6959521,27.7892056]]}},{"type":"Feature","id":"way/1491293468","properties":{"bridge":"yes","highway":"primary","layer":"1","name":"人民路","oneway":"yes","osm_type":"way","osm_id":1491293468,"kind":"road","source_url":"https://www.openstreetmap.org/way/1491293468","osmId":"way/1491293468","source":"OpenStreetMap"},"geometry":{"type":"LineString","coordinates":[[120.6949923,27.7881019],[120.6950937,27.7882049]]}},{"type":"Feature","id":"way/1491293469","properties":{"highway":"secondary","oneway":"yes","osm_type":"way","osm_id":1491293469,"kind":"road","source_url":"https://www.openstreetmap.org/way/1491293469","osmId":"way/1491293469","source":"OpenStreetMap","name":""},"geometry":{"type":"LineString","coordinates":[[120.6917673,27.7730185],[120.6903084,27.7715542],[120.6896473,27.7709413]]}},{"type":"Feature","id":"way/1491293470","properties":{"bridge":"yes","highway":"secondary","layer":"1","oneway":"yes","osm_type":"way","osm_id":1491293470,"kind":"road","source_url":"https://www.openstreetmap.org/way/1491293470","osmId":"way/1491293470","source":"OpenStreetMap","name":""},"geometry":{"type":"LineString","coordinates":[[120.6896473,27.7709413],[120.6894148,27.7707257]]}},{"type":"Feature","id":"way/1491293471","properties":{"highway":"secondary","oneway":"yes","osm_type":"way","osm_id":1491293471,"kind":"road","source_url":"https://www.openstreetmap.org/way/1491293471","osmId":"way/1491293471","source":"OpenStreetMap","name":""},"geometry":{"type":"LineString","coordinates":[[120.6898225,27.7708215],[120.6904653,27.7714394],[120.6919359,27.7728817]]}},{"type":"Feature","id":"way/1491293472","properties":{"bridge":"yes","highway":"secondary","layer":"1","oneway":"yes","osm_type":"way","osm_id":1491293472,"kind":"road","source_url":"https://www.openstreetmap.org/way/1491293472","osmId":"way/1491293472","source":"OpenStreetMap","name":""},"geometry":{"type":"LineString","coordinates":[[120.6896106,27.7706177],[120.6898225,27.7708215]]}},{"type":"Feature","id":"way/1491293477","properties":{"waterway":"canal","osm_type":"way","osm_id":1491293477,"kind":"water","source_url":"https://www.openstreetmap.org/way/1491293477","osmId":"way/1491293477","source":"OpenStreetMap","name":""},"geometry":{"type":"LineString","coordinates":[[120.6666532,27.749507],[120.6669885,27.7496612],[120.6675839,27.7498464],[120.6678387,27.7498889],[120.6679213,27.7498421]]}},{"type":"Feature","id":"way/1491293478","properties":{"layer":"-1","tunnel":"culvert","waterway":"canal","osm_type":"way","osm_id":1491293478,"kind":"water","source_url":"https://www.openstreetmap.org/way/1491293478","osmId":"way/1491293478","source":"OpenStreetMap","name":""},"geometry":{"type":"LineString","coordinates":[[120.6679213,27.7498421],[120.6684357,27.7495505]]}},{"type":"Feature","id":"way/1491293479","properties":{"highway":"tertiary","name":"集贤路","osm_type":"way","osm_id":1491293479,"kind":"road","source_url":"https://www.openstreetmap.org/way/1491293479","osmId":"way/1491293479","source":"OpenStreetMap"},"geometry":{"type":"LineString","coordinates":[[120.6670904,27.7519234],[120.6671991,27.7520292],[120.6682947,27.753096],[120.6684423,27.7532634]]}},{"type":"Feature","id":"way/1491293480","properties":{"highway":"residential","osm_type":"way","osm_id":1491293480,"kind":"road","source_url":"https://www.openstreetmap.org/way/1491293480","osmId":"way/1491293480","source":"OpenStreetMap","name":""},"geometry":{"type":"LineString","coordinates":[[120.6696383,27.754452],[120.6710955,27.7532934]]}},{"type":"Feature","id":"way/1491293481","properties":{"highway":"residential","osm_type":"way","osm_id":1491293481,"kind":"road","source_url":"https://www.openstreetmap.org/way/1491293481","osmId":"way/1491293481","source":"OpenStreetMap","name":""},"geometry":{"type":"LineString","coordinates":[[120.6708398,27.7555958],[120.6725555,27.7541937]]}},{"type":"Feature","id":"way/1491293482","properties":{"waterway":"canal","osm_type":"way","osm_id":1491293482,"kind":"water","source_url":"https://www.openstreetmap.org/way/1491293482","osmId":"way/1491293482","source":"OpenStreetMap","name":""},"geometry":{"type":"LineString","coordinates":[[120.6882053,27.7697861],[120.6874108,27.7703962],[120.6850129,27.7721999],[120.6845673,27.7725177]]}},{"type":"Feature","id":"way/1491293483","properties":{"layer":"-1","tunnel":"culvert","waterway":"canal","osm_type":"way","osm_id":1491293483,"kind":"water","source_url":"https://www.openstreetmap.org/way/1491293483","osmId":"way/1491293483","source":"OpenStreetMap","name":""},"geometry":{"type":"LineString","coordinates":[[120.6887051,27.7694396],[120.6882053,27.7697861]]}},{"type":"Feature","id":"way/1491298042","properties":{"highway":"secondary","oneway":"yes","osm_type":"way","osm_id":1491298042,"kind":"road","source_url":"https://www.openstreetmap.org/way/1491298042","osmId":"way/1491298042","source":"OpenStreetMap","name":""},"geometry":{"type":"LineString","coordinates":[[120.6674345,27.7488763],[120.6690033,27.7503988],[120.6690377,27.7504351],[120.6690945,27.7504915],[120.6729215,27.7542947],[120.675585,27.7568985],[120.6764909,27.7577819]]}},{"type":"Feature","id":"way/1491298043","properties":{"bridge":"yes","highway":"secondary","layer":"1","oneway":"yes","osm_type":"way","osm_id":1491298043,"kind":"road","source_url":"https://www.openstreetmap.org/way/1491298043","osmId":"way/1491298043","source":"OpenStreetMap","name":""},"geometry":{"type":"LineString","coordinates":[[120.6764909,27.7577819],[120.6768058,27.7580914]]}},{"type":"Feature","id":"way/1491298044","properties":{"highway":"secondary","oneway":"yes","osm_type":"way","osm_id":1491298044,"kind":"road","source_url":"https://www.openstreetmap.org/way/1491298044","osmId":"way/1491298044","source":"OpenStreetMap","name":""},"geometry":{"type":"LineString","coordinates":[[120.6763222,27.757895],[120.6727821,27.7544181],[120.6725555,27.7541937],[120.6701719,27.7518325],[120.6689426,27.7506147],[120.668917,27.7505894],[120.6688486,27.7505221],[120.6673039,27.7490023]]}},{"type":"Feature","id":"way/1491298045","properties":{"bridge":"yes","highway":"secondary","layer":"1","oneway":"yes","osm_type":"way","osm_id":1491298045,"kind":"road","source_url":"https://www.openstreetmap.org/way/1491298045","osmId":"way/1491298045","source":"OpenStreetMap","name":""},"geometry":{"type":"LineString","coordinates":[[120.6766415,27.7582154],[120.6763222,27.757895]]}},{"type":"Feature","id":"way/1491298046","properties":{"highway":"secondary","oneway":"yes","osm_type":"way","osm_id":1491298046,"kind":"road","source_url":"https://www.openstreetmap.org/way/1491298046","osmId":"way/1491298046","source":"OpenStreetMap","name":""},"geometry":{"type":"LineString","coordinates":[[120.6803195,27.7618073],[120.6800316,27.7615289],[120.6783841,27.7599618],[120.6782164,27.7597803],[120.6772426,27.7588068],[120.6766415,27.7582154]]}},{"type":"Feature","id":"way/1491298047","properties":{"bridge":"yes","highway":"secondary","layer":"1","oneway":"yes","osm_type":"way","osm_id":1491298047,"kind":"road","source_url":"https://www.openstreetmap.org/way/1491298047","osmId":"way/1491298047","source":"OpenStreetMap","name":""},"geometry":{"type":"LineString","coordinates":[[120.6805573,27.7620413],[120.6803195,27.7618073]]}},{"type":"Feature","id":"way/1491298048","properties":{"highway":"secondary","oneway":"yes","osm_type":"way","osm_id":1491298048,"kind":"road","source_url":"https://www.openstreetmap.org/way/1491298048","osmId":"way/1491298048","source":"OpenStreetMap","name":""},"geometry":{"type":"LineString","coordinates":[[120.6768058,27.7580914],[120.6784345,27.759591],[120.6786146,27.7597598],[120.6788063,27.7600126],[120.680169,27.7613838],[120.6804565,27.7616639]]}},{"type":"Feature","id":"way/1491298049","properties":{"bridge":"yes","highway":"secondary","layer":"1","oneway":"yes","osm_type":"way","osm_id":1491298049,"kind":"road","source_url":"https://www.openstreetmap.org/way/1491298049","osmId":"way/1491298049","source":"OpenStreetMap","name":""},"geometry":{"type":"LineString","coordinates":[[120.6804565,27.7616639],[120.6807143,27.7619235]]}},{"type":"Feature","id":"way/1491298056","properties":{"highway":"tertiary","osm_type":"way","osm_id":1491298056,"kind":"road","source_url":"https://www.openstreetmap.org/way/1491298056","osmId":"way/1491298056","source":"OpenStreetMap","name":""},"geometry":{"type":"LineString","coordinates":[[120.6928077,27.7668188],[120.6928533,27.766871],[120.6936577,27.7677533]]}},{"type":"Feature","id":"way/1491298057","properties":{"bridge":"yes","highway":"tertiary","layer":"1","osm_type":"way","osm_id":1491298057,"kind":"road","source_url":"https://www.openstreetmap.org/way/1491298057","osmId":"way/1491298057","source":"OpenStreetMap","name":""},"geometry":{"type":"LineString","coordinates":[[120.6936577,27.7677533],[120.693843,27.7679566]]}},{"type":"Feature","id":"way/1491298058","properties":{"highway":"tertiary","osm_type":"way","osm_id":1491298058,"kind":"road","source_url":"https://www.openstreetmap.org/way/1491298058","osmId":"way/1491298058","source":"OpenStreetMap","name":""},"geometry":{"type":"LineString","coordinates":[[120.6960943,27.7703569],[120.6961243,27.7703884]]}},{"type":"Feature","id":"way/1491298059","properties":{"bridge":"yes","highway":"tertiary","layer":"1","osm_type":"way","osm_id":1491298059,"kind":"road","source_url":"https://www.openstreetmap.org/way/1491298059","osmId":"way/1491298059","source":"OpenStreetMap","name":""},"geometry":{"type":"LineString","coordinates":[[120.6959147,27.7701675],[120.6960943,27.7703569]]}},{"type":"Feature","id":"way/1491298062","properties":{"highway":"secondary","oneway":"yes","osm_type":"way","osm_id":1491298062,"kind":"road","source_url":"https://www.openstreetmap.org/way/1491298062","osmId":"way/1491298062","source":"OpenStreetMap","name":""},"geometry":{"type":"LineString","coordinates":[[120.684918,27.7662707],[120.6842353,27.7655939],[120.6822793,27.7637025],[120.6805573,27.7620413]]}},{"type":"Feature","id":"way/1491298063","properties":{"bridge":"yes","highway":"secondary","layer":"1","oneway":"yes","osm_type":"way","osm_id":1491298063,"kind":"road","source_url":"https://www.openstreetmap.org/way/1491298063","osmId":"way/1491298063","source":"OpenStreetMap","name":""},"geometry":{"type":"LineString","coordinates":[[120.6851147,27.7664657],[120.684918,27.7662707]]}},{"type":"Feature","id":"way/1491298064","properties":{"highway":"secondary","oneway":"yes","osm_type":"way","osm_id":1491298064,"kind":"road","source_url":"https://www.openstreetmap.org/way/1491298064","osmId":"way/1491298064","source":"OpenStreetMap","name":""},"geometry":{"type":"LineString","coordinates":[[120.685267,27.7663695],[120.6862536,27.7673243],[120.6884563,27.769448],[120.6886655,27.7696788],[120.6889209,27.7699547],[120.6896106,27.7706177]]}},{"type":"Feature","id":"way/1491298065","properties":{"bridge":"yes","highway":"secondary","layer":"1","oneway":"yes","osm_type":"way","osm_id":1491298065,"kind":"road","source_url":"https://www.openstreetmap.org/way/1491298065","osmId":"way/1491298065","source":"OpenStreetMap","name":""},"geometry":{"type":"LineString","coordinates":[[120.6850781,27.766178],[120.685267,27.7663695]]}},{"type":"Feature","id":"way/1491298104","properties":{"highway":"residential","osm_type":"way","osm_id":1491298104,"kind":"road","source_url":"https://www.openstreetmap.org/way/1491298104","osmId":"way/1491298104","source":"OpenStreetMap","name":""},"geometry":{"type":"LineString","coordinates":[[120.6976634,27.7914087],[120.7004996,27.7895871],[120.7028058,27.7881136],[120.7028925,27.7880582],[120.7046707,27.786922],[120.7048537,27.7867997],[120.7051058,27.7865803]]}},{"type":"Feature","id":"way/1491298113","properties":{"highway":"primary","name":"人民路","oneway":"yes","osm_type":"way","osm_id":1491298113,"kind":"road","source_url":"https://www.openstreetmap.org/way/1491298113","osmId":"way/1491298113","source":"OpenStreetMap"},"geometry":{"type":"LineString","coordinates":[[120.6959521,27.7892056],[120.696031,27.7892856],[120.6968183,27.7903349],[120.6974817,27.7911701]]}},{"type":"Feature","id":"way/1491298114","properties":{"bridge":"yes","highway":"primary","layer":"1","name":"人民路","oneway":"yes","osm_type":"way","osm_id":1491298114,"kind":"road","source_url":"https://www.openstreetmap.org/way/1491298114","osmId":"way/1491298114","source":"OpenStreetMap"},"geometry":{"type":"LineString","coordinates":[[120.6990843,27.7934238],[120.6992309,27.7936421]]}},{"type":"Feature","id":"way/1491298119","properties":{"highway":"primary","name":"人民路","oneway":"yes","osm_type":"way","osm_id":1491298119,"kind":"road","source_url":"https://www.openstreetmap.org/way/1491298119","osmId":"way/1491298119","source":"OpenStreetMap"},"geometry":{"type":"LineString","coordinates":[[120.6976035,27.7913346],[120.6976634,27.7914087],[120.6984177,27.7924664],[120.6990843,27.7934238]]}},{"type":"Feature","id":"way/1491298120","properties":{"bridge":"yes","highway":"primary","layer":"1","name":"人民路","oneway":"yes","osm_type":"way","osm_id":1491298120,"kind":"road","source_url":"https://www.openstreetmap.org/way/1491298120","osmId":"way/1491298120","source":"OpenStreetMap"},"geometry":{"type":"LineString","coordinates":[[120.6974817,27.7911701],[120.6976035,27.7913346]]}},{"type":"Feature","id":"way/1491298121","properties":{"highway":"primary","name":"人民路","oneway":"yes","osm_type":"way","osm_id":1491298121,"kind":"road","source_url":"https://www.openstreetmap.org/way/1491298121","osmId":"way/1491298121","source":"OpenStreetMap"},"geometry":{"type":"LineString","coordinates":[[120.6974022,27.7912201],[120.696732,27.7903655],[120.6959195,27.7893763],[120.6958406,27.7892963]]}},{"type":"Feature","id":"way/1491298122","properties":{"bridge":"yes","highway":"primary","layer":"1","name":"人民路","oneway":"yes","osm_type":"way","osm_id":1491298122,"kind":"road","source_url":"https://www.openstreetmap.org/way/1491298122","osmId":"way/1491298122","source":"OpenStreetMap"},"geometry":{"type":"LineString","coordinates":[[120.6975257,27.791387],[120.6974022,27.7912201]]}},{"type":"Feature","id":"way/1491298137","properties":{"waterway":"canal","osm_type":"way","osm_id":1491298137,"kind":"water","source_url":"https://www.openstreetmap.org/way/1491298137","osmId":"way/1491298137","source":"OpenStreetMap","name":""},"geometry":{"type":"LineString","coordinates":[[120.6960824,27.795709],[120.6962863,27.7960103],[120.696507,27.7962661]]}},{"type":"Feature","id":"way/1491298138","properties":{"layer":"-1","tunnel":"culvert","waterway":"canal","osm_type":"way","osm_id":1491298138,"kind":"water","source_url":"https://www.openstreetmap.org/way/1491298138","osmId":"way/1491298138","source":"OpenStreetMap","name":""},"geometry":{"type":"LineString","coordinates":[[120.696507,27.7962661],[120.6966334,27.7964052]]}},{"type":"Feature","id":"way/1491298139","properties":{"highway":"primary","name":"人民路","oneway":"yes","osm_type":"way","osm_id":1491298139,"kind":"road","source_url":"https://www.openstreetmap.org/way/1491298139","osmId":"way/1491298139","source":"OpenStreetMap"},"geometry":{"type":"LineString","coordinates":[[120.7010022,27.7969162],[120.6995912,27.7943878],[120.6991436,27.7936884]]}},{"type":"Feature","id":"way/1491298142","properties":{"waterway":"canal","osm_type":"way","osm_id":1491298142,"kind":"water","source_url":"https://www.openstreetmap.org/way/1491298142","osmId":"way/1491298142","source":"OpenStreetMap","name":""},"geometry":{"type":"LineString","coordinates":[[120.6966334,27.7964052],[120.6967771,27.7965727],[120.6969219,27.7967743],[120.6968978,27.7969807],[120.6968415,27.7971326],[120.6963587,27.7974007],[120.6962299,27.7975668],[120.6961253,27.7977732],[120.6958142,27.798001],[120.6956357,27.7980891]]}},{"type":"Feature","id":"way/1491298143","properties":{"layer":"-1","tunnel":"culvert","waterway":"canal","osm_type":"way","osm_id":1491298143,"kind":"water","source_url":"https://www.openstreetmap.org/way/1491298143","osmId":"way/1491298143","source":"OpenStreetMap","name":""},"geometry":{"type":"LineString","coordinates":[[120.6956357,27.7980891],[120.6954447,27.7981867]]}},{"type":"Feature","id":"way/1491298144","properties":{"waterway":"canal","osm_type":"way","osm_id":1491298144,"kind":"water","source_url":"https://www.openstreetmap.org/way/1491298144","osmId":"way/1491298144","source":"OpenStreetMap","name":""},"geometry":{"type":"LineString","coordinates":[[120.699831,27.8081364],[120.7017526,27.8071093],[120.7036167,27.806203],[120.7038957,27.8062932],[120.7042068,27.8062932],[120.7045931,27.8061413],[120.7050222,27.8059421],[120.7054675,27.8056953],[120.706637,27.8047831]]}},{"type":"Feature","id":"way/1491298154","properties":{"waterway":"canal","osm_type":"way","osm_id":1491298154,"kind":"water","source_url":"https://www.openstreetmap.org/way/1491298154","osmId":"way/1491298154","source":"OpenStreetMap","name":""},"geometry":{"type":"LineString","coordinates":[[120.6987834,27.7986962],[120.6985903,27.7983261],[120.6984132,27.7981884],[120.6980699,27.7982549],[120.6979197,27.7984684],[120.6967781,27.7993318]]}},{"type":"Feature","id":"way/1491298155","properties":{"layer":"-1","tunnel":"culvert","waterway":"canal","osm_type":"way","osm_id":1491298155,"kind":"water","source_url":"https://www.openstreetmap.org/way/1491298155","osmId":"way/1491298155","source":"OpenStreetMap","name":""},"geometry":{"type":"LineString","coordinates":[[120.6967781,27.7993318],[120.6966853,27.7994019]]}},{"type":"Feature","id":"way/1491298156","properties":{"highway":"primary","name":"人民路","oneway":"yes","osm_type":"way","osm_id":1491298156,"kind":"road","source_url":"https://www.openstreetmap.org/way/1491298156","osmId":"way/1491298156","source":"OpenStreetMap"},"geometry":{"type":"LineString","coordinates":[[120.6990026,27.7934759],[120.6983151,27.7925226],[120.6979955,27.7920046],[120.6975257,27.791387]]}},{"type":"Feature","id":"way/1491298157","properties":{"bridge":"yes","highway":"primary","layer":"1","name":"人民路","oneway":"yes","osm_type":"way","osm_id":1491298157,"kind":"road","source_url":"https://www.openstreetmap.org/way/1491298157","osmId":"way/1491298157","source":"OpenStreetMap"},"geometry":{"type":"LineString","coordinates":[[120.6991436,27.7936884],[120.6990026,27.7934759]]}},{"type":"Feature","id":"way/1491298160","properties":{"highway":"tertiary","osm_type":"way","osm_id":1491298160,"kind":"road","source_url":"https://www.openstreetmap.org/way/1491298160","osmId":"way/1491298160","source":"OpenStreetMap","name":""},"geometry":{"type":"LineString","coordinates":[[120.6940088,27.796389],[120.6924936,27.7946246],[120.6916864,27.7934974],[120.6912465,27.7929121],[120.6911285,27.792786],[120.6901074,27.7916639],[120.6899945,27.7915555],[120.6895275,27.7910554]]}},{"type":"Feature","id":"way/1491298161","properties":{"bridge":"yes","highway":"tertiary","layer":"1","osm_type":"way","osm_id":1491298161,"kind":"road","source_url":"https://www.openstreetmap.org/way/1491298161","osmId":"way/1491298161","source":"OpenStreetMap","name":""},"geometry":{"type":"LineString","coordinates":[[120.6940789,27.7964733],[120.6940088,27.796389]]}},{"type":"Feature","id":"way/1491298162","properties":{"highway":"unclassified","osm_type":"way","osm_id":1491298162,"kind":"road","source_url":"https://www.openstreetmap.org/way/1491298162","osmId":"way/1491298162","source":"OpenStreetMap","name":""},"geometry":{"type":"LineString","coordinates":[[120.6942195,27.8026406],[120.6934305,27.801664]]}},{"type":"Feature","id":"way/1491298163","properties":{"bridge":"yes","highway":"unclassified","layer":"1","osm_type":"way","osm_id":1491298163,"kind":"road","source_url":"https://www.openstreetmap.org/way/1491298163","osmId":"way/1491298163","source":"OpenStreetMap","name":""},"geometry":{"type":"LineString","coordinates":[[120.6934305,27.801664],[120.6932969,27.8015044]]}},{"type":"Feature","id":"way/1491298167","properties":{"waterway":"canal","osm_type":"way","osm_id":1491298167,"kind":"water","source_url":"https://www.openstreetmap.org/way/1491298167","osmId":"way/1491298167","source":"OpenStreetMap","name":""},"geometry":{"type":"LineString","coordinates":[[120.6919836,27.7940118],[120.6915066,27.7943399],[120.6912464,27.7946436],[120.6912652,27.794729],[120.6921717,27.7957802],[120.6921928,27.7957865],[120.6922898,27.7958157],[120.6928477,27.7957564],[120.6929845,27.7958513]]}},{"type":"Feature","id":"way/1491298168","properties":{"layer":"-1","tunnel":"culvert","waterway":"canal","osm_type":"way","osm_id":1491298168,"kind":"water","source_url":"https://www.openstreetmap.org/way/1491298168","osmId":"way/1491298168","source":"OpenStreetMap","name":""},"geometry":{"type":"LineString","coordinates":[[120.6921386,27.7939078],[120.6919836,27.7940118]]}},{"type":"Feature","id":"way/1491298169","properties":{"highway":"tertiary","osm_type":"way","osm_id":1491298169,"kind":"road","source_url":"https://www.openstreetmap.org/way/1491298169","osmId":"way/1491298169","source":"OpenStreetMap","name":""},"geometry":{"type":"LineString","coordinates":[[120.6927711,27.7988812],[120.6924427,27.7990774],[120.6898657,27.8008541]]}},{"type":"Feature","id":"way/1491298170","properties":{"bridge":"yes","highway":"tertiary","layer":"1","osm_type":"way","osm_id":1491298170,"kind":"road","source_url":"https://www.openstreetmap.org/way/1491298170","osmId":"way/1491298170","source":"OpenStreetMap","name":""},"geometry":{"type":"LineString","coordinates":[[120.6928341,27.7988431],[120.6927711,27.7988812]]}},{"type":"Feature","id":"way/1491298171","properties":{"waterway":"canal","osm_type":"way","osm_id":1491298171,"kind":"water","source_url":"https://www.openstreetmap.org/way/1491298171","osmId":"way/1491298171","source":"OpenStreetMap","name":""},"geometry":{"type":"LineString","coordinates":[[120.686574,27.7940362],[120.6880331,27.7930966],[120.6899947,27.7916376]]}},{"type":"Feature","id":"way/1491298172","properties":{"layer":"-1","tunnel":"culvert","waterway":"canal","osm_type":"way","osm_id":1491298172,"kind":"water","source_url":"https://www.openstreetmap.org/way/1491298172","osmId":"way/1491298172","source":"OpenStreetMap","name":""},"geometry":{"type":"LineString","coordinates":[[120.6899947,27.7916376],[120.6901463,27.7915206]]}},{"type":"Feature","id":"way/1491298173","properties":{"highway":"unclassified","osm_type":"way","osm_id":1491298173,"kind":"road","source_url":"https://www.openstreetmap.org/way/1491298173","osmId":"way/1491298173","source":"OpenStreetMap","name":""},"geometry":{"type":"LineString","coordinates":[[120.6946902,27.7940203],[120.6942705,27.7935389],[120.6940535,27.7932777],[120.693835,27.792726]]}},{"type":"Feature","id":"way/1491298174","properties":{"bridge":"yes","highway":"unclassified","layer":"1","osm_type":"way","osm_id":1491298174,"kind":"road","source_url":"https://www.openstreetmap.org/way/1491298174","osmId":"way/1491298174","source":"OpenStreetMap","name":""},"geometry":{"type":"LineString","coordinates":[[120.693835,27.792726],[120.6937992,27.7926838]]}},{"type":"Feature","id":"way/1491298175","properties":{"highway":"unclassified","osm_type":"way","osm_id":1491298175,"kind":"road","source_url":"https://www.openstreetmap.org/way/1491298175","osmId":"way/1491298175","source":"OpenStreetMap","name":""},"geometry":{"type":"LineString","coordinates":[[120.6937992,27.7926838],[120.6929665,27.7915616],[120.6929114,27.7914511],[120.6920494,27.7901658],[120.6920333,27.7901159]]}},{"type":"Feature","id":"way/1491298176","properties":{"bridge":"yes","highway":"unclassified","layer":"1","osm_type":"way","osm_id":1491298176,"kind":"road","source_url":"https://www.openstreetmap.org/way/1491298176","osmId":"way/1491298176","source":"OpenStreetMap","name":""},"geometry":{"type":"LineString","coordinates":[[120.6920333,27.7901159],[120.6920082,27.7900143]]}},{"type":"Feature","id":"way/1491298177","properties":{"highway":"tertiary","osm_type":"way","osm_id":1491298177,"kind":"road","source_url":"https://www.openstreetmap.org/way/1491298177","osmId":"way/1491298177","source":"OpenStreetMap","name":""},"geometry":{"type":"LineString","coordinates":[[120.6799754,27.781652],[120.6798716,27.7817282],[120.679775,27.7818042],[120.6796892,27.7819276],[120.679539,27.7821459],[120.6793566,27.7823167],[120.6788782,27.7826492],[120.6781738,27.783088],[120.6777945,27.78337],[120.6772156,27.7838003],[120.6769641,27.7839873],[120.6767093,27.7842151],[120.6758805,27.7848321],[120.675395,27.7851367],[120.6751429,27.7853019],[120.6724258,27.7867874],[120.6721173,27.7869084],[120.6685128,27.7875904],[120.665486,27.7881631]]}},{"type":"Feature","id":"way/1491298178","properties":{"bridge":"yes","highway":"tertiary","layer":"1","osm_type":"way","osm_id":1491298178,"kind":"road","source_url":"https://www.openstreetmap.org/way/1491298178","osmId":"way/1491298178","source":"OpenStreetMap","name":""},"geometry":{"type":"LineString","coordinates":[[120.6802381,27.7815108],[120.6799754,27.781652]]}},{"type":"Feature","id":"way/1491298179","properties":{"highway":"unclassified","osm_type":"way","osm_id":1491298179,"kind":"road","source_url":"https://www.openstreetmap.org/way/1491298179","osmId":"way/1491298179","source":"OpenStreetMap","name":""},"geometry":{"type":"LineString","coordinates":[[120.6903448,27.7881371],[120.6900698,27.787903],[120.6897986,27.787683],[120.6888222,27.7864491]]}},{"type":"Feature","id":"way/1491298180","properties":{"bridge":"yes","highway":"unclassified","layer":"1","osm_type":"way","osm_id":1491298180,"kind":"road","source_url":"https://www.openstreetmap.org/way/1491298180","osmId":"way/1491298180","source":"OpenStreetMap","name":""},"geometry":{"type":"LineString","coordinates":[[120.6903684,27.7881673],[120.6903448,27.7881371]]}},{"type":"Feature","id":"way/1491298181","properties":{"waterway":"canal","osm_type":"way","osm_id":1491298181,"kind":"water","source_url":"https://www.openstreetmap.org/way/1491298181","osmId":"way/1491298181","source":"OpenStreetMap","name":""},"geometry":{"type":"LineString","coordinates":[[120.6882724,27.7897251],[120.6879666,27.7898968],[120.6878634,27.7899063],[120.6877386,27.7898992],[120.6875295,27.7899063],[120.6874222,27.789955],[120.6873337,27.790025],[120.6860858,27.7908685],[120.6855538,27.7911668]]}},{"type":"Feature","id":"way/1491298182","properties":{"layer":"-1","tunnel":"culvert","waterway":"canal","osm_type":"way","osm_id":1491298182,"kind":"water","source_url":"https://www.openstreetmap.org/way/1491298182","osmId":"way/1491298182","source":"OpenStreetMap","name":""},"geometry":{"type":"LineString","coordinates":[[120.6883643,27.789661],[120.6882724,27.7897251]]}},{"type":"Feature","id":"way/1491298183","properties":{"layer":"-1","tunnel":"culvert","waterway":"canal","osm_type":"way","osm_id":1491298183,"kind":"water","source_url":"https://www.openstreetmap.org/way/1491298183","osmId":"way/1491298183","source":"OpenStreetMap","name":""},"geometry":{"type":"LineString","coordinates":[[120.6921037,27.7852022],[120.6921337,27.7852395]]}},{"type":"Feature","id":"way/1491298184","properties":{"waterway":"canal","osm_type":"way","osm_id":1491298184,"kind":"water","source_url":"https://www.openstreetmap.org/way/1491298184","osmId":"way/1491298184","source":"OpenStreetMap","name":""},"geometry":{"type":"LineString","coordinates":[[120.6920379,27.7851209],[120.6921037,27.7852022]]}},{"type":"Feature","id":"way/1491351794","properties":{"highway":"unclassified","osm_type":"way","osm_id":1491351794,"kind":"road","source_url":"https://www.openstreetmap.org/way/1491351794","osmId":"way/1491351794","source":"OpenStreetMap","name":""},"geometry":{"type":"LineString","coordinates":[[120.6993996,27.788644],[120.6997521,27.7884158],[120.7017962,27.7871481],[120.7018427,27.7871178],[120.701917,27.7870695],[120.7026698,27.7865798],[120.7040957,27.7856468]]}},{"type":"Feature","id":"way/1491351795","properties":{"highway":"unclassified","osm_type":"way","osm_id":1491351795,"kind":"road","source_url":"https://www.openstreetmap.org/way/1491351795","osmId":"way/1491351795","source":"OpenStreetMap","name":""},"geometry":{"type":"LineString","coordinates":[[120.6968183,27.7903349],[120.6974114,27.7899704],[120.6993325,27.7886874]]}},{"type":"Feature","id":"way/1491351796","properties":{"bridge":"yes","highway":"unclassified","layer":"1","osm_type":"way","osm_id":1491351796,"kind":"road","source_url":"https://www.openstreetmap.org/way/1491351796","osmId":"way/1491351796","source":"OpenStreetMap","name":""},"geometry":{"type":"LineString","coordinates":[[120.6993325,27.7886874],[120.6993996,27.788644]]}},{"type":"Feature","id":"way/1557235041","properties":{"highway":"construction","oneway":"yes","osm_type":"way","osm_id":1557235041,"kind":"road","source_url":"https://www.openstreetmap.org/way/1557235041","osmId":"way/1557235041","source":"OpenStreetMap","name":""},"geometry":{"type":"LineString","coordinates":[[120.6702596,27.7961406],[120.6719859,27.7987111],[120.6729317,27.8000326],[120.6737103,27.8013143],[120.6743485,27.8027114],[120.6748342,27.8041244],[120.6785893,27.8174003],[120.6793731,27.8196795],[120.679849,27.8216114],[120.6799571,27.8236187],[120.679914,27.8255893],[120.6797849,27.8276344],[120.6783684,27.8400283],[120.6777675,27.8449998]]}},{"type":"Feature","id":"way/1557235042","properties":{"highway":"construction","oneway":"yes","osm_type":"way","osm_id":1557235042,"kind":"road","source_url":"https://www.openstreetmap.org/way/1557235042","osmId":"way/1557235042","source":"OpenStreetMap","name":""},"geometry":{"type":"LineString","coordinates":[[120.6774393,27.8449688],[120.6780401,27.8399981],[120.6794558,27.8276116],[120.6795841,27.8255784],[120.6796268,27.8236229],[120.6795206,27.8216497],[120.6790535,27.8197531],[120.6782711,27.8174782],[120.674516,27.8042023],[120.674037,27.8028088],[120.673411,27.8014385],[120.6726465,27.8001799],[120.6717046,27.7988638],[120.6699759,27.7962898]]}},{"type":"Feature","id":"way/1557235043","properties":{"highway":"construction","oneway":"yes","osm_type":"way","osm_id":1557235043,"kind":"road","source_url":"https://www.openstreetmap.org/way/1557235043","osmId":"way/1557235043","source":"OpenStreetMap","name":""},"geometry":{"type":"LineString","coordinates":[[120.661006,27.8292519],[120.6591027,27.8289856],[120.6584372,27.8288216],[120.6578135,27.8285506],[120.6572764,27.8282065],[120.6568758,27.8278232],[120.6566042,27.8274725],[120.6545997,27.8248157],[120.6543687,27.8243683],[120.6542311,27.8238522],[120.6542145,27.823315],[120.6543633,27.822735],[120.6545766,27.8223335],[120.6609277,27.8114359],[120.6612992,27.810699],[120.6615007,27.8098876],[120.6616499,27.8088931],[120.6616712,27.8078146],[120.6613392,27.8050483],[120.6611463,27.8037164],[120.6609219,27.8023887],[120.660484,27.8011273],[120.6602659,27.8005485],[120.65993,27.7999307]]}},{"type":"Feature","id":"way/1557235044","properties":{"highway":"construction","oneway":"yes","osm_type":"way","osm_id":1557235044,"kind":"road","source_url":"https://www.openstreetmap.org/way/1557235044","osmId":"way/1557235044","source":"OpenStreetMap","name":""},"geometry":{"type":"LineString","coordinates":[[120.6600444,27.799882],[120.6603838,27.8005062],[120.6606049,27.8010931],[120.6610461,27.8023638],[120.661272,27.803701],[120.6614653,27.8050353],[120.6617983,27.8078096],[120.6617767,27.8089015],[120.6616258,27.8099071],[120.6614204,27.8107343],[120.6610422,27.8114846],[120.6546905,27.8223831],[120.6544841,27.8227717],[120.6543419,27.823326],[120.6543576,27.8238376],[120.6544894,27.8243317],[120.6547109,27.8247609],[120.6567094,27.8274096],[120.6569754,27.827753],[120.657361,27.8281221],[120.6578792,27.8284541],[120.6584826,27.8287162],[120.6591297,27.8288757],[120.6610258,27.829141]]}},{"type":"Feature","id":"way/1557235065","properties":{"construction":"motorway","highway":"construction","name":"瑞湖高速","osm_type":"way","osm_id":1557235065,"kind":"road","source_url":"https://www.openstreetmap.org/way/1557235065","osmId":"way/1557235065","source":"OpenStreetMap"},"geometry":{"type":"LineString","coordinates":[[120.7331586,27.7600862],[120.725863,27.767178],[120.7232237,27.7696462],[120.7198119,27.7721714],[120.7165503,27.7742598],[120.6890094,27.7944491],[120.6871211,27.796091],[120.6853831,27.7978468],[120.684219,27.7995266],[120.682776,27.8010878],[120.6810808,27.8023358],[120.679155,27.8031567],[120.6763387,27.8037593],[120.6738066,27.8039159],[120.6701374,27.8039302],[120.6681526,27.8040535],[120.6656635,27.8044806],[120.662874,27.8050405],[120.6598592,27.8054106],[120.6554818,27.8057143],[120.6528747,27.8057618],[120.6503856,27.8055435],[120.6484491,27.8051212],[120.6468505,27.8045375],[120.6437337,27.803636],[120.6415129,27.8031899],[120.6398069,27.8029812],[120.6379348,27.8029764],[120.6364971,27.8030855],[120.6350219,27.8034035],[120.6336379,27.8038353],[120.6321573,27.8043857],[120.630666,27.8049171],[120.6280911,27.8054723],[120.601151,27.8091971],[120.5991447,27.8093964],[120.5971813,27.8094533],[120.5950677,27.809273],[120.5871391,27.8081437],[120.5859911,27.8080583],[120.584811,27.8080773],[120.5834216,27.8082908],[120.5786204,27.8093774],[120.5773008,27.8095767],[120.5761528,27.8096811],[120.5746722,27.8097143],[120.568648,27.8095577],[120.5665344,27.8096241],[120.5644959,27.8098803],[120.5627096,27.8102789],[120.5611539,27.8108008],[120.5597377,27.8114841],[120.5580425,27.812471],[120.5566585,27.8134721],[120.5554864,27.8145634],[120.5545449,27.815574],[120.5534184,27.8172251],[120.552662,27.81862],[120.5519807,27.8199864],[120.5513638,27.820959],[120.5507201,27.8217702],[120.5499637,27.8225198],[120.5491429,27.8231983],[120.5424321,27.8278523],[120.541445,27.8284832],[120.5403882,27.8290288],[120.5373037,27.8302622],[120.5355817,27.8311256],[120.5338329,27.8323163],[120.5305391,27.8350108],[120.5295253,27.8357556],[120.5284202,27.8364624],[120.5272615,27.8370126],[120.5260384,27.8374917],[120.5247617,27.8379139],[120.5233186,27.8382602],[120.5218703,27.8384262],[120.5205238,27.8384689],[120.5191773,27.8383551],[120.5180722,27.838208],[120.5081159,27.836211],[120.5067962,27.8359216],[120.5054337,27.8355706],[120.5041999,27.8351009],[120.5029607,27.8345602],[120.5009168,27.8334216],[120.4990446,27.8326057],[120.4973441,27.8320744],[120.4955739,27.8317423],[120.4940289,27.8316142],[120.4923928,27.8316237],[120.4907942,27.831766],[120.4892546,27.832027],[120.4524708,27.8395505],[120.4503196,27.8401292],[120.4480451,27.8408834],[120.4291141,27.8492363],[120.4257238,27.8510577],[120.4232025,27.8527557],[120.420692,27.8543682],[120.4191201,27.8551983],[120.4144531,27.857508],[120.4127419,27.8581625],[120.4109716,27.8586842],[120.4100168,27.8590257],[120.4090941,27.8594904],[120.4083002,27.8599932],[120.4077208,27.860548],[120.4054087,27.8632371],[120.4041535,27.8644701],[120.4029625,27.8658786]]}},{"type":"Feature","id":"relation/11889461","properties":{"natural":"water","type":"multipolygon","osm_type":"relation","osm_id":11889461,"kind":"water","source_url":"https://www.openstreetmap.org/relation/11889461","osmId":"relation/11889461","source":"OpenStreetMap","name":""},"geometry":{"type":"Polygon","coordinates":[[[120.597703,27.7958203],[120.5982033,27.801723],[120.6040846,27.8004258],[120.6065414,27.7996067],[120.6077725,27.7988733],[120.6097138,27.7972306],[120.6105488,27.7962145],[120.6104732,27.7960039],[120.6107833,27.79505],[120.6117077,27.7945827],[120.6125533,27.7938],[120.6128943,27.7935344],[120.6131334,27.7932901],[120.6135059,27.7930508],[120.6139404,27.7927167],[120.6146168,27.7921235],[120.6152133,27.7915299],[120.6157798,27.7908669],[120.6174851,27.7886319],[120.6180688,27.7876558],[120.6186526,27.7865196],[120.6190705,27.785216],[120.6191621,27.7848146],[120.619324,27.7844512],[120.619795,27.7829489],[120.6200008,27.7824331],[120.6202934,27.7819664],[120.6214068,27.7806632],[120.6230033,27.7782901],[120.6237519,27.7772879],[120.6253282,27.7753526],[120.6253455,27.7751734],[120.6254102,27.7750439],[120.6255826,27.7748883],[120.6257317,27.7748648],[120.6294032,27.7701701],[120.6325298,27.7632993],[120.6348057,27.7587087],[120.6363056,27.7563683],[120.6367933,27.75589],[120.6381333,27.75412],[120.6399033,27.75235],[120.6419303,27.7501307],[120.6473886,27.745483],[120.6475056,27.7454719],[120.6476548,27.745551],[120.6495328,27.7475562],[120.6495751,27.7477653],[120.6495717,27.7478862],[120.6495189,27.748007],[120.6498261,27.748352],[120.6500413,27.7485954],[120.650121,27.7487843],[120.6501665,27.7490617],[120.6501729,27.7493578],[120.6512172,27.7505226],[120.6520383,27.751353],[120.6522616,27.7515139],[120.652506,27.7515931],[120.6526889,27.7518394],[120.6528506,27.7518278],[120.6529937,27.7516923],[120.6527795,27.7514312],[120.6528882,27.7512479],[120.652754,27.7509654],[120.652523,27.7506731],[120.6517995,27.7494934],[120.6517601,27.7494017],[120.6517451,27.7492484],[120.6518422,27.749095],[120.6522117,27.7487644],[120.6523681,27.7484463],[120.6523471,27.7480952],[120.651615,27.7469457],[120.6508607,27.7456134],[120.6503797,27.7455702],[120.6490916,27.7464359],[120.6489303,27.746369],[120.6485825,27.7460416],[120.6481418,27.7452472],[120.6480824,27.7451538],[120.6480848,27.7450549],[120.6481409,27.7449465],[120.6508556,27.7430401],[120.6518234,27.7425199],[120.6519732,27.74201],[120.6600233,27.7372601],[120.6601832,27.73675],[120.6626533,27.73602],[120.6626633,27.7354999],[120.6641133,27.7352701],[120.6641233,27.7345099],[120.6680399,27.7324124],[120.6695617,27.7315843],[120.6720233,27.7302601],[120.6737833,27.7291301],[120.6752533,27.7281301],[120.6764232,27.7272501],[120.6780333,27.7265099],[120.6781834,27.72599],[120.6802333,27.72474],[120.6825833,27.72298],[120.6841932,27.7222401],[120.6843433,27.7217199],[120.6885833,27.71897],[120.6887434,27.7184601],[120.6919732,27.71644],[120.6919832,27.7159399],[120.6977033,27.71166],[120.6987334,27.7110301],[120.7012617,27.7101077],[120.702002,27.7100033],[120.702635,27.7099463],[120.70315,27.7098608],[120.7031876,27.7098085],[120.7031769,27.7097326],[120.69244,27.7029368],[120.6840121,27.6976022],[120.68195,27.6998199],[120.6708532,27.71044],[120.6698234,27.71145],[120.6638893,27.7169588],[120.6598478,27.7205446],[120.6587505,27.7217567],[120.6585443,27.7218881],[120.6582371,27.7219371],[120.6577353,27.7218769],[120.6572945,27.7217292],[120.6571389,27.7215988],[120.6571037,27.7214581],[120.6570138,27.7213348],[120.6565273,27.7210641],[120.6559969,27.7207151],[120.6559288,27.720562],[120.6559335,27.7204527],[120.6559823,27.7203722],[120.6557437,27.7202366],[120.6556238,27.7204432],[120.6555444,27.7204435],[120.655447,27.7204009],[120.6550156,27.7199553],[120.6548833,27.7198733],[120.6548016,27.719812],[120.6547426,27.7196807],[120.6546675,27.7196025],[120.6546038,27.7195613],[120.6545025,27.71953],[120.6540903,27.7195144],[120.6538601,27.7195195],[120.653157,27.7196868],[120.6527455,27.7198974],[120.6527504,27.7199718],[120.6525581,27.7200167],[120.6524023,27.720028],[120.6518518,27.7200141],[120.6512121,27.7198779],[120.6511887,27.7199239],[120.6511489,27.7199453],[120.651107,27.7199524],[120.6509086,27.7199406],[120.6508705,27.7201237],[120.6510543,27.7201766],[120.6510949,27.7202162],[120.6511154,27.7202707],[120.651105,27.7203465],[120.6528717,27.7204743],[120.6538962,27.7202106],[120.6540381,27.720257],[120.6544245,27.7204943],[120.6546649,27.7205581],[120.655043,27.720595],[120.6552341,27.7206523],[120.6554766,27.7208914],[120.6558732,27.7211926],[120.6566442,27.7217553],[120.6580456,27.7226756],[120.6577641,27.7229697],[120.6580458,27.7231138],[120.6580549,27.7231916],[120.6579422,27.7234071],[120.6579484,27.7234624],[120.6575085,27.7238588],[120.6574128,27.7238379],[120.6570096,27.7235929],[120.6567082,27.723716],[120.6565885,27.7236508],[120.6559855,27.7241525],[120.6551581,27.7246425],[120.6545428,27.7251377],[120.6530451,27.7262249],[120.6519885,27.7271161],[120.6488089,27.729646],[120.6466356,27.7317213],[120.6419072,27.736239],[120.6398887,27.7380637],[120.6387481,27.739208],[120.6383334,27.7392045],[120.6370804,27.7383274],[120.6361563,27.7376144],[120.6352354,27.7373167],[120.6350931,27.7373353],[120.6350662,27.7374485],[120.6349741,27.7378352],[120.6378869,27.7398478],[120.6339144,27.7442329],[120.6299642,27.7486969],[120.62823,27.7510693],[120.6256761,27.7547472],[120.6242171,27.7571681],[120.6234018,27.7587231],[120.6224816,27.7603234],[120.6214155,27.761895],[120.6208337,27.7624557],[120.620461,27.7622743],[120.620616,27.7626187],[120.6194446,27.7649944],[120.6179653,27.7683443],[120.6154348,27.7685635],[120.6153261,27.7687487],[120.6153255,27.7689937],[120.6173119,27.7689454],[120.617805,27.7692881],[120.6167817,27.7724658],[120.616105,27.7736927],[120.6139457,27.7770606],[120.6119934,27.7805582],[120.6105582,27.7836952],[120.6091654,27.7870173],[120.6083025,27.7887357],[120.6073227,27.7901804],[120.6061922,27.7915258],[120.6047559,27.7928118],[120.6032508,27.793778],[120.600754,27.7948619],[120.597703,27.7958203]]]}}]}